communes,annee,mois,num_mois,Haut,N/J
BEMBEREKE,2012,Janvier,1,0.0,0.0
BEMBEREKE,2012,Février,2,45.9,1.0
BEMBEREKE,2012,Mars,3,0.0,0.0
BEMBEREKE,2012,Avril,4,73.7,3.0
BEMBEREKE,2012,Mai,5,107.98,5.0
BEMBEREKE,2012,Juin,6,133.25,7.0
BEMBEREKE,2012,Juillet,7,316.77,14.0
BEMBEREKE,2012,Août,8,136.18,12.0
BEMBEREKE,2012,Septembre,9,337.24,16.0
BEMBEREKE,2012,Octobre,10,88.97,8.0
BEMBEREKE,2012,Novembre,11,0.0,0.0
BEMBEREKE,2012,Décembre,12,0.0,0.0
KALALE,2012,Janvier,1,0.0,0.0
KALALE,2012,Février,2,0.0,0.0
KALALE,2012,Mars,3,0.0,0.0
KALALE,2012,Avril,4,9.0,1.0
KALALE,2012,Mai,5,119.6,6.0
KALALE,2012,Juin,6,188.6,7.0
KALALE,2012,Juillet,7,203.36,12.0
KALALE,2012,Août,8,267.5,10.0
KALALE,2012,Septembre,9,329.8,13.0
KALALE,2012,Octobre,10,64.0,3.0
KALALE,2012,Novembre,11,0.0,0.0
KALALE,2012,Décembre,12,0.0,0.0
N'DALI,2012,Janvier,1,0.0,0.0
N'DALI,2012,Février,2,75.1,1.0
N'DALI,2012,Mars,3,0.0,0.0
N'DALI,2012,Avril,4,71.0,5.0
N'DALI,2012,Mai,5,165.0,10.0
N'DALI,2012,Juin,6,143.5,9.0
N'DALI,2012,Juillet,7,364.65,14.0
N'DALI,2012,Août,8,202.5,11.0
N'DALI,2012,Septembre,9,444.75,14.0
N'DALI,2012,Octobre,10,101.5,4.0
N'DALI,2012,Novembre,11,0.0,0.0
N'DALI,2012,Décembre,12,0.0,0.0
NIKKI,2012,Janvier,1,0.0,0.0
NIKKI,2012,Février,2,11.33,1.0
NIKKI,2012,Mars,3,0.0,0.0
NIKKI,2012,Avril,4,76.66,4.0
NIKKI,2012,Mai,5,199.33,9.0
NIKKI,2012,Juin,6,74.66,4.0
NIKKI,2012,Juillet,7,231.92,12.0
NIKKI,2012,Août,8,147.58,12.0
NIKKI,2012,Septembre,9,367.17,17.0
NIKKI,2012,Octobre,10,120.33,7.0
NIKKI,2012,Novembre,11,0.0,0.0
NIKKI,2012,Décembre,12,0.0,0.0
PARAKOU,2012,Janvier,1,0.0,0.0
PARAKOU,2012,Février,2,8.92,2.0
PARAKOU,2012,Mars,3,54.67,2.0
PARAKOU,2012,Avril,4,140.6,7.0
PARAKOU,2012,Mai,5,152.0,6.0
PARAKOU,2012,Juin,6,165.75,10.0
PARAKOU,2012,Juillet,7,223.03,12.0
PARAKOU,2012,Août,8,160.3,8.0
PARAKOU,2012,Septembre,9,243.95,12.0
PARAKOU,2012,Octobre,10,134.83,10.0
PARAKOU,2012,Novembre,11,0.0,0.0
PARAKOU,2012,Décembre,12,0.0,0.0
PERERE,2012,Janvier,1,0.0,0.0
PERERE,2012,Février,2,10.0,1.0
PERERE,2012,Mars,3,17.9,2.0
PERERE,2012,Avril,4,75.4,4.0
PERERE,2012,Mai,5,173.0,7.0
PERERE,2012,Juin,6,155.05,11.0
PERERE,2012,Juillet,7,145.3,8.0
PERERE,2012,Août,8,120.65,8.0
PERERE,2012,Septembre,9,281.2,14.0
PERERE,2012,Octobre,10,141.1,9.0
PERERE,2012,Novembre,11,0.0,0.0
PERERE,2012,Décembre,12,0.0,0.0
SINENDE,2012,Janvier,1,0.0,0.0
SINENDE,2012,Février,2,16.8,1.0
SINENDE,2012,Mars,3,0.0,0.0
SINENDE,2012,Avril,4,55.65,3.0
SINENDE,2012,Mai,5,188.13,11.0
SINENDE,2012,Juin,6,196.19,10.0
SINENDE,2012,Juillet,7,331.87,12.0
SINENDE,2012,Août,8,191.6,11.0
SINENDE,2012,Septembre,9,257.42,11.0
SINENDE,2012,Octobre,10,113.97,8.0
SINENDE,2012,Novembre,11,8.1,1.0
SINENDE,2012,Décembre,12,0.0,0.0
TCHAOUROU,2012,Janvier,1,0.0,0.0
TCHAOUROU,2012,Février,2,42.58,2.0
TCHAOUROU,2012,Mars,3,0.0,0.0
TCHAOUROU,2012,Avril,4,151.96,5.0
TCHAOUROU,2012,Mai,5,94.11,5.0
TCHAOUROU,2012,Juin,6,212.71,10.0
TCHAOUROU,2012,Juillet,7,289.01,12.0
TCHAOUROU,2012,Août,8,218.82,11.0
TCHAOUROU,2012,Septembre,9,244.76,11.0
TCHAOUROU,2012,Octobre,10,171.25,12.0
TCHAOUROU,2012,Novembre,11,0.0,0.0
TCHAOUROU,2012,Décembre,12,0.0,0.0
DEPART. BORGOU,2012,Janvier,1,0.0,0.0
DEPART. BORGOU,2012,Février,2,26.33,1.0
DEPART. BORGOU,2012,Mars,3,10.37,1.0
DEPART. BORGOU,2012,Avril,4,81.75,4.0
DEPART. BORGOU,2012,Mai,5,149.89,7.0
DEPART. BORGOU,2012,Juin,6,158.71,9.0
DEPART. BORGOU,2012,Juillet,7,263.24,12.0
DEPART. BORGOU,2012,Août,8,180.64,10.0
DEPART. BORGOU,2012,Septembre,9,313.28,14.0
DEPART. BORGOU,2012,Octobre,10,116.99,8.0
DEPART. BORGOU,2012,Novembre,11,1.01,1.0
DEPART. BORGOU,2012,Décembre,12,0.0,0.0
BANIKOARA,2012,Janvier,1,0.0,0.0
BANIKOARA,2012,Février,2,13.0,1.0
BANIKOARA,2012,Mars,3,0.0,0.0
BANIKOARA,2012,Avril,4,51.2,4.0
BANIKOARA,2012,Mai,5,64.62,12.0
BANIKOARA,2012,Juin,6,158.18,8.0
BANIKOARA,2012,Juillet,7,324.96,15.0
BANIKOARA,2012,Août,8,172.79,10.0
BANIKOARA,2012,Septembre,9,228.75,10.0
BANIKOARA,2012,Octobre,10,65.36,5.0
BANIKOARA,2012,Novembre,11,0.0,0.0
BANIKOARA,2012,Décembre,12,0.0,0.0
GOGOUNOU,2012,Janvier,1,0.0,0.0
GOGOUNOU,2012,Février,2,16.25,1.0
GOGOUNOU,2012,Mars,3,0.0,0.0
GOGOUNOU,2012,Avril,4,28.08,4.0
GOGOUNOU,2012,Mai,5,250.23,10.0
GOGOUNOU,2012,Juin,6,213.8,9.0
GOGOUNOU,2012,Juillet,7,152.08,12.0
GOGOUNOU,2012,Août,8,230.23,9.0
GOGOUNOU,2012,Septembre,9,242.18,15.0
GOGOUNOU,2012,Octobre,10,44.78,6.0
GOGOUNOU,2012,Novembre,11,6.35,2.0
GOGOUNOU,2012,Décembre,12,0.0,0.0
KANDI,2012,Janvier,1,0.0,0.0
KANDI,2012,Février,2,20.0,1.0
KANDI,2012,Mars,3,0.0,0.0
KANDI,2012,Avril,4,14.33,2.0
KANDI,2012,Mai,5,146.4,7.0
KANDI,2012,Juin,6,167.3,5.0
KANDI,2012,Juillet,7,233.89,9.0
KANDI,2012,Août,8,260.0,9.0
KANDI,2012,Septembre,9,263.67,11.0
KANDI,2012,Octobre,10,15.0,4.0
KANDI,2012,Novembre,11,0.0,0.0
KANDI,2012,Décembre,12,0.0,0.0
KARIMAMA,2012,Janvier,1,0.0,0.0
KARIMAMA,2012,Février,2,47.5,1.0
KARIMAMA,2012,Mars,3,0.0,0.0
KARIMAMA,2012,Avril,4,0.0,0.0
KARIMAMA,2012,Mai,5,54.0,4.0
KARIMAMA,2012,Juin,6,107.08,8.0
KARIMAMA,2012,Juillet,7,220.0,8.0
KARIMAMA,2012,Août,8,152.0,9.0
KARIMAMA,2012,Septembre,9,154.5,9.0
KARIMAMA,2012,Octobre,10,48.0,2.0
KARIMAMA,2012,Novembre,11,0.0,0.0
KARIMAMA,2012,Décembre,12,0.0,0.0
MALANVILLE,2012,Janvier,1,0.0,0.0
MALANVILLE,2012,Février,2,0.0,0.0
MALANVILLE,2012,Mars,3,16.0,1.0
MALANVILLE,2012,Avril,4,0.0,0.0
MALANVILLE,2012,Mai,5,89.8,7.0
MALANVILLE,2012,Juin,6,146.5,7.0
MALANVILLE,2012,Juillet,7,221.89,11.0
MALANVILLE,2012,Août,8,163.75,8.0
MALANVILLE,2012,Septembre,9,264.25,11.0
MALANVILLE,2012,Octobre,10,0.0,0.0
MALANVILLE,2012,Novembre,11,0.0,0.0
MALANVILLE,2012,Décembre,12,0.0,0.0
SEGBANA,2012,Janvier,1,0.0,0.0
SEGBANA,2012,Février,2,0.0,0.0
SEGBANA,2012,Mars,3,0.0,0.0
SEGBANA,2012,Avril,4,31.8,3.0
SEGBANA,2012,Mai,5,128.94,6.0
SEGBANA,2012,Juin,6,253.35,9.0
SEGBANA,2012,Juillet,7,254.3,14.0
SEGBANA,2012,Août,8,270.72,11.0
SEGBANA,2012,Septembre,9,204.95,13.0
SEGBANA,2012,Octobre,10,15.2,3.0
SEGBANA,2012,Novembre,11,0.0,0.0
SEGBANA,2012,Décembre,12,0.0,0.0
DEPART. ALIBORI,2012,Janvier,1,0.0,0.0
DEPART. ALIBORI,2012,Février,2,16.13,1.0
DEPART. ALIBORI,2012,Mars,3,2.67,0.0
DEPART. ALIBORI,2012,Avril,4,20.9,2.0
DEPART. ALIBORI,2012,Mai,5,122.33,8.0
DEPART. ALIBORI,2012,Juin,6,174.37,8.0
DEPART. ALIBORI,2012,Juillet,7,234.52,12.0
DEPART. ALIBORI,2012,Août,8,208.25,9.0
DEPART. ALIBORI,2012,Septembre,9,226.38,12.0
DEPART. ALIBORI,2012,Octobre,10,31.39,3.0
DEPART. ALIBORI,2012,Novembre,11,1.06,0.0
DEPART. ALIBORI,2012,Décembre,12,0.0,0.0
BOUKOUMBE,2012,Janvier,1,0.0,0.0
BOUKOUMBE,2012,Février,2,30.15,2.0
BOUKOUMBE,2012,Mars,3,0.0,0.0
BOUKOUMBE,2012,Avril,4,6.6,1.0
BOUKOUMBE,2012,Mai,5,174.28,9.0
BOUKOUMBE,2012,Juin,6,155.87,9.0
BOUKOUMBE,2012,Juillet,7,443.8,13.0
BOUKOUMBE,2012,Août,8,241.65,14.0
BOUKOUMBE,2012,Septembre,9,272.15,17.0
BOUKOUMBE,2012,Octobre,10,206.0,16.0
BOUKOUMBE,2012,Novembre,11,0.0,0.0
BOUKOUMBE,2012,Décembre,12,0.0,0.0
COBLY,2012,Janvier,1,0.0,0.0
COBLY,2012,Février,2,0.0,0.0
COBLY,2012,Mars,3,0.0,0.0
COBLY,2012,Avril,4,56.4,3.0
COBLY,2012,Mai,5,206.53,10.0
COBLY,2012,Juin,6,180.8,9.0
COBLY,2012,Juillet,7,253.93,11.0
COBLY,2012,Août,8,82.83,9.0
COBLY,2012,Septembre,9,294.05,15.0
COBLY,2012,Octobre,10,183.87,9.0
COBLY,2012,Novembre,11,0.0,0.0
COBLY,2012,Décembre,12,0.0,0.0
KEROU,2012,Janvier,1,0.0,0.0
KEROU,2012,Février,2,25.93,3.0
KEROU,2012,Mars,3,0.0,0.0
KEROU,2012,Avril,4,13.2,2.0
KEROU,2012,Mai,5,157.73,11.0
KEROU,2012,Juin,6,125.98,7.0
KEROU,2012,Juillet,7,285.83,17.0
KEROU,2012,Août,8,225.73,10.0
KEROU,2012,Septembre,9,236.6,12.0
KEROU,2012,Octobre,10,148.43,10.0
KEROU,2012,Novembre,11,0.0,0.0
KEROU,2012,Décembre,12,0.0,0.0
KOUANDE,2012,Janvier,1,0.0,0.0
KOUANDE,2012,Février,2,31.3,2.0
KOUANDE,2012,Mars,3,0.0,0.0
KOUANDE,2012,Avril,4,20.8,3.0
KOUANDE,2012,Mai,5,130.09,8.0
KOUANDE,2012,Juin,6,121.86,9.0
KOUANDE,2012,Juillet,7,223.6,17.0
KOUANDE,2012,Août,8,144.84,8.0
KOUANDE,2012,Septembre,9,142.92,9.0
KOUANDE,2012,Octobre,10,138.22,8.0
KOUANDE,2012,Novembre,11,0.0,0.0
KOUANDE,2012,Décembre,12,0.0,0.0
MATERI,2012,Janvier,1,0.0,0.0
MATERI,2012,Février,2,0.0,0.0
MATERI,2012,Mars,3,27.5,1.0
MATERI,2012,Avril,4,98.4,5.0
MATERI,2012,Mai,5,172.0,9.0
MATERI,2012,Juin,6,113.7,7.0
MATERI,2012,Juillet,7,217.2,10.0
MATERI,2012,Août,8,158.6,8.0
MATERI,2012,Septembre,9,106.3,9.0
MATERI,2012,Octobre,10,231.6,10.0
MATERI,2012,Novembre,11,0.0,0.0
MATERI,2012,Décembre,12,0.0,0.0
NATITINGOU,2012,Janvier,1,88.8,4.0
NATITINGOU,2012,Février,2,40.8,2.0
NATITINGOU,2012,Mars,3,0.0,0.0
NATITINGOU,2012,Avril,4,142.53,8.0
NATITINGOU,2012,Mai,5,197.23,13.0
NATITINGOU,2012,Juin,6,229.9,9.0
NATITINGOU,2012,Juillet,7,193.7,13.0
NATITINGOU,2012,Août,8,154.7,11.0
NATITINGOU,2012,Septembre,9,87.8,4.0
NATITINGOU,2012,Octobre,10,254.43,14.0
NATITINGOU,2012,Novembre,11,26.8,3.0
NATITINGOU,2012,Décembre,12,0.0,0.0
PEHUNCO,2012,Janvier,1,0.0,0.0
PEHUNCO,2012,Février,2,100.56,3.0
PEHUNCO,2012,Mars,3,0.0,0.0
PEHUNCO,2012,Avril,4,55.48,4.0
PEHUNCO,2012,Mai,5,223.07,10.0
PEHUNCO,2012,Juin,6,188.28,11.0
PEHUNCO,2012,Juillet,7,272.32,14.0
PEHUNCO,2012,Août,8,184.81,10.0
PEHUNCO,2012,Septembre,9,171.0,10.0
PEHUNCO,2012,Octobre,10,25.9,2.0
PEHUNCO,2012,Novembre,11,0.0,0.0
PEHUNCO,2012,Décembre,12,0.0,0.0
TANGUIETA,2012,Janvier,1,0.0,0.0
TANGUIETA,2012,Février,2,0.0,0.0
TANGUIETA,2012,Mars,3,0.0,0.0
TANGUIETA,2012,Avril,4,245.45,5.0
TANGUIETA,2012,Mai,5,388.23,9.0
TANGUIETA,2012,Juin,6,57.9,7.0
TANGUIETA,2012,Juillet,7,101.73,10.0
TANGUIETA,2012,Août,8,151.1,7.0
TANGUIETA,2012,Septembre,9,144.8,9.0
TANGUIETA,2012,Octobre,10,44.07,5.0
TANGUIETA,2012,Novembre,11,0.0,0.0
TANGUIETA,2012,Décembre,12,0.0,0.0
TOUCOUNTOUNA,2012,Janvier,1,0.0,0.0
TOUCOUNTOUNA,2012,Février,2,25.1,2.0
TOUCOUNTOUNA,2012,Mars,3,56.3,3.0
TOUCOUNTOUNA,2012,Avril,4,85.2,8.0
TOUCOUNTOUNA,2012,Mai,5,127.61,11.0
TOUCOUNTOUNA,2012,Juin,6,140.2,11.0
TOUCOUNTOUNA,2012,Juillet,7,181.85,14.0
TOUCOUNTOUNA,2012,Août,8,150.43,10.0
TOUCOUNTOUNA,2012,Septembre,9,114.6,9.0
TOUCOUNTOUNA,2012,Octobre,10,117.28,8.0
TOUCOUNTOUNA,2012,Novembre,11,6.38,2.0
TOUCOUNTOUNA,2012,Décembre,12,0.0,0.0
DEPART. ATACORA,2012,Janvier,1,9.87,0.0
DEPART. ATACORA,2012,Février,2,28.2,2.0
DEPART. ATACORA,2012,Mars,3,9.31,0.0
DEPART. ATACORA,2012,Avril,4,80.45,4.0
DEPART. ATACORA,2012,Mai,5,197.42,10.0
DEPART. ATACORA,2012,Juin,6,146.05,9.0
DEPART. ATACORA,2012,Juillet,7,241.55,13.0
DEPART. ATACORA,2012,Août,8,166.08,10.0
DEPART. ATACORA,2012,Septembre,9,174.47,10.0
DEPART. ATACORA,2012,Octobre,10,149.98,9.0
DEPART. ATACORA,2012,Novembre,11,3.69,1.0
DEPART. ATACORA,2012,Décembre,12,0.0,0.0
BASSILA,2012,Janvier,1,0.0,0.0
BASSILA,2012,Février,2,120.7,2.0
BASSILA,2012,Mars,3,15.5,1.0
BASSILA,2012,Avril,4,71.3,5.0
BASSILA,2012,Mai,5,176.64,9.0
BASSILA,2012,Juin,6,171.83,11.0
BASSILA,2012,Juillet,7,425.17,16.0
BASSILA,2012,Août,8,304.81,11.0
BASSILA,2012,Septembre,9,332.61,16.0
BASSILA,2012,Octobre,10,119.35,10.0
BASSILA,2012,Novembre,11,2.59,1.0
BASSILA,2012,Décembre,12,0.0,0.0
COPARGO,2012,Janvier,1,0.0,0.0
COPARGO,2012,Février,2,51.77,3.0
COPARGO,2012,Mars,3,7.33,1.0
COPARGO,2012,Avril,4,80.45,7.0
COPARGO,2012,Mai,5,162.87,13.0
COPARGO,2012,Juin,6,176.1,12.0
COPARGO,2012,Juillet,7,329.07,17.0
COPARGO,2012,Août,8,724.03,16.0
COPARGO,2012,Septembre,9,219.87,21.0
COPARGO,2012,Octobre,10,26.83,3.0
COPARGO,2012,Novembre,11,6.2,1.0
COPARGO,2012,Décembre,12,0.0,0.0
DJOUGOU,2012,Janvier,1,0.0,0.0
DJOUGOU,2012,Février,2,63.29,4.0
DJOUGOU,2012,Mars,3,0.57,1.0
DJOUGOU,2012,Avril,4,70.11,5.0
DJOUGOU,2012,Mai,5,185.1,12.0
DJOUGOU,2012,Juin,6,192.31,11.0
DJOUGOU,2012,Juillet,7,309.53,13.0
DJOUGOU,2012,Août,8,228.7,13.0
DJOUGOU,2012,Septembre,9,157.83,9.0
DJOUGOU,2012,Octobre,10,137.72,10.0
DJOUGOU,2012,Novembre,11,5.9,1.0
DJOUGOU,2012,Décembre,12,0.0,0.0
OUAKE,2012,Janvier,1,0.0,0.0
OUAKE,2012,Février,2,45.5,2.0
OUAKE,2012,Mars,3,47.7,1.0
OUAKE,2012,Avril,4,41.3,4.0
OUAKE,2012,Mai,5,156.4,9.0
OUAKE,2012,Juin,6,212.15,12.0
OUAKE,2012,Juillet,7,289.0,14.0
OUAKE,2012,Août,8,141.5,8.0
OUAKE,2012,Septembre,9,241.0,15.0
OUAKE,2012,Octobre,10,91.0,7.0
OUAKE,2012,Novembre,11,0.0,0.0
OUAKE,2012,Décembre,12,0.0,0.0
DEPART. DONGA,2012,Janvier,1,0.0,0.0
DEPART. DONGA,2012,Février,2,70.31,3.0
DEPART. DONGA,2012,Mars,3,17.78,1.0
DEPART. DONGA,2012,Avril,4,65.79,5.0
DEPART. DONGA,2012,Mai,5,170.25,11.0
DEPART. DONGA,2012,Juin,6,188.1,12.0
DEPART. DONGA,2012,Juillet,7,338.19,15.0
DEPART. DONGA,2012,Août,8,349.76,12.0
DEPART. DONGA,2012,Septembre,9,237.83,15.0
DEPART. DONGA,2012,Octobre,10,93.73,7.0
DEPART. DONGA,2012,Novembre,11,3.67,1.0
DEPART. DONGA,2012,Décembre,12,0.0,0.0
ABOMEY,2012,Janvier,1,0.0,0.0
ABOMEY,2012,Février,2,18.83,2.0
ABOMEY,2012,Mars,3,0.0,0.0
ABOMEY,2012,Avril,4,143.3,7.0
ABOMEY,2012,Mai,5,171.85,12.0
ABOMEY,2012,Juin,6,158.45,8.0
ABOMEY,2012,Juillet,7,298.4,13.0
ABOMEY,2012,Août,8,30.0,2.0
ABOMEY,2012,Septembre,9,76.77,8.0
ABOMEY,2012,Octobre,10,84.5,8.0
ABOMEY,2012,Novembre,11,15.0,2.0
ABOMEY,2012,Décembre,12,0.0,0.0
AGBANGNIZOUN,2012,Janvier,1,0.0,0.0
AGBANGNIZOUN,2012,Février,2,31.5,3.0
AGBANGNIZOUN,2012,Mars,3,60.5,4.0
AGBANGNIZOUN,2012,Avril,4,203.0,10.0
AGBANGNIZOUN,2012,Mai,5,151.25,11.0
AGBANGNIZOUN,2012,Juin,6,215.75,12.0
AGBANGNIZOUN,2012,Juillet,7,133.0,6.0
AGBANGNIZOUN,2012,Août,8,101.0,4.0
AGBANGNIZOUN,2012,Septembre,9,259.25,14.0
AGBANGNIZOUN,2012,Octobre,10,147.5,9.0
AGBANGNIZOUN,2012,Novembre,11,22.25,1.0
AGBANGNIZOUN,2012,Décembre,12,0.0,0.0
BOHICON,2012,Janvier,1,0.0,0.0
BOHICON,2012,Février,2,34.95,3.0
BOHICON,2012,Mars,3,38.5,3.0
BOHICON,2012,Avril,4,178.5,6.0
BOHICON,2012,Mai,5,274.5,13.0
BOHICON,2012,Juin,6,333.0,12.0
BOHICON,2012,Juillet,7,235.4,11.0
BOHICON,2012,Août,8,45.0,3.0
BOHICON,2012,Septembre,9,143.6,10.0
BOHICON,2012,Octobre,10,176.0,8.0
BOHICON,2012,Novembre,11,0.0,0.0
BOHICON,2012,Décembre,12,0.0,0.0
COVE,2012,Janvier,1,0.0,0.0
COVE,2012,Février,2,19.0,1.0
COVE,2012,Mars,3,67.5,6.0
COVE,2012,Avril,4,137.75,8.0
COVE,2012,Mai,5,121.5,6.5
COVE,2012,Juin,6,269.75,10.0
COVE,2012,Juillet,7,96.73,6.3
COVE,2012,Août,8,115.75,8.0
COVE,2012,Septembre,9,230.89,6.0
COVE,2012,Octobre,10,156.3,7.0
COVE,2012,Novembre,11,0.0,0.0
COVE,2012,Décembre,12,0.0,0.0
DJIDJA,2012,Janvier,1,10.3,1.0
DJIDJA,2012,Février,2,43.03,1.67
DJIDJA,2012,Mars,3,0.0,0.0
DJIDJA,2012,Avril,4,136.35,5.0
DJIDJA,2012,Mai,5,120.25,6.5
DJIDJA,2012,Juin,6,235.3,9.0
DJIDJA,2012,Juillet,7,171.65,9.0
DJIDJA,2012,Août,8,49.0,5.0
DJIDJA,2012,Septembre,9,144.0,7.0
DJIDJA,2012,Octobre,10,147.0,9.0
DJIDJA,2012,Novembre,11,0.0,0.0
DJIDJA,2012,Décembre,12,0.0,0.0
OUINHI,2012,Janvier,1,0.0,0.0
OUINHI,2012,Février,2,28.9,2.0
OUINHI,2012,Mars,3,59.7,3.0
OUINHI,2012,Avril,4,197.2,6.0
OUINHI,2012,Mai,5,201.1,7.0
OUINHI,2012,Juin,6,430.15,11.0
OUINHI,2012,Juillet,7,63.0,3.2
OUINHI,2012,Août,8,160.25,4.0
OUINHI,2012,Septembre,9,162.17,5.0
OUINHI,2012,Octobre,10,193.2,9.0
OUINHI,2012,Novembre,11,0.0,0.0
OUINHI,2012,Décembre,12,0.0,0.0
ZAGNANADO,2012,Janvier,1,0.0,0.0
ZAGNANADO,2012,Février,2,42.0,2.0
ZAGNANADO,2012,Mars,3,70.0,4.0
ZAGNANADO,2012,Avril,4,220.0,6.0
ZAGNANADO,2012,Mai,5,93.5,8.0
ZAGNANADO,2012,Juin,6,121.5,8.0
ZAGNANADO,2012,Juillet,7,209.0,6.0
ZAGNANADO,2012,Août,8,90.0,5.0
ZAGNANADO,2012,Septembre,9,283.0,8.0
ZAGNANADO,2012,Octobre,10,164.0,9.0
ZAGNANADO,2012,Novembre,11,16.0,1.0
ZAGNANADO,2012,Décembre,12,0.0,0.0
ZA-KPOTA,2012,Janvier,1,0.0,0.0
ZA-KPOTA,2012,Février,2,36.15,2.0
ZA-KPOTA,2012,Mars,3,79.7,4.0
ZA-KPOTA,2012,Avril,4,225.05,8.0
ZA-KPOTA,2012,Mai,5,222.55,10.0
ZA-KPOTA,2012,Juin,6,141.75,6.0
ZA-KPOTA,2012,Juillet,7,156.9,8.0
ZA-KPOTA,2012,Août,8,84.75,6.0
ZA-KPOTA,2012,Septembre,9,175.75,9.0
ZA-KPOTA,2012,Octobre,10,179.2,8.0
ZA-KPOTA,2012,Novembre,11,26.0,2.0
ZA-KPOTA,2012,Décembre,12,0.0,0.0
ZOGBODOMEY,2012,Janvier,1,0.0,0.0
ZOGBODOMEY,2012,Février,2,40.0,3.0
ZOGBODOMEY,2012,Mars,3,72.0,2.0
ZOGBODOMEY,2012,Avril,4,156.5,4.0
ZOGBODOMEY,2012,Mai,5,145.4,9.0
ZOGBODOMEY,2012,Juin,6,181.0,10.0
ZOGBODOMEY,2012,Juillet,7,70.0,6.0
ZOGBODOMEY,2012,Août,8,111.0,6.0
ZOGBODOMEY,2012,Septembre,9,178.0,8.0
ZOGBODOMEY,2012,Octobre,10,209.0,10.0
ZOGBODOMEY,2012,Novembre,11,0.0,0.0
ZOGBODOMEY,2012,Décembre,12,0.0,0.0
DEPART. ZOU,2012,Janvier,1,1.14,0.0
DEPART. ZOU,2012,Février,2,32.71,2.0
DEPART. ZOU,2012,Mars,3,49.77,3.0
DEPART. ZOU,2012,Avril,4,177.52,7.0
DEPART. ZOU,2012,Mai,5,166.88,9.0
DEPART. ZOU,2012,Juin,6,231.85,10.0
DEPART. ZOU,2012,Juillet,7,159.34,8.0
DEPART. ZOU,2012,Août,8,87.42,5.0
DEPART. ZOU,2012,Septembre,9,183.71,8.0
DEPART. ZOU,2012,Octobre,10,161.86,9.0
DEPART. ZOU,2012,Novembre,11,8.81,1.0
DEPART. ZOU,2012,Décembre,12,0.0,0.0
BANTE,2012,Janvier,1,0.0,0.0
BANTE,2012,Février,2,50.4,2.0
BANTE,2012,Mars,3,13.83,1.0
BANTE,2012,Avril,4,149.26,5.0
BANTE,2012,Mai,5,109.97,7.2
BANTE,2012,Juin,6,119.71,7.0
BANTE,2012,Juillet,7,256.25,13.0
BANTE,2012,Août,8,202.38,6.7
BANTE,2012,Septembre,9,228.72,12.0
BANTE,2012,Octobre,10,154.2,9.0
BANTE,2012,Novembre,11,3.33,1.0
BANTE,2012,Décembre,12,0.0,0.0
DASSA-ZOUME,2012,Janvier,1,0.0,0.0
DASSA-ZOUME,2012,Février,2,11.2,1.0
DASSA-ZOUME,2012,Mars,3,28.65,1.0
DASSA-ZOUME,2012,Avril,4,84.9,5.0
DASSA-ZOUME,2012,Mai,5,42.6,8.0
DASSA-ZOUME,2012,Juin,6,62.0,8.0
DASSA-ZOUME,2012,Juillet,7,76.55,8.0
DASSA-ZOUME,2012,Août,8,17.81,4.0
DASSA-ZOUME,2012,Septembre,9,66.29,6.2
DASSA-ZOUME,2012,Octobre,10,81.3,8.0
DASSA-ZOUME,2012,Novembre,11,0.0,0.0
DASSA-ZOUME,2012,Décembre,12,0.0,0.0
GLAZOUE,2012,Janvier,1,22.5,1.0
GLAZOUE,2012,Février,2,19.67,3.0
GLAZOUE,2012,Mars,3,15.0,1.0
GLAZOUE,2012,Avril,4,115.0,6.0
GLAZOUE,2012,Mai,5,118.83,6.3
GLAZOUE,2012,Juin,6,169.03,7.0
GLAZOUE,2012,Juillet,7,274.33,7.7
GLAZOUE,2012,Août,8,112.67,4.3
GLAZOUE,2012,Septembre,9,189.33,7.0
GLAZOUE,2012,Octobre,10,75.7,6.0
GLAZOUE,2012,Novembre,11,0.0,0.0
GLAZOUE,2012,Décembre,12,0.0,0.0
OUESSE,2012,Janvier,1,13.0,1.0
OUESSE,2012,Février,2,37.5,2.0
OUESSE,2012,Mars,3,19.0,1.0
OUESSE,2012,Avril,4,106.3,6.0
OUESSE,2012,Mai,5,80.5,6.0
OUESSE,2012,Juin,6,75.8,8.0
OUESSE,2012,Juillet,7,285.4,9.0
OUESSE,2012,Août,8,89.9,5.0
OUESSE,2012,Septembre,9,236.4,13.0
OUESSE,2012,Octobre,10,121.3,11.0
OUESSE,2012,Novembre,11,0.0,0.0
OUESSE,2012,Décembre,12,0.0,0.0
SAVALOU,2012,Janvier,1,25.0,1.0
SAVALOU,2012,Février,2,51.0,3.0
SAVALOU,2012,Mars,3,33.0,1.0
SAVALOU,2012,Avril,4,120.9,6.0
SAVALOU,2012,Mai,5,118.43,7.0
SAVALOU,2012,Juin,6,136.7,7.0
SAVALOU,2012,Juillet,7,224.0,9.0
SAVALOU,2012,Août,8,66.4,4.0
SAVALOU,2012,Septembre,9,192.8,8.0
SAVALOU,2012,Octobre,10,141.8,7.0
SAVALOU,2012,Novembre,11,0.0,0.0
SAVALOU,2012,Décembre,12,0.0,0.0
SAVE,2012,Janvier,1,4.2,1.0
SAVE,2012,Février,2,20.8,3.0
SAVE,2012,Mars,3,31.23,4.0
SAVE,2012,Avril,4,49.67,7.0
SAVE,2012,Mai,5,124.7,9.0
SAVE,2012,Juin,6,140.87,8.0
SAVE,2012,Juillet,7,222.17,11.0
SAVE,2012,Août,8,65.87,10.0
SAVE,2012,Septembre,9,167.03,16.0
SAVE,2012,Octobre,10,89.7,9.0
SAVE,2012,Novembre,11,0.0,0.0
SAVE,2012,Décembre,12,0.0,0.0
DEPART. COLLINES,2012,Janvier,1,10.78,1.0
DEPART. COLLINES,2012,Février,2,31.76,2.0
DEPART. COLLINES,2012,Mars,3,23.45,2.0
DEPART. COLLINES,2012,Avril,4,104.34,6.0
DEPART. COLLINES,2012,Mai,5,99.17,7.0
DEPART. COLLINES,2012,Juin,6,117.35,8.0
DEPART. COLLINES,2012,Juillet,7,223.12,10.0
DEPART. COLLINES,2012,Août,8,92.5,6.0
DEPART. COLLINES,2012,Septembre,9,180.1,10.0
DEPART. COLLINES,2012,Octobre,10,110.67,8.0
DEPART. COLLINES,2012,Novembre,11,0.56,0.0
DEPART. COLLINES,2012,Décembre,12,0.0,0.0
ATHIEME,2012,Janvier,1,0.0,0.0
ATHIEME,2012,Février,2,23.83,2.0
ATHIEME,2012,Mars,3,38.78,4.0
ATHIEME,2012,Avril,4,40.25,3.0
ATHIEME,2012,Mai,5,165.5,8.0
ATHIEME,2012,Juin,6,309.88,9.0
ATHIEME,2012,Juillet,7,94.5,7.0
ATHIEME,2012,Août,8,45.65,4.0
ATHIEME,2012,Septembre,9,71.93,6.0
ATHIEME,2012,Octobre,10,128.88,8.0
ATHIEME,2012,Novembre,11,52.83,4.0
ATHIEME,2012,Décembre,12,0.0,0.0
BOPA,2012,Janvier,1,0.0,0.0
BOPA,2012,Février,2,28.83,4.0
BOPA,2012,Mars,3,25.0,2.0
BOPA,2012,Avril,4,97.45,6.0
BOPA,2012,Mai,5,236.8,11.0
BOPA,2012,Juin,6,220.85,10.0
BOPA,2012,Juillet,7,60.25,4.0
BOPA,2012,Août,8,44.5,4.0
BOPA,2012,Septembre,9,106.03,7.0
BOPA,2012,Octobre,10,193.98,10.0
BOPA,2012,Novembre,11,44.98,7.0
BOPA,2012,Décembre,12,4.75,1.0
COME,2012,Janvier,1,0.0,0.0
COME,2012,Février,2,67.65,4.0
COME,2012,Mars,3,10.28,1.0
COME,2012,Avril,4,132.75,5.0
COME,2012,Mai,5,153.15,9.0
COME,2012,Juin,6,157.36,9.0
COME,2012,Juillet,7,35.04,6.0
COME,2012,Août,8,98.02,3.0
COME,2012,Septembre,9,59.28,3.0
COME,2012,Octobre,10,196.92,10.0
COME,2012,Novembre,11,12.55,2.0
COME,2012,Décembre,12,5.3,1.0
GRAND-POPO,2012,Janvier,1,0.0,0.0
GRAND-POPO,2012,Février,2,51.4,2.0
GRAND-POPO,2012,Mars,3,1.23,1.0
GRAND-POPO,2012,Avril,4,93.57,4.0
GRAND-POPO,2012,Mai,5,125.07,7.0
GRAND-POPO,2012,Juin,6,238.1,8.0
GRAND-POPO,2012,Juillet,7,63.57,3.0
GRAND-POPO,2012,Août,8,39.5,2.0
GRAND-POPO,2012,Septembre,9,49.6,2.0
GRAND-POPO,2012,Octobre,10,144.23,7.0
GRAND-POPO,2012,Novembre,11,25.17,2.0
GRAND-POPO,2012,Décembre,12,0.0,0.0
HOUEYOGBE,2012,Janvier,1,0.0,0.0
HOUEYOGBE,2012,Février,2,35.25,4.0
HOUEYOGBE,2012,Mars,3,10.5,3.0
HOUEYOGBE,2012,Avril,4,77.75,5.0
HOUEYOGBE,2012,Mai,5,173.25,8.0
HOUEYOGBE,2012,Juin,6,185.75,8.0
HOUEYOGBE,2012,Juillet,7,60.0,7.0
HOUEYOGBE,2012,Août,8,70.5,4.0
HOUEYOGBE,2012,Septembre,9,58.75,6.0
HOUEYOGBE,2012,Octobre,10,220.25,11.0
HOUEYOGBE,2012,Novembre,11,15.75,3.0
HOUEYOGBE,2012,Décembre,12,0.0,0.0
LOKOSSA,2012,Janvier,1,8.68,1.0
LOKOSSA,2012,Février,2,47.9,4.0
LOKOSSA,2012,Mars,3,64.75,4.0
LOKOSSA,2012,Avril,4,58.8,5.0
LOKOSSA,2012,Mai,5,158.08,8.0
LOKOSSA,2012,Juin,6,203.79,10.0
LOKOSSA,2012,Juillet,7,259.59,7.0
LOKOSSA,2012,Août,8,48.73,4.0
LOKOSSA,2012,Septembre,9,105.05,6.0
LOKOSSA,2012,Octobre,10,234.43,12.0
LOKOSSA,2012,Novembre,11,78.68,7.0
LOKOSSA,2012,Décembre,12,7.88,1.0
DEPART. MONO,2012,Janvier,1,1.45,1.0
DEPART. MONO,2012,Février,2,42.48,3.0
DEPART. MONO,2012,Mars,3,25.09,2.0
DEPART. MONO,2012,Avril,4,83.43,4.0
DEPART. MONO,2012,Mai,5,168.64,8.0
DEPART. MONO,2012,Juin,6,219.29,9.0
DEPART. MONO,2012,Juillet,7,95.49,6.0
DEPART. MONO,2012,Août,8,57.82,3.0
DEPART. MONO,2012,Septembre,9,75.1,5.0
DEPART. MONO,2012,Octobre,10,186.45,9.0
DEPART. MONO,2012,Novembre,11,38.32,4.0
DEPART. MONO,2012,Décembre,12,2.99,1.0
APLAHOUE,2012,Janvier,1,0.0,0.0
APLAHOUE,2012,Février,2,27.7,1.0
APLAHOUE,2012,Mars,3,30.55,2.0
APLAHOUE,2012,Avril,4,131.18,8.0
APLAHOUE,2012,Mai,5,224.17,9.0
APLAHOUE,2012,Juin,6,227.07,11.0
APLAHOUE,2012,Juillet,7,297.55,8.0
APLAHOUE,2012,Août,8,99.95,4.0
APLAHOUE,2012,Septembre,9,179.23,9.0
APLAHOUE,2012,Octobre,10,96.83,7.0
APLAHOUE,2012,Novembre,11,39.37,3.0
APLAHOUE,2012,Décembre,12,0.0,0.0
DJAKOTOMEY,2012,Janvier,1,0.0,0.0
DJAKOTOMEY,2012,Février,2,42.0,2.0
DJAKOTOMEY,2012,Mars,3,49.48,3.0
DJAKOTOMEY,2012,Avril,4,129.49,5.0
DJAKOTOMEY,2012,Mai,5,247.83,9.0
DJAKOTOMEY,2012,Juin,6,301.84,10.0
DJAKOTOMEY,2012,Juillet,7,263.83,9.0
DJAKOTOMEY,2012,Août,8,80.38,4.0
DJAKOTOMEY,2012,Septembre,9,165.8,9.0
DJAKOTOMEY,2012,Octobre,10,169.75,10.0
DJAKOTOMEY,2012,Novembre,11,18.45,1.0
DJAKOTOMEY,2012,Décembre,12,0.0,0.0
DOGBO,2012,Janvier,1,0.0,0.0
DOGBO,2012,Février,2,65.97,4.0
DOGBO,2012,Mars,3,65.23,3.0
DOGBO,2012,Avril,4,127.27,6.0
DOGBO,2012,Mai,5,132.7,7.0
DOGBO,2012,Juin,6,235.8,11.0
DOGBO,2012,Juillet,7,276.97,8.0
DOGBO,2012,Août,8,51.67,4.0
DOGBO,2012,Septembre,9,81.6,6.0
DOGBO,2012,Octobre,10,187.9,10.0
DOGBO,2012,Novembre,11,49.83,4.0
DOGBO,2012,Décembre,12,0.0,0.0
KLOUEKANME,2012,Janvier,1,0.0,0.0
KLOUEKANME,2012,Février,2,19.6,1.0
KLOUEKANME,2012,Mars,3,31.88,3.0
KLOUEKANME,2012,Avril,4,124.66,4.0
KLOUEKANME,2012,Mai,5,122.78,8.0
KLOUEKANME,2012,Juin,6,240.3,8.0
KLOUEKANME,2012,Juillet,7,205.44,5.0
KLOUEKANME,2012,Août,8,32.0,2.0
KLOUEKANME,2012,Septembre,9,164.34,6.0
KLOUEKANME,2012,Octobre,10,130.51,9.0
KLOUEKANME,2012,Novembre,11,0.0,0.0
KLOUEKANME,2012,Décembre,12,0.0,0.0
LALO,2012,Janvier,1,0.0,0.0
LALO,2012,Février,2,32.25,2.0
LALO,2012,Mars,3,45.25,3.0
LALO,2012,Avril,4,129.25,7.0
LALO,2012,Mai,5,148.5,8.0
LALO,2012,Juin,6,168.5,8.0
LALO,2012,Juillet,7,185.25,6.0
LALO,2012,Août,8,99.5,4.0
LALO,2012,Septembre,9,102.5,7.0
LALO,2012,Octobre,10,160.5,8.0
LALO,2012,Novembre,11,12.42,3.0
LALO,2012,Décembre,12,0.0,0.0
TOVIKLIN,2012,Janvier,1,0.0,0.0
TOVIKLIN,2012,Février,2,14.07,3.0
TOVIKLIN,2012,Mars,3,48.0,3.0
TOVIKLIN,2012,Avril,4,86.17,5.0
TOVIKLIN,2012,Mai,5,144.9,5.0
TOVIKLIN,2012,Juin,6,186.17,7.0
TOVIKLIN,2012,Juillet,7,202.07,6.0
TOVIKLIN,2012,Août,8,94.33,5.0
TOVIKLIN,2012,Septembre,9,110.57,7.0
TOVIKLIN,2012,Octobre,10,123.56,7.0
TOVIKLIN,2012,Novembre,11,28.63,3.0
TOVIKLIN,2012,Décembre,12,3.08,1.0
DEPART. COUFFO,2012,Janvier,1,0.0,0.0
DEPART. COUFFO,2012,Février,2,33.6,2.0
DEPART. COUFFO,2012,Mars,3,45.06,3.0
DEPART. COUFFO,2012,Avril,4,121.33,6.0
DEPART. COUFFO,2012,Mai,5,170.15,8.0
DEPART. COUFFO,2012,Juin,6,226.61,9.0
DEPART. COUFFO,2012,Juillet,7,238.52,7.0
DEPART. COUFFO,2012,Août,8,76.3,4.0
DEPART. COUFFO,2012,Septembre,9,134.01,7.0
DEPART. COUFFO,2012,Octobre,10,144.84,9.0
DEPART. COUFFO,2012,Novembre,11,24.78,2.0
DEPART. COUFFO,2012,Décembre,12,0.51,0.0
ADJARRA,2012,Janvier,1,0.0,0.0
ADJARRA,2012,Février,2,54.55,5.0
ADJARRA,2012,Mars,3,31.6,3.0
ADJARRA,2012,Avril,4,300.15,8.0
ADJARRA,2012,Mai,5,138.0,8.0
ADJARRA,2012,Juin,6,285.85,11.0
ADJARRA,2012,Juillet,7,110.65,9.0
ADJARRA,2012,Août,8,30.95,3.0
ADJARRA,2012,Septembre,9,102.9,5.0
ADJARRA,2012,Octobre,10,205.65,11.0
ADJARRA,2012,Novembre,11,46.1,5.0
ADJARRA,2012,Décembre,12,1.9,1.0
ADJOHOUN,2012,Janvier,1,0.0,0.0
ADJOHOUN,2012,Février,2,32.04,2.0
ADJOHOUN,2012,Mars,3,26.28,2.0
ADJOHOUN,2012,Avril,4,125.58,9.0
ADJOHOUN,2012,Mai,5,236.45,9.0
ADJOHOUN,2012,Juin,6,250.45,7.0
ADJOHOUN,2012,Juillet,7,67.15,7.0
ADJOHOUN,2012,Août,8,71.58,3.0
ADJOHOUN,2012,Septembre,9,218.53,7.0
ADJOHOUN,2012,Octobre,10,180.95,10.0
ADJOHOUN,2012,Novembre,11,122.7,8.0
ADJOHOUN,2012,Décembre,12,12.9,2.0
AGUEGUES,2012,Janvier,1,0.0,0.0
AGUEGUES,2012,Février,2,3.3,1.0
AGUEGUES,2012,Mars,3,63.1,3.0
AGUEGUES,2012,Avril,4,184.2,4.0
AGUEGUES,2012,Mai,5,166.4,5.0
AGUEGUES,2012,Juin,6,243.3,5.0
AGUEGUES,2012,Juillet,7,226.2,6.0
AGUEGUES,2012,Août,8,10.6,2.0
AGUEGUES,2012,Septembre,9,259.3,6.0
AGUEGUES,2012,Octobre,10,273.9,8.0
AGUEGUES,2012,Novembre,11,22.9,2.0
AGUEGUES,2012,Décembre,12,28.8,1.0
AKPRO-MISSERETE,2012,Janvier,1,0.0,0.0
AKPRO-MISSERETE,2012,Février,2,20.0,1.0
AKPRO-MISSERETE,2012,Mars,3,18.0,2.0
AKPRO-MISSERETE,2012,Avril,4,163.4,6.0
AKPRO-MISSERETE,2012,Mai,5,98.1,6.0
AKPRO-MISSERETE,2012,Juin,6,211.4,8.0
AKPRO-MISSERETE,2012,Juillet,7,41.55,5.0
AKPRO-MISSERETE,2012,Août,8,45.0,2.0
AKPRO-MISSERETE,2012,Septembre,9,289.5,7.0
AKPRO-MISSERETE,2012,Octobre,10,61.0,12.0
AKPRO-MISSERETE,2012,Novembre,11,71.0,8.0
AKPRO-MISSERETE,2012,Décembre,12,12.5,1.0
AVRANKOU,2012,Janvier,1,0.0,0.0
AVRANKOU,2012,Février,2,41.4,3.0
AVRANKOU,2012,Mars,3,67.2,3.0
AVRANKOU,2012,Avril,4,399.2,8.0
AVRANKOU,2012,Mai,5,171.02,5.0
AVRANKOU,2012,Juin,6,201.0,6.0
AVRANKOU,2012,Juillet,7,214.01,6.0
AVRANKOU,2012,Août,8,93.6,4.0
AVRANKOU,2012,Septembre,9,136.3,7.0
AVRANKOU,2012,Octobre,10,170.7,12.0
AVRANKOU,2012,Novembre,11,40.0,6.0
AVRANKOU,2012,Décembre,12,31.7,2.0
BONOU,2012,Janvier,1,0.0,0.0
BONOU,2012,Février,2,52.17,3.0
BONOU,2012,Mars,3,36.8,3.0
BONOU,2012,Avril,4,138.13,7.0
BONOU,2012,Mai,5,202.43,7.0
BONOU,2012,Juin,6,216.3,9.0
BONOU,2012,Juillet,7,116.47,8.0
BONOU,2012,Août,8,65.0,3.0
BONOU,2012,Septembre,9,190.8,7.0
BONOU,2012,Octobre,10,201.25,10.0
BONOU,2012,Novembre,11,44.75,3.0
BONOU,2012,Décembre,12,0.0,0.0
DANGBO,2012,Janvier,1,0.0,0.0
DANGBO,2012,Février,2,15.7,2.0
DANGBO,2012,Mars,3,55.7,3.0
DANGBO,2012,Avril,4,255.0,9.0
DANGBO,2012,Mai,5,233.4,11.0
DANGBO,2012,Juin,6,394.9,9.0
DANGBO,2012,Juillet,7,57.8,6.0
DANGBO,2012,Août,8,62.1,4.0
DANGBO,2012,Septembre,9,229.5,12.0
DANGBO,2012,Octobre,10,216.8,12.0
DANGBO,2012,Novembre,11,22.3,5.0
DANGBO,2012,Décembre,12,0.0,0.0
PORTO-NOVO,2012,Janvier,1,0.0,0.0
PORTO-NOVO,2012,Février,2,41.6,5.0
PORTO-NOVO,2012,Mars,3,42.0,3.0
PORTO-NOVO,2012,Avril,4,216.0,5.0
PORTO-NOVO,2012,Mai,5,71.35,10.0
PORTO-NOVO,2012,Juin,6,188.7,13.0
PORTO-NOVO,2012,Juillet,7,80.75,7.0
PORTO-NOVO,2012,Août,8,51.55,5.0
PORTO-NOVO,2012,Septembre,9,164.5,8.0
PORTO-NOVO,2012,Octobre,10,225.65,13.0
PORTO-NOVO,2012,Novembre,11,59.85,7.0
PORTO-NOVO,2012,Décembre,12,16.38,2.0
SEME-PODJI,2012,Janvier,1,0.0,0.0
SEME-PODJI,2012,Février,2,93.1,4.0
SEME-PODJI,2012,Mars,3,57.5,4.0
SEME-PODJI,2012,Avril,4,134.75,5.0
SEME-PODJI,2012,Mai,5,128.9,8.0
SEME-PODJI,2012,Juin,6,396.4,14.0
SEME-PODJI,2012,Juillet,7,74.3,4.0
SEME-PODJI,2012,Août,8,0.0,0.0
SEME-PODJI,2012,Septembre,9,121.1,5.0
SEME-PODJI,2012,Octobre,10,246.55,14.0
SEME-PODJI,2012,Novembre,11,18.5,4.0
SEME-PODJI,2012,Décembre,12,28.05,1.0
DEPART. OUEME,2012,Janvier,1,0.0,0.0
DEPART. OUEME,2012,Février,2,39.32,3.0
DEPART. OUEME,2012,Mars,3,44.24,3.0
DEPART. OUEME,2012,Avril,4,212.93,7.0
DEPART. OUEME,2012,Mai,5,160.67,8.0
DEPART. OUEME,2012,Juin,6,265.37,9.0
DEPART. OUEME,2012,Juillet,7,109.88,6.0
DEPART. OUEME,2012,Août,8,47.82,3.0
DEPART. OUEME,2012,Septembre,9,190.27,7.0
DEPART. OUEME,2012,Octobre,10,198.05,11.0
DEPART. OUEME,2012,Novembre,11,49.79,5.0
DEPART. OUEME,2012,Décembre,12,14.69,1.0
ADJA-OUERE,2012,Janvier,1,0.0,0.0
ADJA-OUERE,2012,Février,2,64.83,3.0
ADJA-OUERE,2012,Mars,3,30.17,2.0
ADJA-OUERE,2012,Avril,4,192.4,5.0
ADJA-OUERE,2012,Mai,5,210.07,7.0
ADJA-OUERE,2012,Juin,6,155.6,7.0
ADJA-OUERE,2012,Juillet,7,76.63,4.0
ADJA-OUERE,2012,Août,8,28.8,3.0
ADJA-OUERE,2012,Septembre,9,76.53,5.0
ADJA-OUERE,2012,Octobre,10,218.1,8.0
ADJA-OUERE,2012,Novembre,11,47.83,3.0
ADJA-OUERE,2012,Décembre,12,0.0,0.0
IFANGNI,2012,Janvier,1,0.0,0.0
IFANGNI,2012,Février,2,36.37,3.0
IFANGNI,2012,Mars,3,63.6,3.0
IFANGNI,2012,Avril,4,315.17,8.0
IFANGNI,2012,Mai,5,184.37,10.0
IFANGNI,2012,Juin,6,246.13,12.0
IFANGNI,2012,Juillet,7,184.2,7.0
IFANGNI,2012,Août,8,69.33,4.0
IFANGNI,2012,Septembre,9,127.87,10.0
IFANGNI,2012,Octobre,10,180.1,9.0
IFANGNI,2012,Novembre,11,46.92,4.0
IFANGNI,2012,Décembre,12,8.93,1.0
KETOU,2012,Janvier,1,0.0,0.0
KETOU,2012,Février,2,9.4,3.0
KETOU,2012,Mars,3,37.2,4.0
KETOU,2012,Avril,4,122.4,7.0
KETOU,2012,Mai,5,95.83,7.0
KETOU,2012,Juin,6,127.4,7.0
KETOU,2012,Juillet,7,67.4,3.0
KETOU,2012,Août,8,57.2,4.0
KETOU,2012,Septembre,9,165.3,8.0
KETOU,2012,Octobre,10,115.95,7.0
KETOU,2012,Novembre,11,0.0,0.0
KETOU,2012,Décembre,12,7.6,1.0
POBE,2012,Janvier,1,0.0,0.0
POBE,2012,Février,2,41.96,4.0
POBE,2012,Mars,3,14.38,4.0
POBE,2012,Avril,4,146.88,9.0
POBE,2012,Mai,5,183.89,7.0
POBE,2012,Juin,6,172.71,10.0
POBE,2012,Juillet,7,71.0,8.0
POBE,2012,Août,8,88.61,4.0
POBE,2012,Septembre,9,165.53,10.0
POBE,2012,Octobre,10,143.7,13.0
POBE,2012,Novembre,11,14.14,3.0
POBE,2012,Décembre,12,0.9,1.0
SAKETE,2012,Janvier,1,0.0,0.0
SAKETE,2012,Février,2,54.47,3.0
SAKETE,2012,Mars,3,35.5,3.0
SAKETE,2012,Avril,4,210.63,8.0
SAKETE,2012,Mai,5,87.71,8.0
SAKETE,2012,Juin,6,217.22,14.0
SAKETE,2012,Juillet,7,71.92,3.0
SAKETE,2012,Août,8,45.67,2.0
SAKETE,2012,Septembre,9,135.95,5.0
SAKETE,2012,Octobre,10,232.02,14.0
SAKETE,2012,Novembre,11,78.63,5.0
SAKETE,2012,Décembre,12,12.28,2.0
DEPART. PLATEAU,2012,Janvier,1,0.0,0.0
DEPART. PLATEAU,2012,Février,2,41.41,3.0
DEPART. PLATEAU,2012,Mars,3,36.17,3.0
DEPART. PLATEAU,2012,Avril,4,197.5,7.0
DEPART. PLATEAU,2012,Mai,5,152.37,8.0
DEPART. PLATEAU,2012,Juin,6,183.81,10.0
DEPART. PLATEAU,2012,Juillet,7,94.23,5.0
DEPART. PLATEAU,2012,Août,8,57.92,3.0
DEPART. PLATEAU,2012,Septembre,9,134.24,7.0
DEPART. PLATEAU,2012,Octobre,10,177.97,10.0
DEPART. PLATEAU,2012,Novembre,11,37.5,3.0
DEPART. PLATEAU,2012,Décembre,12,5.94,1.0
ABOMEY-CALAVI,2012,Janvier,1,0.0,0.0
ABOMEY-CALAVI,2012,Février,2,0.0,0.0
ABOMEY-CALAVI,2012,Mars,3,0.0,0.0
ABOMEY-CALAVI,2012,Avril,4,14.14,1.0
ABOMEY-CALAVI,2012,Mai,5,105.9,5.0
ABOMEY-CALAVI,2012,Juin,6,105.9,5.0
ABOMEY-CALAVI,2012,Juillet,7,397.06,9.0
ABOMEY-CALAVI,2012,Août,8,10.45,1.0
ABOMEY-CALAVI,2012,Septembre,9,126.03,3.0
ABOMEY-CALAVI,2012,Octobre,10,199.31,4.0
ABOMEY-CALAVI,2012,Novembre,11,199.31,4.0
ABOMEY-CALAVI,2012,Décembre,12,28.36,3.0
ALLADA,2012,Janvier,1,5.25,1.0
ALLADA,2012,Février,2,12.5,1.0
ALLADA,2012,Mars,3,49.47,3.0
ALLADA,2012,Avril,4,128.8,7.0
ALLADA,2012,Mai,5,153.9,5.0
ALLADA,2012,Juin,6,249.1,10.0
ALLADA,2012,Juillet,7,107.2,5.0
ALLADA,2012,Août,8,53.0,1.0
ALLADA,2012,Septembre,9,24.62,2.0
ALLADA,2012,Octobre,10,263.27,14.0
ALLADA,2012,Novembre,11,68.83,8.0
ALLADA,2012,Décembre,12,11.67,1.0
KPOMASSE,2012,Janvier,1,0.0,0.0
KPOMASSE,2012,Février,2,41.55,3.0
KPOMASSE,2012,Mars,3,0.0,0.0
KPOMASSE,2012,Avril,4,114.7,6.0
KPOMASSE,2012,Mai,5,245.4,10.0
KPOMASSE,2012,Juin,6,241.3,11.0
KPOMASSE,2012,Juillet,7,21.9,3.0
KPOMASSE,2012,Août,8,55.5,2.0
KPOMASSE,2012,Septembre,9,9.95,2.0
KPOMASSE,2012,Octobre,10,275.2,10.0
KPOMASSE,2012,Novembre,11,78.0,7.0
KPOMASSE,2012,Décembre,12,10.5,1.0
OUIDAH,2012,Janvier,1,0.0,0.0
OUIDAH,2012,Février,2,37.9,4.0
OUIDAH,2012,Mars,3,27.93,2.0
OUIDAH,2012,Avril,4,135.4,7.0
OUIDAH,2012,Mai,5,191.57,7.0
OUIDAH,2012,Juin,6,251.89,10.0
OUIDAH,2012,Juillet,7,147.77,5.0
OUIDAH,2012,Août,8,143.9,2.0
OUIDAH,2012,Septembre,9,295.73,6.0
OUIDAH,2012,Octobre,10,68.53,4.0
OUIDAH,2012,Novembre,11,28.16,2.0
OUIDAH,2012,Décembre,12,0.83,1.0
SO-AVA,2012,Janvier,1,0.0,0.0
SO-AVA,2012,Février,2,2.1,1.0
SO-AVA,2012,Mars,3,4.24,1.0
SO-AVA,2012,Avril,4,221.39,4.0
SO-AVA,2012,Mai,5,192.68,10.0
SO-AVA,2012,Juin,6,257.48,4.0
SO-AVA,2012,Juillet,7,193.06,6.0
SO-AVA,2012,Août,8,0.0,0.0
SO-AVA,2012,Septembre,9,19.3,2.0
SO-AVA,2012,Octobre,10,288.65,3.0
SO-AVA,2012,Novembre,11,38.72,2.0
SO-AVA,2012,Décembre,12,0.0,0.0
TOFFO,2012,Janvier,1,0.0,0.0
TOFFO,2012,Février,2,64.55,5.0
TOFFO,2012,Mars,3,86.5,6.0
TOFFO,2012,Avril,4,51.0,6.0
TOFFO,2012,Mai,5,127.66,12.0
TOFFO,2012,Juin,6,104.52,13.0
TOFFO,2012,Juillet,7,91.54,7.0
TOFFO,2012,Août,8,95.48,7.0
TOFFO,2012,Septembre,9,3.52,1.0
TOFFO,2012,Octobre,10,125.72,19.0
TOFFO,2012,Novembre,11,91.0,7.0
TOFFO,2012,Décembre,12,0.0,0.0
TORI-BOSSITO,2012,Janvier,1,0.0,0.0
TORI-BOSSITO,2012,Février,2,19.88,2.0
TORI-BOSSITO,2012,Mars,3,28.13,5.0
TORI-BOSSITO,2012,Avril,4,54.38,4.0
TORI-BOSSITO,2012,Mai,5,146.63,10.0
TORI-BOSSITO,2012,Juin,6,249.75,15.0
TORI-BOSSITO,2012,Juillet,7,27.5,9.0
TORI-BOSSITO,2012,Août,8,59.75,8.0
TORI-BOSSITO,2012,Septembre,9,15.63,2.0
TORI-BOSSITO,2012,Octobre,10,302.44,16.0
TORI-BOSSITO,2012,Novembre,11,131.0,8.0
TORI-BOSSITO,2012,Décembre,12,22.63,4.0
ZE,2012,Janvier,1,0.0,0.0
ZE,2012,Février,2,23.2,1.0
ZE,2012,Mars,3,8.0,1.0
ZE,2012,Avril,4,60.88,2.0
ZE,2012,Mai,5,118.32,6.0
ZE,2012,Juin,6,136.56,8.0
ZE,2012,Juillet,7,54.24,3.0
ZE,2012,Août,8,33.6,1.0
ZE,2012,Septembre,9,72.72,3.0
ZE,2012,Octobre,10,108.24,5.0
ZE,2012,Novembre,11,62.64,2.0
ZE,2012,Décembre,12,23.08,2.0
DEPART. ATLANTIQUE,2012,Janvier,1,0.66,1.0
DEPART. ATLANTIQUE,2012,Février,2,25.21,2.0
DEPART. ATLANTIQUE,2012,Mars,3,25.53,2.0
DEPART. ATLANTIQUE,2012,Avril,4,97.59,5.0
DEPART. ATLANTIQUE,2012,Mai,5,160.26,8.0
DEPART. ATLANTIQUE,2012,Juin,6,199.56,10.0
DEPART. ATLANTIQUE,2012,Juillet,7,130.03,6.0
DEPART. ATLANTIQUE,2012,Août,8,56.46,3.0
DEPART. ATLANTIQUE,2012,Septembre,9,70.94,3.0
DEPART. ATLANTIQUE,2012,Octobre,10,203.92,9.0
DEPART. ATLANTIQUE,2012,Novembre,11,87.21,5.0
DEPART. ATLANTIQUE,2012,Décembre,12,12.13,2.0
COTONOU,2012,Janvier,1,0.0,0.0
COTONOU,2012,Février,2,116.75,4.0
COTONOU,2012,Mars,3,30.0,2.0
COTONOU,2012,Avril,4,154.75,4.0
COTONOU,2012,Mai,5,176.75,5.0
COTONOU,2012,Juin,6,171.5,5.0
COTONOU,2012,Juillet,7,55.37,4.0
COTONOU,2012,Août,8,12.5,1.0
COTONOU,2012,Septembre,9,139.5,4.0
COTONOU,2012,Octobre,10,187.0,6.0
COTONOU,2012,Novembre,11,46.25,1.0
COTONOU,2012,Décembre,12,0.0,0.0
DEPART. LITTORAL,2012,Janvier,1,0.0,0.0
DEPART. LITTORAL,2012,Février,2,116.75,4.0
DEPART. LITTORAL,2012,Mars,3,30.0,2.0
DEPART. LITTORAL,2012,Avril,4,154.75,4.0
DEPART. LITTORAL,2012,Mai,5,176.75,5.0
DEPART. LITTORAL,2012,Juin,6,171.5,5.0
DEPART. LITTORAL,2012,Juillet,7,55.37,4.0
DEPART. LITTORAL,2012,Août,8,12.5,1.0
DEPART. LITTORAL,2012,Septembre,9,139.5,4.0
DEPART. LITTORAL,2012,Octobre,10,187.0,6.0
DEPART. LITTORAL,2012,Novembre,11,46.25,1.0
DEPART. LITTORAL,2012,Décembre,12,0.0,0.0
BENIN,2012,Janvier,1,2.37,0.0
BENIN,2012,Février,2,42.02,2.0
BENIN,2012,Mars,3,26.62,2.0
BENIN,2012,Avril,4,116.52,5.0
BENIN,2012,Mai,5,157.9,8.0
BENIN,2012,Juin,6,190.21,9.0
BENIN,2012,Juillet,7,181.96,9.0
BENIN,2012,Août,8,116.12,6.0
BENIN,2012,Septembre,9,171.65,9.0
BENIN,2012,Octobre,10,146.9,8.0
BENIN,2012,Novembre,11,25.22,2.0
BENIN,2012,Décembre,12,3.02,0.0
BEMBEREKE,2013,Janvier,1,0.0,0.0
BEMBEREKE,2013,Février,2,0.0,0.0
BEMBEREKE,2013,Mars,3,16.5,2.0
BEMBEREKE,2013,Avril,4,39.45,3.0
BEMBEREKE,2013,Mai,5,40.754999999999995,5.0
BEMBEREKE,2013,Juin,6,126.26,9.0
BEMBEREKE,2013,Juillet,7,154.8,11.0
BEMBEREKE,2013,Août,8,165.01999999999998,10.0
BEMBEREKE,2013,Septembre,9,279.72,12.0
BEMBEREKE,2013,Octobre,10,93.97999999999999,6.0
BEMBEREKE,2013,Novembre,11,0.0,0.0
BEMBEREKE,2013,Décembre,12,0.0,0.0
KALALE,2013,Janvier,1,0.0,0.0
KALALE,2013,Février,2,0.0,0.0
KALALE,2013,Mars,3,0.0,0.0
KALALE,2013,Avril,4,25.22,2.0
KALALE,2013,Mai,5,104.47999999999999,7.0
KALALE,2013,Juin,6,131.9,8.0
KALALE,2013,Juillet,7,124.30000000000001,4.6
KALALE,2013,Août,8,200.45000000000002,9.0
KALALE,2013,Septembre,9,249.3,12.0
KALALE,2013,Octobre,10,56.0,5.0
KALALE,2013,Novembre,11,0.0,0.0
KALALE,2013,Décembre,12,0.0,0.0
N'DALI,2013,Janvier,1,0.0,0.0
N'DALI,2013,Février,2,0.0,0.0
N'DALI,2013,Mars,3,66.5,4.0
N'DALI,2013,Avril,4,49.15,3.0
N'DALI,2013,Mai,5,126.65,6.0
N'DALI,2013,Juin,6,192.0,28.0
N'DALI,2013,Juillet,7,163.0,8.0
N'DALI,2013,Août,8,87.0,6.0
N'DALI,2013,Septembre,9,259.7,14.0
N'DALI,2013,Octobre,10,100.5,8.0
N'DALI,2013,Novembre,11,0.0,0.0
N'DALI,2013,Décembre,12,0.0,0.0
NIKKI,2013,Janvier,1,0.0,0.0
NIKKI,2013,Février,2,0.0,0.0
NIKKI,2013,Mars,3,0.0,0.0
NIKKI,2013,Avril,4,125.75,5.0
NIKKI,2013,Mai,5,145.5,8.0
NIKKI,2013,Juin,6,274.66333333333336,10.0
NIKKI,2013,Juillet,7,89.32,6.0
NIKKI,2013,Août,8,203.0,9.0
NIKKI,2013,Septembre,9,200.67000000000002,10.0
NIKKI,2013,Octobre,10,59.5,4.0
NIKKI,2013,Novembre,11,0.0,0.0
NIKKI,2013,Décembre,12,0.0,0.0
PARAKOU,2013,Janvier,1,0.0,0.0
PARAKOU,2013,Février,2,0.0,0.0
PARAKOU,2013,Mars,3,39.5,4.0
PARAKOU,2013,Avril,4,73.5,6.0
PARAKOU,2013,Mai,5,28.5,1.0
PARAKOU,2013,Juin,6,62.0,4.0
PARAKOU,2013,Juillet,7,26.0,2.0
PARAKOU,2013,Août,8,105.0,5.0
PARAKOU,2013,Septembre,9,153.0,11.0
PARAKOU,2013,Octobre,10,104.0,5.0
PARAKOU,2013,Novembre,11,0.0,0.0
PARAKOU,2013,Décembre,12,0.0,0.0
PERERE,2013,Janvier,1,0.0,0.0
PERERE,2013,Février,2,34.0,2.0
PERERE,2013,Mars,3,46.25,4.0
PERERE,2013,Avril,4,99.3,3.0
PERERE,2013,Mai,5,38.1,3.0
PERERE,2013,Juin,6,95.30000000000001,7.0
PERERE,2013,Juillet,7,97.5,8.0
PERERE,2013,Août,8,95.30000000000001,6.0
PERERE,2013,Septembre,9,381.0,13.0
PERERE,2013,Octobre,10,64.0,9.0
PERERE,2013,Novembre,11,0.0,0.0
PERERE,2013,Décembre,12,0.0,0.0
SINENDE,2013,Janvier,1,0.0,0.0
SINENDE,2013,Février,2,0.0,0.0
SINENDE,2013,Mars,3,18.956666666666667,2.0
SINENDE,2013,Avril,4,53.51166666666666,4.0
SINENDE,2013,Mai,5,124.56916666666666,8.0
SINENDE,2013,Juin,6,171.55,9.0
SINENDE,2013,Juillet,7,123.07,8.0
SINENDE,2013,Août,8,128.85,7.0
SINENDE,2013,Septembre,9,268.91,11.0
SINENDE,2013,Octobre,10,72.86,6.0
SINENDE,2013,Novembre,11,0.0,0.0
SINENDE,2013,Décembre,12,0.0,0.0
TCHAOUROU,2013,Janvier,1,13.1,1.0
TCHAOUROU,2013,Février,2,0.0,0.0
TCHAOUROU,2013,Mars,3,30.5,2.0
TCHAOUROU,2013,Avril,4,60.43,1.0
TCHAOUROU,2013,Mai,5,135.5109523809524,9.0
TCHAOUROU,2013,Juin,6,79.475,7.0
TCHAOUROU,2013,Juillet,7,99.68,6.0
TCHAOUROU,2013,Août,8,146.36,7.0
TCHAOUROU,2013,Septembre,9,202.99,10.0
TCHAOUROU,2013,Octobre,10,120.55000000000001,7.0
TCHAOUROU,2013,Novembre,11,0.0,0.0
TCHAOUROU,2013,Décembre,12,0.0,0.0
DEPART. BORGOU,2013,Janvier,1,1.6375,1.0
DEPART. BORGOU,2013,Février,2,4.25,1.0
DEPART. BORGOU,2013,Mars,3,27.275833333333335,3.0
DEPART. BORGOU,2013,Avril,4,65.78895833333333,4.0
DEPART. BORGOU,2013,Mai,5,93.00813988095238,6.0
DEPART. BORGOU,2013,Juin,6,141.64354166666666,10.25
DEPART. BORGOU,2013,Juillet,7,109.70875000000001,6.7
DEPART. BORGOU,2013,Août,8,141.3725,8.0
DEPART. BORGOU,2013,Septembre,9,249.41125000000002,11.625
DEPART. BORGOU,2013,Octobre,10,83.92375000000001,6.25
DEPART. BORGOU,2013,Novembre,11,0.0,0.0
DEPART. BORGOU,2013,Décembre,12,0.0,0.0
BANIKOARA,2013,Janvier,1,0.0,0.0
BANIKOARA,2013,Février,2,0.0,0.0
BANIKOARA,2013,Mars,3,0.0,0.0
BANIKOARA,2013,Avril,4,71.0,4.0
BANIKOARA,2013,Mai,5,116.85,9.0
BANIKOARA,2013,Juin,6,102.95,7.0
BANIKOARA,2013,Juillet,7,118.21,6.0
BANIKOARA,2013,Août,8,217.01999999999998,6.0
BANIKOARA,2013,Septembre,9,130.6,8.0
BANIKOARA,2013,Octobre,10,81.43,4.0
BANIKOARA,2013,Novembre,11,0.0,0.0
BANIKOARA,2013,Décembre,12,0.0,0.0
GOGOUNOU,2013,Janvier,1,0.0,0.0
GOGOUNOU,2013,Février,2,0.0,0.0
GOGOUNOU,2013,Mars,3,10.0,1.0
GOGOUNOU,2013,Avril,4,54.8,5.0
GOGOUNOU,2013,Mai,5,67.4,7.0
GOGOUNOU,2013,Juin,6,137.05,7.0
GOGOUNOU,2013,Juillet,7,178.25,9.0
GOGOUNOU,2013,Août,8,212.79999999999998,12.0
GOGOUNOU,2013,Septembre,9,244.9,15.0
GOGOUNOU,2013,Octobre,10,23.65,4.0
GOGOUNOU,2013,Novembre,11,0.0,0.0
GOGOUNOU,2013,Décembre,12,0.0,0.0
KANDI,2013,Janvier,1,0.0,0.0
KANDI,2013,Février,2,0.0,0.0
KANDI,2013,Mars,3,0.0,0.0
KANDI,2013,Avril,4,59.41,3.0
KANDI,2013,Mai,5,25.12,2.0
KANDI,2013,Juin,6,190.13,11.0
KANDI,2013,Juillet,7,115.0,8.0
KANDI,2013,Août,8,204.13,11.0
KANDI,2013,Septembre,9,160.4,11.0
KANDI,2013,Octobre,10,63.010000000000005,3.0
KANDI,2013,Novembre,11,0.0,0.0
KANDI,2013,Décembre,12,0.0,0.0
KARIMAMA,2013,Janvier,1,0.0,0.0
KARIMAMA,2013,Février,2,0.0,0.0
KARIMAMA,2013,Mars,3,0.0,0.0
KARIMAMA,2013,Avril,4,143.0,3.0
KARIMAMA,2013,Mai,5,24.0,2.0
KARIMAMA,2013,Juin,6,106.5,4.0
KARIMAMA,2013,Juillet,7,235.5,9.0
KARIMAMA,2013,Août,8,196.0,7.0
KARIMAMA,2013,Septembre,9,155.5,6.0
KARIMAMA,2013,Octobre,10,31.0,2.0
KARIMAMA,2013,Novembre,11,0.0,0.0
KARIMAMA,2013,Décembre,12,0.0,0.0
MALANVILLE,2013,Janvier,1,0.0,0.0
MALANVILLE,2013,Février,2,0.0,0.0
MALANVILLE,2013,Mars,3,0.0,0.0
MALANVILLE,2013,Avril,4,0.0,0.0
MALANVILLE,2013,Mai,5,27.375,3.0
MALANVILLE,2013,Juin,6,199.35,10.0
MALANVILLE,2013,Juillet,7,114.75999999999999,7.0
MALANVILLE,2013,Août,8,305.5,14.0
MALANVILLE,2013,Septembre,9,153.76,9.0
MALANVILLE,2013,Octobre,10,22.25,4.0
MALANVILLE,2013,Novembre,11,0.0,0.0
MALANVILLE,2013,Décembre,12,0.0,0.0
SEGBANA,2013,Janvier,1,0.0,0.0
SEGBANA,2013,Février,2,0.0,0.0
SEGBANA,2013,Mars,3,0.0,0.0
SEGBANA,2013,Avril,4,33.0275,2.0
SEGBANA,2013,Mai,5,113.87333333333333,7.0
SEGBANA,2013,Juin,6,173.66000000000003,8.0
SEGBANA,2013,Juillet,7,137.23,10.0
SEGBANA,2013,Août,8,239.74,12.0
SEGBANA,2013,Septembre,9,252.26,13.0
SEGBANA,2013,Octobre,10,36.2,2.0
SEGBANA,2013,Novembre,11,0.0,0.0
SEGBANA,2013,Décembre,12,0.0,0.0
DEPART. ALIBORI,2013,Janvier,1,0.0,0.0
DEPART. ALIBORI,2013,Février,2,0.0,0.0
DEPART. ALIBORI,2013,Mars,3,1.6666666666666667,1.0
DEPART. ALIBORI,2013,Avril,4,60.20624999999999,3.0
DEPART. ALIBORI,2013,Mai,5,62.43638888888889,5.0
DEPART. ALIBORI,2013,Juin,6,151.60666666666668,7.833333333333333
DEPART. ALIBORI,2013,Juillet,7,149.82500000000002,8.166666666666666
DEPART. ALIBORI,2013,Août,8,229.1983333333333,11.0
DEPART. ALIBORI,2013,Septembre,9,182.90333333333334,10.333333333333334
DEPART. ALIBORI,2013,Octobre,10,42.92333333333334,3.1666666666666665
DEPART. ALIBORI,2013,Novembre,11,0.0,0.0
DEPART. ALIBORI,2013,Décembre,12,0.0,0.0
BOUKOUMBE,2013,Janvier,1,0.0,0.0
BOUKOUMBE,2013,Février,2,4.5,1.0
BOUKOUMBE,2013,Mars,3,15.2,2.0
BOUKOUMBE,2013,Avril,4,131.4,9.0
BOUKOUMBE,2013,Mai,5,118.6,8.0
BOUKOUMBE,2013,Juin,6,93.69999999999999,8.0
BOUKOUMBE,2013,Juillet,7,177.1,11.0
BOUKOUMBE,2013,Août,8,295.35,9.0
BOUKOUMBE,2013,Septembre,9,202.35,15.5
BOUKOUMBE,2013,Octobre,10,94.7,7.0
BOUKOUMBE,2013,Novembre,11,40.3,2.0
BOUKOUMBE,2013,Décembre,12,0.0,0.0
COBLY,2013,Janvier,1,0.0,0.0
COBLY,2013,Février,2,0.0,0.0
COBLY,2013,Mars,3,9.4,2.0
COBLY,2013,Avril,4,70.7,5.0
COBLY,2013,Mai,5,260.1,11.0
COBLY,2013,Juin,6,255.0,7.0
COBLY,2013,Juillet,7,79.19999999999999,9.0
COBLY,2013,Août,8,126.1,7.0
COBLY,2013,Septembre,9,224.0,10.5
COBLY,2013,Octobre,10,56.0,6.0
COBLY,2013,Novembre,11,12.1,1.0
COBLY,2013,Décembre,12,0.0,0.0
KEROU,2013,Janvier,1,0.0,0.0
KEROU,2013,Février,2,0.0,0.0
KEROU,2013,Mars,3,56.0,3.0
KEROU,2013,Avril,4,93.0,4.0
KEROU,2013,Mai,5,115.2,8.0
KEROU,2013,Juin,6,155.0,9.0
KEROU,2013,Juillet,7,141.5,9.0
KEROU,2013,Août,8,214.78750000000002,13.0
KEROU,2013,Septembre,9,246.64,12.8
KEROU,2013,Octobre,10,26.7,3.0
KEROU,2013,Novembre,11,14.3,1.0
KEROU,2013,Décembre,12,0.0,0.0
KOUANDE,2013,Janvier,1,0.0,0.0
KOUANDE,2013,Février,2,3.6,1.0
KOUANDE,2013,Mars,3,33.6,3.0
KOUANDE,2013,Avril,4,130.0,6.0
KOUANDE,2013,Mai,5,118.8,8.0
KOUANDE,2013,Juin,6,193.1,12.0
KOUANDE,2013,Juillet,7,105.30000000000001,9.0
KOUANDE,2013,Août,8,181.47500000000002,11.0
KOUANDE,2013,Septembre,9,239.06,13.4
KOUANDE,2013,Octobre,10,56.3,4.0
KOUANDE,2013,Novembre,11,11.5,1.0
KOUANDE,2013,Décembre,12,0.0,0.0
MATERI,2013,Janvier,1,0.0,0.0
MATERI,2013,Février,2,13.1,2.0
MATERI,2013,Mars,3,33.4,2.0
MATERI,2013,Avril,4,62.099999999999994,4.0
MATERI,2013,Mai,5,85.9,7.0
MATERI,2013,Juin,6,189.6,8.0
MATERI,2013,Juillet,7,131.1,12.0
MATERI,2013,Août,8,235.70000000000002,16.0
MATERI,2013,Septembre,9,299.70000000000005,19.0
MATERI,2013,Octobre,10,58.4,5.0
MATERI,2013,Novembre,11,8.9,1.0
MATERI,2013,Décembre,12,0.0,0.0
NATITINGOU,2013,Janvier,1,0.0,0.0
NATITINGOU,2013,Février,2,0.0,0.0
NATITINGOU,2013,Mars,3,65.8,3.0
NATITINGOU,2013,Avril,4,107.9,6.0
NATITINGOU,2013,Mai,5,134.70000000000002,7.0
NATITINGOU,2013,Juin,6,138.8,8.0
NATITINGOU,2013,Juillet,7,187.8,10.0
NATITINGOU,2013,Août,8,151.16666666666669,7.0
NATITINGOU,2013,Septembre,9,259.2,14.0
NATITINGOU,2013,Octobre,10,78.5,8.0
NATITINGOU,2013,Novembre,11,36.1,2.0
NATITINGOU,2013,Décembre,12,0.0,0.0
PEHUNCO,2013,Janvier,1,0.0,0.0
PEHUNCO,2013,Février,2,0.0,0.0
PEHUNCO,2013,Mars,3,39.0,5.0
PEHUNCO,2013,Avril,4,80.60000000000001,5.0
PEHUNCO,2013,Mai,5,116.30000000000001,7.0
PEHUNCO,2013,Juin,6,208.1,10.0
PEHUNCO,2013,Juillet,7,158.2,10.0
PEHUNCO,2013,Août,8,180.12,9.0
PEHUNCO,2013,Septembre,9,238.0333333333333,12.0
PEHUNCO,2013,Octobre,10,59.2,4.0
PEHUNCO,2013,Novembre,11,18.3,1.0
PEHUNCO,2013,Décembre,12,0.0,0.0
TANGUIETA,2013,Janvier,1,0.0,0.0
TANGUIETA,2013,Février,2,7.6,2.0
TANGUIETA,2013,Mars,3,16.700000000000003,3.0
TANGUIETA,2013,Avril,4,78.6,8.0
TANGUIETA,2013,Mai,5,81.6,6.0
TANGUIETA,2013,Juin,6,173.6,10.0
TANGUIETA,2013,Juillet,7,115.1,13.0
TANGUIETA,2013,Août,8,251.3,13.0
TANGUIETA,2013,Septembre,9,351.56666666666666,10.666666666666668
TANGUIETA,2013,Octobre,10,119.1,7.0
TANGUIETA,2013,Novembre,11,5.0,1.0
TANGUIETA,2013,Décembre,12,0.0,0.0
TOUCOUNTOUNA,2013,Janvier,1,0.0,0.0
TOUCOUNTOUNA,2013,Février,2,7.1,2.0
TOUCOUNTOUNA,2013,Mars,3,33.2,4.0
TOUCOUNTOUNA,2013,Avril,4,9.2,2.0
TOUCOUNTOUNA,2013,Mai,5,105.0,5.0
TOUCOUNTOUNA,2013,Juin,6,131.8,8.0
TOUCOUNTOUNA,2013,Juillet,7,89.19999999999999,8.0
TOUCOUNTOUNA,2013,Août,8,160.4,9.0
TOUCOUNTOUNA,2013,Septembre,9,213.1,13.333333333333334
TOUCOUNTOUNA,2013,Octobre,10,77.1,10.0
TOUCOUNTOUNA,2013,Novembre,11,14.0,2.0
TOUCOUNTOUNA,2013,Décembre,12,0.0,0.0
DEPART. ATACORA,2013,Janvier,1,0.0,0.0
DEPART. ATACORA,2013,Février,2,3.988888888888889,1.0
DEPART. ATACORA,2013,Mars,3,33.58888888888888,3.0
DEPART. ATACORA,2013,Avril,4,84.83333333333334,6.0
DEPART. ATACORA,2013,Mai,5,126.24444444444445,8.0
DEPART. ATACORA,2013,Juin,6,170.96666666666664,8.88888888888889
DEPART. ATACORA,2013,Juillet,7,131.61111111111111,10.11111111111111
DEPART. ATACORA,2013,Août,8,199.59990740740741,11.0
DEPART. ATACORA,2013,Septembre,9,252.6277777777778,13.466666666666665
DEPART. ATACORA,2013,Octobre,10,69.55555555555556,6.0
DEPART. ATACORA,2013,Novembre,11,17.833333333333336,1.3333333333333333
DEPART. ATACORA,2013,Décembre,12,0.0,0.0
BASSILA,2013,Janvier,1,0.0,0.0
BASSILA,2013,Février,2,0.0,0.0
BASSILA,2013,Mars,3,93.2,7.0
BASSILA,2013,Avril,4,170.8,8.0
BASSILA,2013,Mai,5,143.6,10.0
BASSILA,2013,Juin,6,95.8,7.0
BASSILA,2013,Juillet,7,142.2,9.0
BASSILA,2013,Août,8,139.79,7.0
BASSILA,2013,Septembre,9,100.825,9.25
BASSILA,2013,Octobre,10,70.5,5.0
BASSILA,2013,Novembre,11,23.7,1.0
BASSILA,2013,Décembre,12,0.0,0.0
COPARGO,2013,Janvier,1,0.0,0.0
COPARGO,2013,Février,2,0.0,0.0
COPARGO,2013,Mars,3,53.5,5.0
COPARGO,2013,Avril,4,43.3,6.0
COPARGO,2013,Mai,5,142.7,12.0
COPARGO,2013,Juin,6,130.7,10.0
COPARGO,2013,Juillet,7,157.2,11.0
COPARGO,2013,Août,8,158.86666666666665,9.0
COPARGO,2013,Septembre,9,233.80666666666667,12.333333333333332
COPARGO,2013,Octobre,10,72.0,8.0
COPARGO,2013,Novembre,11,28.9,1.0
COPARGO,2013,Décembre,12,0.0,0.0
DJOUGOU,2013,Janvier,1,0.0,0.0
DJOUGOU,2013,Février,2,0.0,0.0
DJOUGOU,2013,Mars,3,67.5,5.0
DJOUGOU,2013,Avril,4,77.7,5.0
DJOUGOU,2013,Mai,5,170.7,11.0
DJOUGOU,2013,Juin,6,129.5,9.0
DJOUGOU,2013,Juillet,7,170.20000000000002,10.0
DJOUGOU,2013,Août,8,206.2138888888889,9.0
DJOUGOU,2013,Septembre,9,186.98888888888888,11.11111111111111
DJOUGOU,2013,Octobre,10,60.5,5.0
DJOUGOU,2013,Novembre,11,34.7,1.0
DJOUGOU,2013,Décembre,12,0.0,0.0
OUAKE,2013,Janvier,1,0.0,0.0
OUAKE,2013,Février,2,0.0,0.0
OUAKE,2013,Mars,3,90.0,6.0
OUAKE,2013,Avril,4,83.5,7.0
OUAKE,2013,Mai,5,129.7,7.0
OUAKE,2013,Juin,6,175.5,10.0
OUAKE,2013,Juillet,7,164.5,12.0
OUAKE,2013,Août,8,142.0,9.0
OUAKE,2013,Septembre,9,248.5,13.5
OUAKE,2013,Octobre,10,86.5,7.0
OUAKE,2013,Novembre,11,39.5,1.0
OUAKE,2013,Décembre,12,0.0,0.0
DEPART. DONGA,2013,Janvier,1,0.0,0.0
DEPART. DONGA,2013,Février,2,0.0,0.0
DEPART. DONGA,2013,Mars,3,76.05,6.0
DEPART. DONGA,2013,Avril,4,93.825,7.0
DEPART. DONGA,2013,Mai,5,91.67500000000001,6.0
DEPART. DONGA,2013,Juin,6,132.875,9.0
DEPART. DONGA,2013,Juillet,7,158.525,10.5
DEPART. DONGA,2013,Août,8,161.71763888888887,9.0
DEPART. DONGA,2013,Septembre,9,192.53013888888887,11.54861111111111
DEPART. DONGA,2013,Octobre,10,72.375,6.25
DEPART. DONGA,2013,Novembre,11,31.7,1.0
DEPART. DONGA,2013,Décembre,12,0.0,0.0
ABOMEY,2013,Janvier,1,0.0,0.0
ABOMEY,2013,Février,2,48.75,3.0
ABOMEY,2013,Mars,3,74.10499999999999,3.0
ABOMEY,2013,Avril,4,163.5,4.0
ABOMEY,2013,Mai,5,196.075,7.0
ABOMEY,2013,Juin,6,73.4,3.0
ABOMEY,2013,Juillet,7,155.5,6.0
ABOMEY,2013,Août,8,15.5,2.0
ABOMEY,2013,Septembre,9,89.05000000000001,6.0
ABOMEY,2013,Octobre,10,96.8,6.0
ABOMEY,2013,Novembre,11,90.3,2.0
ABOMEY,2013,Décembre,12,0.0,0.0
AGBANGNIZOUN,2013,Janvier,1,0.0,0.0
AGBANGNIZOUN,2013,Février,2,2.5,1.0
AGBANGNIZOUN,2013,Mars,3,50.0,2.0
AGBANGNIZOUN,2013,Avril,4,107.0,6.0
AGBANGNIZOUN,2013,Mai,5,118.0,8.0
AGBANGNIZOUN,2013,Juin,6,126.0,6.0
AGBANGNIZOUN,2013,Juillet,7,141.0,8.0
AGBANGNIZOUN,2013,Août,8,21.5,2.0
AGBANGNIZOUN,2013,Septembre,9,104.0,14.0
AGBANGNIZOUN,2013,Octobre,10,70.0,8.0
AGBANGNIZOUN,2013,Novembre,11,30.25,5.0
AGBANGNIZOUN,2013,Décembre,12,0.0,0.0
BOHICON,2013,Janvier,1,0.0,0.0
BOHICON,2013,Février,2,17.0,2.0
BOHICON,2013,Mars,3,38.0,1.0
BOHICON,2013,Avril,4,81.95,5.0
BOHICON,2013,Mai,5,81.9,6.0
BOHICON,2013,Juin,6,115.30000000000001,7.0
BOHICON,2013,Juillet,7,106.1,8.0
BOHICON,2013,Août,8,11.5,1.0
BOHICON,2013,Septembre,9,70.65,6.0
BOHICON,2013,Octobre,10,24.1,2.5
BOHICON,2013,Novembre,11,136.0,2.0
BOHICON,2013,Décembre,12,0.0,0.0
COVE,2013,Janvier,1,0.0,0.0
COVE,2013,Février,2,0.0,0.0
COVE,2013,Mars,3,28.0,3.0
COVE,2013,Avril,4,88.875,6.0
COVE,2013,Mai,5,128.77777777777777,7.0
COVE,2013,Juin,6,75.83,4.0
COVE,2013,Juillet,7,117.44999999999999,6.0
COVE,2013,Août,8,60.1,2.0
COVE,2013,Septembre,9,170.05,9.0
COVE,2013,Octobre,10,41.97,4.0
COVE,2013,Novembre,11,14.46,0.5
COVE,2013,Décembre,12,0.0,0.0
DJIDJA,2013,Janvier,1,0.0,0.0
DJIDJA,2013,Février,2,0.0,0.0
DJIDJA,2013,Mars,3,135.0,3.0
DJIDJA,2013,Avril,4,130.25,6.0
DJIDJA,2013,Mai,5,119.75,6.0
DJIDJA,2013,Juin,6,132.25,6.0
DJIDJA,2013,Juillet,7,144.7,5.0
DJIDJA,2013,Août,8,40.8,2.0
DJIDJA,2013,Septembre,9,50.35,4.0
DJIDJA,2013,Octobre,10,71.25999999999999,6.5
DJIDJA,2013,Novembre,11,36.0,2.0
DJIDJA,2013,Décembre,12,0.0,0.0
OUINHI,2013,Janvier,1,0.0,0.0
OUINHI,2013,Février,2,10.25,1.0
OUINHI,2013,Mars,3,102.71428571428572,5.0
OUINHI,2013,Avril,4,238.325,10.0
OUINHI,2013,Mai,5,99.33749999999999,5.0
OUINHI,2013,Juin,6,36.29,3.0
OUINHI,2013,Juillet,7,190.03,10.375
OUINHI,2013,Août,8,21.24,2.0
OUINHI,2013,Septembre,9,135.305,9.5
OUINHI,2013,Octobre,10,89.85,6.01
OUINHI,2013,Novembre,11,14.17,1.51
OUINHI,2013,Décembre,12,0.0,0.0
ZAGNANADO,2013,Janvier,1,0.0,0.0
ZAGNANADO,2013,Février,2,11.0,1.0
ZAGNANADO,2013,Mars,3,81.5,6.0
ZAGNANADO,2013,Avril,4,127.0,7.0
ZAGNANADO,2013,Mai,5,129.7,5.0
ZAGNANADO,2013,Juin,6,63.7,4.0
ZAGNANADO,2013,Juillet,7,97.69,5.8100000000000005
ZAGNANADO,2013,Août,8,47.21,2.0
ZAGNANADO,2013,Septembre,9,71.167,4.1
ZAGNANADO,2013,Octobre,10,57.51,4.26
ZAGNANADO,2013,Novembre,11,0.0,0.0
ZAGNANADO,2013,Décembre,12,0.0,0.0
ZA-KPOTA,2013,Janvier,1,0.0,0.0
ZA-KPOTA,2013,Février,2,18.0,1.0
ZA-KPOTA,2013,Mars,3,152.75,6.0
ZA-KPOTA,2013,Avril,4,246.75,5.0
ZA-KPOTA,2013,Mai,5,144.5,6.0
ZA-KPOTA,2013,Juin,6,117.5,6.0
ZA-KPOTA,2013,Juillet,7,179.0,6.0
ZA-KPOTA,2013,Août,8,44.75,2.0
ZA-KPOTA,2013,Septembre,9,169.25,7.0
ZA-KPOTA,2013,Octobre,10,115.25,5.0
ZA-KPOTA,2013,Novembre,11,34.5,1.0
ZA-KPOTA,2013,Décembre,12,0.0,0.0
ZOGBODOMEY,2013,Janvier,1,0.0,0.0
ZOGBODOMEY,2013,Février,2,0.0,0.0
ZOGBODOMEY,2013,Mars,3,121.0,10.0
ZOGBODOMEY,2013,Avril,4,126.0,12.0
ZOGBODOMEY,2013,Mai,5,177.1,10.0
ZOGBODOMEY,2013,Juin,6,89.5,5.0
ZOGBODOMEY,2013,Juillet,7,123.41,6.5
ZOGBODOMEY,2013,Août,8,42.5,3.0
ZOGBODOMEY,2013,Septembre,9,163.5,8.0
ZOGBODOMEY,2013,Octobre,10,67.25,5.5
ZOGBODOMEY,2013,Novembre,11,0.0,0.0
ZOGBODOMEY,2013,Décembre,12,0.0,0.0
DEPART. ZOU,2013,Janvier,1,0.0,0.0
DEPART. ZOU,2013,Février,2,11.944444444444445,1.0
DEPART. ZOU,2013,Mars,3,87.00769841269842,5.0
DEPART. ZOU,2013,Avril,4,145.51666666666668,7.0
DEPART. ZOU,2013,Mai,5,132.79336419753085,7.0
DEPART. ZOU,2013,Juin,6,92.19666666666666,5.0
DEPART. ZOU,2013,Juillet,7,139.43111111111114,6.853888888888889
DEPART. ZOU,2013,Août,8,33.900000000000006,2.0
DEPART. ZOU,2013,Septembre,9,113.70244444444445,7.51111111111111
DEPART. ZOU,2013,Octobre,10,70.44333333333333,5.307777777777777
DEPART. ZOU,2013,Novembre,11,39.52,1.5566666666666666
DEPART. ZOU,2013,Décembre,12,0.0,0.0
BANTE,2013,Janvier,1,0.0,0.0
BANTE,2013,Février,2,15.525,2.0
BANTE,2013,Mars,3,72.25,5.0
BANTE,2013,Avril,4,128.35,6.0
BANTE,2013,Mai,5,81.43333333333334,7.0
BANTE,2013,Juin,6,96.9,6.0
BANTE,2013,Juillet,7,140.3,7.0
BANTE,2013,Août,8,114.19999999999999,7.0
BANTE,2013,Septembre,9,140.5,11.0
BANTE,2013,Octobre,10,98.9,6.0
BANTE,2013,Novembre,11,0.0,0.0
BANTE,2013,Décembre,12,0.0,0.0
DASSA-ZOUME,2013,Janvier,1,0.0,0.0
DASSA-ZOUME,2013,Février,2,21.375,2.0
DASSA-ZOUME,2013,Mars,3,91.4,4.0
DASSA-ZOUME,2013,Avril,4,68.64,6.0
DASSA-ZOUME,2013,Mai,5,121.0,6.0
DASSA-ZOUME,2013,Juin,6,121.94,5.0
DASSA-ZOUME,2013,Juillet,7,112.07,6.0
DASSA-ZOUME,2013,Août,8,90.72,3.0
DASSA-ZOUME,2013,Septembre,9,143.95,7.8
DASSA-ZOUME,2013,Octobre,10,50.379999999999995,4.0
DASSA-ZOUME,2013,Novembre,11,0.0,0.0
DASSA-ZOUME,2013,Décembre,12,0.0,0.0
GLAZOUE,2013,Janvier,1,0.0,0.0
GLAZOUE,2013,Février,2,0.0,0.0
GLAZOUE,2013,Mars,3,63.33333333333333,4.0
GLAZOUE,2013,Avril,4,101.83333333333333,4.0
GLAZOUE,2013,Mai,5,95.66666666666666,6.0
GLAZOUE,2013,Juin,6,55.17,4.0
GLAZOUE,2013,Juillet,7,123.42999999999999,6.0
GLAZOUE,2013,Août,8,151.5,6.0
GLAZOUE,2013,Septembre,9,66.43,4.0
GLAZOUE,2013,Octobre,10,41.5,3.0
GLAZOUE,2013,Novembre,11,0.0,0.0
GLAZOUE,2013,Décembre,12,0.0,0.0
OUESSE,2013,Janvier,1,0.0,0.0
OUESSE,2013,Février,2,37.06,2.0
OUESSE,2013,Mars,3,70.55,4.0
OUESSE,2013,Avril,4,100.65,8.0
OUESSE,2013,Mai,5,112.5,9.0
OUESSE,2013,Juin,6,56.46,4.0
OUESSE,2013,Juillet,7,103.02000000000001,8.2
OUESSE,2013,Août,8,84.4,7.0
OUESSE,2013,Septembre,9,155.16,9.6
OUESSE,2013,Octobre,10,152.41000000000003,8.0
OUESSE,2013,Novembre,11,0.0,0.0
OUESSE,2013,Décembre,12,0.0,0.0
SAVALOU,2013,Janvier,1,0.0,0.0
SAVALOU,2013,Février,2,0.0,0.0
SAVALOU,2013,Mars,3,129.6,6.0
SAVALOU,2013,Avril,4,134.39999999999998,7.0
SAVALOU,2013,Mai,5,134.73,7.0
SAVALOU,2013,Juin,6,55.2,3.0
SAVALOU,2013,Juillet,7,142.54000000000002,6.0
SAVALOU,2013,Août,8,125.00999999999999,5.0
SAVALOU,2013,Septembre,9,109.3,7.0
SAVALOU,2013,Octobre,10,78.8,5.0
SAVALOU,2013,Novembre,11,0.0,0.0
SAVALOU,2013,Décembre,12,0.0,0.0
SAVE,2013,Janvier,1,0.0,0.0
SAVE,2013,Février,2,14.533333333333331,1.0
SAVE,2013,Mars,3,134.9,9.0
SAVE,2013,Avril,4,97.3,12.0
SAVE,2013,Mai,5,131.1,10.0
SAVE,2013,Juin,6,103.15,7.0
SAVE,2013,Juillet,7,88.65,11.0
SAVE,2013,Août,8,95.16,4.0
SAVE,2013,Septembre,9,145.2,12.5
SAVE,2013,Octobre,10,95.96,12.0
SAVE,2013,Novembre,11,0.0,0.0
SAVE,2013,Décembre,12,0.0,0.0
DEPART. COLLINES,2013,Janvier,1,0.0,0.0
DEPART. COLLINES,2013,Février,2,14.74888888888889,2.0
DEPART. COLLINES,2013,Mars,3,93.67222222222222,6.0
DEPART. COLLINES,2013,Avril,4,105.19555555555554,8.0
DEPART. COLLINES,2013,Mai,5,112.73833333333334,8.0
DEPART. COLLINES,2013,Juin,6,81.46999999999998,5.0
DEPART. COLLINES,2013,Juillet,7,118.33500000000002,7.366666666666667
DEPART. COLLINES,2013,Août,8,110.16499999999998,6.0
DEPART. COLLINES,2013,Septembre,9,126.75666666666666,8.65
DEPART. COLLINES,2013,Octobre,10,86.325,6.333333333333333
DEPART. COLLINES,2013,Novembre,11,0.0,0.0
DEPART. COLLINES,2013,Décembre,12,0.0,0.0
ATHIEME,2013,Janvier,1,0.0,0.0
ATHIEME,2013,Février,2,0.0,0.0
ATHIEME,2013,Mars,3,99.45,3.5
ATHIEME,2013,Avril,4,136.64999999999998,6.0
ATHIEME,2013,Mai,5,119.425,8.0
ATHIEME,2013,Juin,6,48.825,5.0
ATHIEME,2013,Juillet,7,78.825,6.25
ATHIEME,2013,Août,8,35.375,1.0
ATHIEME,2013,Septembre,9,84.575,5.5
ATHIEME,2013,Octobre,10,188.5075,10.5
ATHIEME,2013,Novembre,11,68.1,2.5
ATHIEME,2013,Décembre,12,2.85,1.0
BOPA,2013,Janvier,1,0.0,0.0
BOPA,2013,Février,2,2.875,1.0
BOPA,2013,Mars,3,118.64999999999999,3.0
BOPA,2013,Avril,4,189.45,7.0
BOPA,2013,Mai,5,176.865,8.0
BOPA,2013,Juin,6,65.855,5.0
BOPA,2013,Juillet,7,88.89,6.0
BOPA,2013,Août,8,83.125,2.0
BOPA,2013,Septembre,9,84.85,9.5
BOPA,2013,Octobre,10,65.955,8.0
BOPA,2013,Novembre,11,21.2,2.5
BOPA,2013,Décembre,12,3.0,0.5
COME,2013,Janvier,1,0.0,0.0
COME,2013,Février,2,0.0,0.0
COME,2013,Mars,3,41.449999999999996,3.0
COME,2013,Avril,4,167.35,6.0
COME,2013,Mai,5,187.54999999999998,9.0
COME,2013,Juin,6,89.0,5.0
COME,2013,Juillet,7,25.85,3.0
COME,2013,Août,8,12.850000000000001,1.0
COME,2013,Septembre,9,82.85,5.0
COME,2013,Octobre,10,22.35,2.0
COME,2013,Novembre,11,46.3,4.5
COME,2013,Décembre,12,8.55,1.0
GRAND-POPO,2013,Janvier,1,0.0,0.0
GRAND-POPO,2013,Février,2,35.63333333333334,2.0
GRAND-POPO,2013,Mars,3,25.733333333333334,3.0
GRAND-POPO,2013,Avril,4,138.36666666666667,7.0
GRAND-POPO,2013,Mai,5,200.25333333333333,10.0
GRAND-POPO,2013,Juin,6,112.26999999999998,7.0
GRAND-POPO,2013,Juillet,7,19.433333333333334,2.3333333333333335
GRAND-POPO,2013,Août,8,19.95,2.0
GRAND-POPO,2013,Septembre,9,79.86666666666667,4.0
GRAND-POPO,2013,Octobre,10,4.466666666666667,0.3333333333333333
GRAND-POPO,2013,Novembre,11,32.055,2.3333333333333335
GRAND-POPO,2013,Décembre,12,0.0,0.0
HOUEYOGBE,2013,Janvier,1,0.0,0.0
HOUEYOGBE,2013,Février,2,47.5,3.0
HOUEYOGBE,2013,Mars,3,79.5,3.0
HOUEYOGBE,2013,Avril,4,132.125,6.0
HOUEYOGBE,2013,Mai,5,207.375,12.0
HOUEYOGBE,2013,Juin,6,70.875,6.0
HOUEYOGBE,2013,Juillet,7,55.25,7.25
HOUEYOGBE,2013,Août,8,43.349999999999994,1.0
HOUEYOGBE,2013,Septembre,9,157.375,11.25
HOUEYOGBE,2013,Octobre,10,64.6,8.25
HOUEYOGBE,2013,Novembre,11,74.5,4.0
HOUEYOGBE,2013,Décembre,12,3.55,1.0
LOKOSSA,2013,Janvier,1,14.25,1.0
LOKOSSA,2013,Février,2,79.425,1.0
LOKOSSA,2013,Mars,3,126.04999999999998,5.0
LOKOSSA,2013,Avril,4,198.17499999999998,7.0
LOKOSSA,2013,Mai,5,115.125,9.0
LOKOSSA,2013,Juin,6,83.72500000000001,5.0
LOKOSSA,2013,Juillet,7,144.375,5.5
LOKOSSA,2013,Août,8,27.958333333333336,2.0
LOKOSSA,2013,Septembre,9,66.925,6.5
LOKOSSA,2013,Octobre,10,130.3,10.5
LOKOSSA,2013,Novembre,11,42.3,3.75
LOKOSSA,2013,Décembre,12,3.0,0.5
DEPART. MONO,2013,Janvier,1,2.375,1.0
DEPART. MONO,2013,Février,2,27.572222222222223,1.0
DEPART. MONO,2013,Mars,3,81.80555555555556,4.0
DEPART. MONO,2013,Avril,4,160.35277777777776,7.0
DEPART. MONO,2013,Mai,5,167.76555555555555,9.0
DEPART. MONO,2013,Juin,6,76.85368421052632,5.0
DEPART. MONO,2013,Juillet,7,68.77055555555556,5.055555555555555
DEPART. MONO,2013,Août,8,37.101388888888884,2.0
DEPART. MONO,2013,Septembre,9,92.74027777777776,6.958333333333333
DEPART. MONO,2013,Octobre,10,104.50210526315789,7.368421052631579
DEPART. MONO,2013,Novembre,11,51.31894736842106,3.2836257309941517
DEPART. MONO,2013,Décembre,12,3.1947368421052635,0.5263157894736842
APLAHOUE,2013,Janvier,1,0.0,0.0
APLAHOUE,2013,Février,2,0.0,0.0
APLAHOUE,2013,Mars,3,162.36666666666667,5.0
APLAHOUE,2013,Avril,4,209.15,7.0
APLAHOUE,2013,Mai,5,199.78333333333333,8.0
APLAHOUE,2013,Juin,6,96.38333333333333,6.0
APLAHOUE,2013,Juillet,7,150.53333333333333,8.666666666666668
APLAHOUE,2013,Août,8,22.5,3.0
APLAHOUE,2013,Septembre,9,127.88333333333334,8.833333333333334
APLAHOUE,2013,Octobre,10,160.25,8.5
APLAHOUE,2013,Novembre,11,28.516666666666666,2.0
APLAHOUE,2013,Décembre,12,0.0,0.0
DJAKOTOMEY,2013,Janvier,1,11.425,1.0
DJAKOTOMEY,2013,Février,2,0.0,0.0
DJAKOTOMEY,2013,Mars,3,77.52000000000001,5.0
DJAKOTOMEY,2013,Avril,4,98.275,7.0
DJAKOTOMEY,2013,Mai,5,176.1,10.0
DJAKOTOMEY,2013,Juin,6,111.4,5.0
DJAKOTOMEY,2013,Juillet,7,173.45,9.25
DJAKOTOMEY,2013,Août,8,5.025,1.0
DJAKOTOMEY,2013,Septembre,9,219.40000000000003,13.0
DJAKOTOMEY,2013,Octobre,10,197.35,12.0
DJAKOTOMEY,2013,Novembre,11,88.925,4.25
DJAKOTOMEY,2013,Décembre,12,46.449999999999996,3.0
DOGBO,2013,Janvier,1,0.0,0.0
DOGBO,2013,Février,2,0.0,0.0
DOGBO,2013,Mars,3,109.61666666666667,5.0
DOGBO,2013,Avril,4,114.33333333333333,7.0
DOGBO,2013,Mai,5,134.03333333333333,10.0
DOGBO,2013,Juin,6,113.26666666666667,5.0
DOGBO,2013,Juillet,7,132.06666666666666,6.666666666666666
DOGBO,2013,Août,8,10.066666666666666,1.0
DOGBO,2013,Septembre,9,33.03333333333333,4.666666666666667
DOGBO,2013,Octobre,10,118.83333333333334,9.0
DOGBO,2013,Novembre,11,33.6,4.0
DOGBO,2013,Décembre,12,31.5,1.3333333333333333
KLOUEKANME,2013,Janvier,1,97.6,1.0
KLOUEKANME,2013,Février,2,0.0,0.0
KLOUEKANME,2013,Mars,3,47.08,3.0
KLOUEKANME,2013,Avril,4,63.03999999999999,6.0
KLOUEKANME,2013,Mai,5,164.54,9.0
KLOUEKANME,2013,Juin,6,87.98000000000002,5.0
KLOUEKANME,2013,Juillet,7,66.53999999999999,8.4
KLOUEKANME,2013,Août,8,18.2,2.0
KLOUEKANME,2013,Septembre,9,158.76,10.8
KLOUEKANME,2013,Octobre,10,116.26,8.0
KLOUEKANME,2013,Novembre,11,41.76,3.8
KLOUEKANME,2013,Décembre,12,5.02,1.2
LALO,2013,Janvier,1,0.0,0.0
LALO,2013,Février,2,0.0,0.0
LALO,2013,Mars,3,24.75,3.0
LALO,2013,Avril,4,66.41499999999999,5.0
LALO,2013,Mai,5,129.25,6.0
LALO,2013,Juin,6,168.5,8.0
LALO,2013,Juillet,7,147.5,7.0
LALO,2013,Août,8,8.5,1.0
LALO,2013,Septembre,9,97.5,4.75
LALO,2013,Octobre,10,85.25,5.75
LALO,2013,Novembre,11,6.0,0.25
LALO,2013,Décembre,12,9.0,0.75
TOVIKLIN,2013,Janvier,1,0.0,0.0
TOVIKLIN,2013,Février,2,0.0,0.0
TOVIKLIN,2013,Mars,3,97.86000000000001,4.0
TOVIKLIN,2013,Avril,4,84.02666666666666,4.0
TOVIKLIN,2013,Mai,5,164.17,10.0
TOVIKLIN,2013,Juin,6,93.5,7.0
TOVIKLIN,2013,Juillet,7,128.84,9.0
TOVIKLIN,2013,Août,8,0.0,0.0
TOVIKLIN,2013,Septembre,9,130.20666666666665,8.333333333333334
TOVIKLIN,2013,Octobre,10,78.27333333333334,8.666666666666666
TOVIKLIN,2013,Novembre,11,43.4,4.333333333333333
TOVIKLIN,2013,Décembre,12,33.33333333333333,2.666666666666667
DEPART. COUFFO,2013,Janvier,1,18.17083333333333,1.0
DEPART. COUFFO,2013,Février,2,0.0,0.0
DEPART. COUFFO,2013,Mars,3,86.53222222222223,4.0
DEPART. COUFFO,2013,Avril,4,105.87333333333332,6.0
DEPART. COUFFO,2013,Mai,5,161.31277777777777,9.0
DEPART. COUFFO,2013,Juin,6,110.32399999999998,6.0
DEPART. COUFFO,2013,Juillet,7,133.155,8.16388888888889
DEPART. COUFFO,2013,Août,8,10.715277777777779,2.0
DEPART. COUFFO,2013,Septembre,9,127.79722222222222,8.397222222222224
DEPART. COUFFO,2013,Octobre,10,126.03611111111111,8.652777777777777
DEPART. COUFFO,2013,Novembre,11,40.36694444444444,3.1055555555555556
DEPART. COUFFO,2013,Décembre,12,20.883888888888887,1.4916666666666665
ADJARRA,2013,Janvier,1,58.1,3.0
ADJARRA,2013,Février,2,0.0,0.0
ADJARRA,2013,Mars,3,42.5,4.0
ADJARRA,2013,Avril,4,186.7,7.0
ADJARRA,2013,Mai,5,190.7,10.0
ADJARRA,2013,Juin,6,114.3,6.0
ADJARRA,2013,Juillet,7,135.60000000000002,6.0
ADJARRA,2013,Août,8,0.0,0.0
ADJARRA,2013,Septembre,9,61.25,7.0
ADJARRA,2013,Octobre,10,110.455,5.0
ADJARRA,2013,Novembre,11,46.3,3.5
ADJARRA,2013,Décembre,12,59.0,2.0
ADJOHOUN,2013,Janvier,1,66.33333333333333,3.0
ADJOHOUN,2013,Février,2,10.7,2.0
ADJOHOUN,2013,Mars,3,106.03333333333333,3.0
ADJOHOUN,2013,Avril,4,66.33333333333333,3.0
ADJOHOUN,2013,Mai,5,195.16666666666669,9.0
ADJOHOUN,2013,Juin,6,59.93333333333332,3.0
ADJOHOUN,2013,Juillet,7,145.53333333333333,7.333333333333333
ADJOHOUN,2013,Août,8,53.93333333333334,3.0
ADJOHOUN,2013,Septembre,9,196.23333333333335,9.0
ADJOHOUN,2013,Octobre,10,137.86666666666667,10.0
ADJOHOUN,2013,Novembre,11,66.2,2.3333333333333335
ADJOHOUN,2013,Décembre,12,11.133333333333333,1.0
AGUEGUES,2013,Janvier,1,93.47,2.0
AGUEGUES,2013,Février,2,22.066666666666666,1.0
AGUEGUES,2013,Mars,3,172.07,3.0
AGUEGUES,2013,Avril,4,140.72,5.0
AGUEGUES,2013,Mai,5,233.13,7.0
AGUEGUES,2013,Juin,6,215.3,8.0
AGUEGUES,2013,Juillet,7,131.60000000000002,6.0
AGUEGUES,2013,Août,8,0.0,0.0
AGUEGUES,2013,Septembre,9,107.2,6.0
AGUEGUES,2013,Octobre,10,226.6,10.0
AGUEGUES,2013,Novembre,11,172.7,6.0
AGUEGUES,2013,Décembre,12,18.7,1.0
AKPRO-MISSERETE,2013,Janvier,1,95.5,3.0
AKPRO-MISSERETE,2013,Février,2,23.0,1.0
AKPRO-MISSERETE,2013,Mars,3,157.5,5.0
AKPRO-MISSERETE,2013,Avril,4,138.5,6.0
AKPRO-MISSERETE,2013,Mai,5,189.6,9.0
AKPRO-MISSERETE,2013,Juin,6,34.5,2.0
AKPRO-MISSERETE,2013,Juillet,7,58.0,5.5
AKPRO-MISSERETE,2013,Août,8,13.5,1.0
AKPRO-MISSERETE,2013,Septembre,9,155.0,6.5
AKPRO-MISSERETE,2013,Octobre,10,94.15,5.0
AKPRO-MISSERETE,2013,Novembre,11,46.5,2.5
AKPRO-MISSERETE,2013,Décembre,12,20.0,1.0
AVRANKOU,2013,Janvier,1,18.2,2.0
AVRANKOU,2013,Février,2,0.0,0.0
AVRANKOU,2013,Mars,3,88.6,3.0
AVRANKOU,2013,Avril,4,139.1,8.0
AVRANKOU,2013,Mai,5,230.5,11.0
AVRANKOU,2013,Juin,6,136.6,7.0
AVRANKOU,2013,Juillet,7,122.4,8.0
AVRANKOU,2013,Août,8,4.7,1.0
AVRANKOU,2013,Septembre,9,102.5,16.0
AVRANKOU,2013,Octobre,10,130.0,14.0
AVRANKOU,2013,Novembre,11,61.5,6.0
AVRANKOU,2013,Décembre,12,4.2,1.0
BONOU,2013,Janvier,1,21.55,1.0
BONOU,2013,Février,2,10.483333333333334,2.0
BONOU,2013,Mars,3,75.15,4.0
BONOU,2013,Avril,4,100.25,6.0
BONOU,2013,Mai,5,235.20000000000002,10.0
BONOU,2013,Juin,6,48.9,4.0
BONOU,2013,Juillet,7,116.65,7.0
BONOU,2013,Août,8,30.35,2.0
BONOU,2013,Septembre,9,144.55,7.5
BONOU,2013,Octobre,10,182.2,8.5
BONOU,2013,Novembre,11,0.0,0.0
BONOU,2013,Décembre,12,0.0,0.0
DANGBO,2013,Janvier,1,77.5,2.0
DANGBO,2013,Février,2,43.46666666666667,1.0
DANGBO,2013,Mars,3,79.30000000000001,4.0
DANGBO,2013,Avril,4,180.8,7.0
DANGBO,2013,Mai,5,262.4,9.0
DANGBO,2013,Juin,6,99.6,7.0
DANGBO,2013,Juillet,7,73.7,8.0
DANGBO,2013,Août,8,1.5,1.0
DANGBO,2013,Septembre,9,148.1,7.0
DANGBO,2013,Octobre,10,78.4,7.0
DANGBO,2013,Novembre,11,111.58,6.0
DANGBO,2013,Décembre,12,0.0,0.0
PORTO-NOVO,2013,Janvier,1,73.65,3.0
PORTO-NOVO,2013,Février,2,42.8,1.0
PORTO-NOVO,2013,Mars,3,76.8,5.0
PORTO-NOVO,2013,Avril,4,305.15,10.0
PORTO-NOVO,2013,Mai,5,163.95000000000002,11.0
PORTO-NOVO,2013,Juin,6,84.85,6.0
PORTO-NOVO,2013,Juillet,7,126.5,7.5
PORTO-NOVO,2013,Août,8,1.0,1.0
PORTO-NOVO,2013,Septembre,9,79.95,8.0
PORTO-NOVO,2013,Octobre,10,137.64999999999998,10.0
PORTO-NOVO,2013,Novembre,11,25.35,2.5
PORTO-NOVO,2013,Décembre,12,24.9,1.5
SEME-PODJI,2013,Janvier,1,0.0,0.0
SEME-PODJI,2013,Février,2,29.2,1.0
SEME-PODJI,2013,Mars,3,67.95,4.0
SEME-PODJI,2013,Avril,4,117.1,5.0
SEME-PODJI,2013,Mai,5,168.15,4.0
SEME-PODJI,2013,Juin,6,155.64999999999998,6.0
SEME-PODJI,2013,Juillet,7,85.25,5.5
SEME-PODJI,2013,Août,8,1.3,1.0
SEME-PODJI,2013,Septembre,9,118.7,6.5
SEME-PODJI,2013,Octobre,10,116.45,10.0
SEME-PODJI,2013,Novembre,11,58.5,1.5
SEME-PODJI,2013,Décembre,12,0.0,0.0
DEPART. OUEME,2013,Janvier,1,55.360625,3.0
DEPART. OUEME,2013,Février,2,36.84,2.0
DEPART. OUEME,2013,Mars,3,91.741875,4.0
DEPART. OUEME,2013,Avril,4,152.73925925925926,7.0
DEPART. OUEME,2013,Mai,5,207.6440740740741,9.0
DEPART. OUEME,2013,Juin,6,88.5125,5.0
DEPART. OUEME,2013,Juillet,7,110.58148148148149,6.759259259259259
DEPART. OUEME,2013,Août,8,11.80925925925926,2.0
DEPART. OUEME,2013,Septembre,9,123.72037037037038,8.166666666666666
DEPART. OUEME,2013,Octobre,10,134.8635185185185,8.833333333333334
DEPART. OUEME,2013,Novembre,11,65.40333333333334,3.3703703703703707
DEPART. OUEME,2013,Décembre,12,15.325925925925926,0.8333333333333334
ADJA-OUERE,2013,Janvier,1,2.5,1.0
ADJA-OUERE,2013,Février,2,67.65,1.0
ADJA-OUERE,2013,Mars,3,37.666666666666664,2.0
ADJA-OUERE,2013,Avril,4,121.79999999999998,8.0
ADJA-OUERE,2013,Mai,5,130.76666666666668,7.0
ADJA-OUERE,2013,Juin,6,59.766666666666666,4.0
ADJA-OUERE,2013,Juillet,7,187.4333333333333,6.333333333333333
ADJA-OUERE,2013,Août,8,10.833333333333334,1.0
ADJA-OUERE,2013,Septembre,9,91.1,4.0
ADJA-OUERE,2013,Octobre,10,49.56666666666666,3.6666666666666665
ADJA-OUERE,2013,Novembre,11,0.0,0.0
ADJA-OUERE,2013,Décembre,12,18.099999999999998,0.6666666666666666
IFANGNI,2013,Janvier,1,0.0,0.0
IFANGNI,2013,Février,2,12.0,1.0
IFANGNI,2013,Mars,3,67.44000000000001,4.0
IFANGNI,2013,Avril,4,60.55,4.0
IFANGNI,2013,Mai,5,116.8,8.0
IFANGNI,2013,Juin,6,34.949999999999996,3.0
IFANGNI,2013,Juillet,7,70.1,5.0
IFANGNI,2013,Août,8,0.0,0.0
IFANGNI,2013,Septembre,9,94.9,10.5
IFANGNI,2013,Octobre,10,146.45,7.0
IFANGNI,2013,Novembre,11,45.099999999999994,3.0
IFANGNI,2013,Décembre,12,0.0,0.0
KETOU,2013,Janvier,1,6.0,1.0
KETOU,2013,Février,2,46.85,1.0
KETOU,2013,Mars,3,30.2,4.0
KETOU,2013,Avril,4,91.4,6.0
KETOU,2013,Mai,5,69.9,6.0
KETOU,2013,Juin,6,141.17999999999998,9.0
KETOU,2013,Juillet,7,129.3,6.0
KETOU,2013,Août,8,55.220000000000006,2.0
KETOU,2013,Septembre,9,148.7,6.4
KETOU,2013,Octobre,10,77.8,4.2
KETOU,2013,Novembre,11,9.8,1.0
KETOU,2013,Décembre,12,28.6,1.2
POBE,2013,Janvier,1,0.0,0.0
POBE,2013,Février,2,53.45,1.0
POBE,2013,Mars,3,108.66666666666667,5.0
POBE,2013,Avril,4,86.15,6.0
POBE,2013,Mai,5,169.02,9.0
POBE,2013,Juin,6,42.74000000000001,6.0
POBE,2013,Juillet,7,149.51999999999998,10.200000000000001
POBE,2013,Août,8,48.14,2.0
POBE,2013,Septembre,9,121.63,9.466666666666665
POBE,2013,Octobre,10,104.71333333333334,10.766666666666666
POBE,2013,Novembre,11,0.0,0.0
POBE,2013,Décembre,12,30.816666666666666,1.0
SAKETE,2013,Janvier,1,65.35000000000001,2.0
SAKETE,2013,Février,2,44.44,1.0
SAKETE,2013,Mars,3,82.63333333333334,4.0
SAKETE,2013,Avril,4,110.23333333333333,6.0
SAKETE,2013,Mai,5,182.23333333333332,10.0
SAKETE,2013,Juin,6,45.866666666666674,4.0
SAKETE,2013,Juillet,7,72.90666666666667,6.333333333333334
SAKETE,2013,Août,8,44.75,2.0
SAKETE,2013,Septembre,9,156.10000000000002,9.666666666666668
SAKETE,2013,Octobre,10,139.13333333333333,10.666666666666668
SAKETE,2013,Novembre,11,40.266666666666666,3.3333333333333335
SAKETE,2013,Décembre,12,7.333333333333333,1.0
DEPART. PLATEAU,2013,Janvier,1,12.975,2.0
DEPART. PLATEAU,2013,Février,2,10.483333333333334,2.0
DEPART. PLATEAU,2013,Mars,3,68.35684210526315,4.0
DEPART. PLATEAU,2013,Avril,4,94.02666666666667,6.0
DEPART. PLATEAU,2013,Mai,5,133.744,8.0
DEPART. PLATEAU,2013,Juin,6,72.57777777777777,6.0
DEPART. PLATEAU,2013,Juillet,7,121.85199999999998,6.773333333333333
DEPART. PLATEAU,2013,Août,8,31.788666666666664,2.0
DEPART. PLATEAU,2013,Septembre,9,122.48600000000002,8.006666666666666
DEPART. PLATEAU,2013,Octobre,10,103.53266666666666,7.26
DEPART. PLATEAU,2013,Novembre,11,19.03333333333333,1.4666666666666668
DEPART. PLATEAU,2013,Décembre,12,16.97,0.7733333333333333
ABOMEY-CALAVI,2013,Janvier,1,51.04,1.0
ABOMEY-CALAVI,2013,Février,2,84.7,2.0
ABOMEY-CALAVI,2013,Mars,3,65.6,5.0
ABOMEY-CALAVI,2013,Avril,4,220.8,6.0
ABOMEY-CALAVI,2013,Mai,5,232.4,8.0
ABOMEY-CALAVI,2013,Juin,6,186.20000000000002,11.0
ABOMEY-CALAVI,2013,Juillet,7,68.5,10.0
ABOMEY-CALAVI,2013,Août,8,0.0,0.0
ABOMEY-CALAVI,2013,Septembre,9,148.17000000000002,9.0
ABOMEY-CALAVI,2013,Octobre,10,77.9,8.0
ABOMEY-CALAVI,2013,Novembre,11,20.7,2.0
ABOMEY-CALAVI,2013,Décembre,12,0.0,0.0
ALLADA,2013,Janvier,1,24.0,4.0
ALLADA,2013,Février,2,38.47,1.0
ALLADA,2013,Mars,3,152.05,5.4
ALLADA,2013,Avril,4,90.87,6.0600000000000005
ALLADA,2013,Mai,5,228.22,8.5
ALLADA,2013,Juin,6,110.22,6.4
ALLADA,2013,Juillet,7,102.08,7.6
ALLADA,2013,Août,8,0.0,0.0
ALLADA,2013,Septembre,9,137.79000000000002,8.0
ALLADA,2013,Octobre,10,142.51,11.8
ALLADA,2013,Novembre,11,66.78,6.4
ALLADA,2013,Décembre,12,10.78,2.0
KPOMASSE,2013,Janvier,1,21.5,1.0
KPOMASSE,2013,Février,2,25.0,1.0
KPOMASSE,2013,Mars,3,40.5,3.0
KPOMASSE,2013,Avril,4,174.0,6.0
KPOMASSE,2013,Mai,5,174.5,9.0
KPOMASSE,2013,Juin,6,52.0,8.0
KPOMASSE,2013,Juillet,7,43.5,5.0
KPOMASSE,2013,Août,8,29.5,1.0
KPOMASSE,2013,Septembre,9,99.92,8.5
KPOMASSE,2013,Octobre,10,19.825,5.0
KPOMASSE,2013,Novembre,11,30.7,3.5
KPOMASSE,2013,Décembre,12,0.0,0.0
OUIDAH,2013,Janvier,1,23.13,1.67
OUIDAH,2013,Février,2,36.4,1.0
OUIDAH,2013,Mars,3,29.75,2.0
OUIDAH,2013,Avril,4,204.73000000000002,8.0
OUIDAH,2013,Mai,5,191.99,8.66
OUIDAH,2013,Juin,6,239.60000000000002,7.0
OUIDAH,2013,Juillet,7,99.94,6.66
OUIDAH,2013,Août,8,8.7,1.0
OUIDAH,2013,Septembre,9,50.86,5.99
OUIDAH,2013,Octobre,10,69.69,5.32
OUIDAH,2013,Novembre,11,34.23,2.0
OUIDAH,2013,Décembre,12,0.0,0.0
SO-AVA,2013,Janvier,1,68.66,2.0
SO-AVA,2013,Février,2,75.7,1.0
SO-AVA,2013,Mars,3,167.07999999999998,3.0
SO-AVA,2013,Avril,4,232.39,8.0
SO-AVA,2013,Mai,5,209.55,7.0
SO-AVA,2013,Juin,6,146.83999999999997,6.0
SO-AVA,2013,Juillet,7,79.57,5.0
SO-AVA,2013,Août,8,26.41,2.0
SO-AVA,2013,Septembre,9,242.79000000000002,7.0
SO-AVA,2013,Octobre,10,62.489999999999995,5.0
SO-AVA,2013,Novembre,11,14.96,2.0
SO-AVA,2013,Décembre,12,14.08,1.0
TOFFO,2013,Janvier,1,0.0,0.0
TOFFO,2013,Février,2,5.72,1.0
TOFFO,2013,Mars,3,104.0,4.0
TOFFO,2013,Avril,4,242.05,5.0
TOFFO,2013,Mai,5,185.83,7.0
TOFFO,2013,Juin,6,51.010000000000005,5.0
TOFFO,2013,Juillet,7,145.65,6.8
TOFFO,2013,Août,8,60.510000000000005,2.0
TOFFO,2013,Septembre,9,121.16,6.99
TOFFO,2013,Octobre,10,174.12,8.82
TOFFO,2013,Novembre,11,52.21,2.66
TOFFO,2013,Décembre,12,0.0,0.0
TORI-BOSSITO,2013,Janvier,1,12.25,2.0
TORI-BOSSITO,2013,Février,2,19.5,1.0
TORI-BOSSITO,2013,Mars,3,7.0,2.0
TORI-BOSSITO,2013,Avril,4,156.38,7.5
TORI-BOSSITO,2013,Mai,5,202.38,10.0
TORI-BOSSITO,2013,Juin,6,84.255,5.0
TORI-BOSSITO,2013,Juillet,7,73.41,6.5
TORI-BOSSITO,2013,Août,8,10.5,1.0
TORI-BOSSITO,2013,Septembre,9,92.875,6.0
TORI-BOSSITO,2013,Octobre,10,127.875,9.5
TORI-BOSSITO,2013,Novembre,11,105.88,8.0
TORI-BOSSITO,2013,Décembre,12,5.625,0.99
ZE,2013,Janvier,1,26.88,2.0
ZE,2013,Février,2,14.64,1.0
ZE,2013,Mars,3,65.28,5.0
ZE,2013,Avril,4,117.12,6.0
ZE,2013,Mai,5,224.76,9.0
ZE,2013,Juin,6,52.68,5.0
ZE,2013,Juillet,7,112.80000000000001,8.0
ZE,2013,Août,8,10.5,1.0
ZE,2013,Septembre,9,127.56,5.0
ZE,2013,Octobre,10,63.67,5.0
ZE,2013,Novembre,11,121.44,6.0
ZE,2013,Décembre,12,0.0,0.0
DEPART. ATLANTIQUE,2013,Janvier,1,28.432499999999997,1.70875
DEPART. ATLANTIQUE,2013,Février,2,37.51625000000001,1.125
DEPART. ATLANTIQUE,2013,Mars,3,78.9075,3.675
DEPART. ATLANTIQUE,2013,Avril,4,179.79250000000002,6.57
DEPART. ATLANTIQUE,2013,Mai,5,206.20374999999999,8.395
DEPART. ATLANTIQUE,2013,Juin,6,115.35062499999998,6.675
DEPART. ATLANTIQUE,2013,Juillet,7,90.68125,6.945
DEPART. ATLANTIQUE,2013,Août,8,18.265,1.0
DEPART. ATLANTIQUE,2013,Septembre,9,127.640625,7.0600000000000005
DEPART. ATLANTIQUE,2013,Octobre,10,92.25999999999999,7.305000000000001
DEPART. ATLANTIQUE,2013,Novembre,11,55.862500000000004,4.07
DEPART. ATLANTIQUE,2013,Décembre,12,3.810625,0.49875
COTONOU,2013,Janvier,1,35.0,1.0
COTONOU,2013,Février,2,72.5,2.0
COTONOU,2013,Mars,3,46.25,2.0
COTONOU,2013,Avril,4,58.75,6.0
COTONOU,2013,Mai,5,357.38,9.0
COTONOU,2013,Juin,6,176.75,6.0
COTONOU,2013,Juillet,7,94.625,6.0
COTONOU,2013,Août,8,0.0,0.0
COTONOU,2013,Septembre,9,148.575,7.0
COTONOU,2013,Octobre,10,143.374,7.0
COTONOU,2013,Novembre,11,0.0,0.0
COTONOU,2013,Décembre,12,28.375,3.0
DEPART. LITTORAL,2013,Janvier,1,35.0,1.0
DEPART. LITTORAL,2013,Février,2,72.5,2.0
DEPART. LITTORAL,2013,Mars,3,46.25,2.0
DEPART. LITTORAL,2013,Avril,4,58.75,6.0
DEPART. LITTORAL,2013,Mai,5,357.38,9.0
DEPART. LITTORAL,2013,Juin,6,176.75,6.0
DEPART. LITTORAL,2013,Juillet,7,94.625,6.0
DEPART. LITTORAL,2013,Août,8,0.0,0.0
DEPART. LITTORAL,2013,Septembre,9,148.575,7.0
DEPART. LITTORAL,2013,Octobre,10,143.374,7.0
DEPART. LITTORAL,2013,Novembre,11,0.0,0.0
DEPART. LITTORAL,2013,Décembre,12,28.375,3.0
BENIN,2013,Janvier,1,12.829288194444445,1.0590625
BENIN,2013,Février,2,18.32033564814815,2.0
BENIN,2013,Mars,3,64.40460870057088,4.0
BENIN,2013,Avril,4,108.90835841049385,7.0
BENIN,2013,Mai,5,154.41215234604644,8.0
BENIN,2013,Juin,6,117.59392738791423,6.8872685185185185
BENIN,2013,Juillet,7,118.92510493827162,7.449614197530863
BENIN,2013,Août,8,82.13608101851851,5.0
BENIN,2013,Septembre,9,155.07425887345678,9.060300925925926
BENIN,2013,Octobre,10,94.1761978151397,6.643942495126706
BENIN,2013,Novembre,11,26.753199317738794,1.5988515269655619
BENIN,2013,Décembre,12,7.3800147214100065,0.5936165935672515
BEMBEREKE,2014,Janvier,1,0.0,0.0
BEMBEREKE,2014,Février,2,0.0,0.0
BEMBEREKE,2014,Mars,3,0.0,0.0
BEMBEREKE,2014,Avril,4,87.07,10.0
BEMBEREKE,2014,Mai,5,123.21000000000001,8.0
BEMBEREKE,2014,Juin,6,159.48,8.0
BEMBEREKE,2014,Juillet,7,122.17999999999999,6.0
BEMBEREKE,2014,Août,8,158.48000000000002,9.0
BEMBEREKE,2014,Septembre,9,165.54000000000002,11.0
BEMBEREKE,2014,Octobre,10,77.1,5.0
BEMBEREKE,2014,Novembre,11,0.0,0.0
BEMBEREKE,2014,Décembre,12,0.0,0.0
KALALE,2014,Janvier,1,12.0,1.0
KALALE,2014,Février,2,0.0,0.0
KALALE,2014,Mars,3,0.0,0.0
KALALE,2014,Avril,4,85.33,5.0
KALALE,2014,Mai,5,157.0,7.0
KALALE,2014,Juin,6,168.42000000000002,9.0
KALALE,2014,Juillet,7,120.80000000000001,5.0
KALALE,2014,Août,8,207.3,11.0
KALALE,2014,Septembre,9,215.4,12.0
KALALE,2014,Octobre,10,55.2,4.8
KALALE,2014,Novembre,11,0.0,0.0
KALALE,2014,Décembre,12,0.0,0.0
N'DALI,2014,Janvier,1,31.68,1.0
N'DALI,2014,Février,2,0.0,0.0
N'DALI,2014,Mars,3,14.5,3.0
N'DALI,2014,Avril,4,30.75,6.0
N'DALI,2014,Mai,5,184.15,8.0
N'DALI,2014,Juin,6,158.0,10.0
N'DALI,2014,Juillet,7,116.89999999999999,6.0
N'DALI,2014,Août,8,317.8,10.0
N'DALI,2014,Septembre,9,217.10000000000002,13.0
N'DALI,2014,Octobre,10,113.92999999999999,9.0
N'DALI,2014,Novembre,11,0.0,0.0
N'DALI,2014,Décembre,12,0.0,0.0
NIKKI,2014,Janvier,1,26.1,1.0
NIKKI,2014,Février,2,0.0,0.0
NIKKI,2014,Mars,3,2.5,1.0
NIKKI,2014,Avril,4,45.97,4.0
NIKKI,2014,Mai,5,246.43,8.0
NIKKI,2014,Juin,6,148.6,9.0
NIKKI,2014,Juillet,7,109.96000000000001,6.0
NIKKI,2014,Août,8,183.76999999999998,9.0
NIKKI,2014,Septembre,9,242.09000000000003,13.0
NIKKI,2014,Octobre,10,79.0,6.0
NIKKI,2014,Novembre,11,0.0,0.0
NIKKI,2014,Décembre,12,0.0,0.0
PARAKOU,2014,Janvier,1,11.0,1.0
PARAKOU,2014,Février,2,0.0,0.0
PARAKOU,2014,Mars,3,40.0,3.0
PARAKOU,2014,Avril,4,36.0,3.0
PARAKOU,2014,Mai,5,207.4,9.0
PARAKOU,2014,Juin,6,189.55999999999997,11.0
PARAKOU,2014,Juillet,7,100.99000000000001,6.0
PARAKOU,2014,Août,8,267.14,10.0
PARAKOU,2014,Septembre,9,249.73,15.0
PARAKOU,2014,Octobre,10,111.18,10.0
PARAKOU,2014,Novembre,11,0.0,0.0
PARAKOU,2014,Décembre,12,0.0,0.0
PERERE,2014,Janvier,1,23.7,1.0
PERERE,2014,Février,2,0.0,0.0
PERERE,2014,Mars,3,0.0,0.0
PERERE,2014,Avril,4,52.1,8.0
PERERE,2014,Mai,5,173.5,10.0
PERERE,2014,Juin,6,198.2,12.0
PERERE,2014,Juillet,7,152.0,6.0
PERERE,2014,Août,8,124.0,9.0
PERERE,2014,Septembre,9,244.5,17.0
PERERE,2014,Octobre,10,103.0,10.0
PERERE,2014,Novembre,11,0.0,0.0
PERERE,2014,Décembre,12,0.0,0.0
SINENDE,2014,Janvier,1,7.0,1.0
SINENDE,2014,Février,2,0.0,0.0
SINENDE,2014,Mars,3,7.0,1.0
SINENDE,2014,Avril,4,43.78,5.0
SINENDE,2014,Mai,5,117.52,7.0
SINENDE,2014,Juin,6,129.45999999999998,8.0
SINENDE,2014,Juillet,7,110.83,5.0
SINENDE,2014,Août,8,163.38,8.0
SINENDE,2014,Septembre,9,184.0,11.0
SINENDE,2014,Octobre,10,92.0,5.0
SINENDE,2014,Novembre,11,0.0,0.0
SINENDE,2014,Décembre,12,0.0,0.0
TCHAOUROU,2014,Janvier,1,0.0,1.0
TCHAOUROU,2014,Février,2,10.23,1.0
TCHAOUROU,2014,Mars,3,46.2,2.0
TCHAOUROU,2014,Avril,4,66.1,5.0
TCHAOUROU,2014,Mai,5,176.89000000000001,8.0
TCHAOUROU,2014,Juin,6,272.93,11.0
TCHAOUROU,2014,Juillet,7,166.43000000000004,6.0
TCHAOUROU,2014,Août,8,429.18000000000006,9.0
TCHAOUROU,2014,Septembre,9,188.71,10.0
TCHAOUROU,2014,Octobre,10,99.43,6.0
TCHAOUROU,2014,Novembre,11,0.0,0.0
TCHAOUROU,2014,Décembre,12,0.0,0.0
DEPART. BORGOU,2014,Janvier,1,13.935,0.875
DEPART. BORGOU,2014,Février,2,1.27875,0.125
DEPART. BORGOU,2014,Mars,3,13.775,1.25
DEPART. BORGOU,2014,Avril,4,55.8875,5.75
DEPART. BORGOU,2014,Mai,5,173.26250000000002,8.125
DEPART. BORGOU,2014,Juin,6,178.08125,9.75
DEPART. BORGOU,2014,Juillet,7,125.01125000000002,5.75
DEPART. BORGOU,2014,Août,8,231.38125,9.375
DEPART. BORGOU,2014,Septembre,9,213.38375000000002,12.75
DEPART. BORGOU,2014,Octobre,10,91.35500000000002,6.975
DEPART. BORGOU,2014,Novembre,11,0.0,0.0
DEPART. BORGOU,2014,Décembre,12,0.0,0.0
BANIKOARA,2014,Janvier,1,0.0,0.0
BANIKOARA,2014,Février,2,0.0,0.0
BANIKOARA,2014,Mars,3,0.0,0.0
BANIKOARA,2014,Avril,4,67.67,6.0
BANIKOARA,2014,Mai,5,67.16,5.0
BANIKOARA,2014,Juin,6,121.17999999999999,6.0
BANIKOARA,2014,Juillet,7,142.0,7.0
BANIKOARA,2014,Août,8,284.19,14.0
BANIKOARA,2014,Septembre,9,316.68999999999994,12.0
BANIKOARA,2014,Octobre,10,49.68000000000001,4.0
BANIKOARA,2014,Novembre,11,0.0,0.0
BANIKOARA,2014,Décembre,12,0.0,0.0
GOGOUNOU,2014,Janvier,1,20.0,1.0
GOGOUNOU,2014,Février,2,0.0,0.0
GOGOUNOU,2014,Mars,3,0.0,0.0
GOGOUNOU,2014,Avril,4,0.0,0.0
GOGOUNOU,2014,Mai,5,67.44,5.0
GOGOUNOU,2014,Juin,6,184.24,13.0
GOGOUNOU,2014,Juillet,7,109.17000000000002,8.0
GOGOUNOU,2014,Août,8,233.01,14.0
GOGOUNOU,2014,Septembre,9,215.88,14.0
GOGOUNOU,2014,Octobre,10,107.52000000000001,8.0
GOGOUNOU,2014,Novembre,11,0.0,0.0
GOGOUNOU,2014,Décembre,12,0.0,0.0
KANDI,2014,Janvier,1,15.1,1.0
KANDI,2014,Février,2,0.0,0.0
KANDI,2014,Mars,3,0.0,0.0
KANDI,2014,Avril,4,57.5,5.0
KANDI,2014,Mai,5,110.45,5.0
KANDI,2014,Juin,6,99.03,8.0
KANDI,2014,Juillet,7,173.06,9.0
KANDI,2014,Août,8,208.20000000000002,12.0
KANDI,2014,Septembre,9,286.2,11.0
KANDI,2014,Octobre,10,57.4,4.0
KANDI,2014,Novembre,11,0.0,0.0
KANDI,2014,Décembre,12,0.0,0.0
KARIMAMA,2014,Janvier,1,0.0,0.0
KARIMAMA,2014,Février,2,0.0,0.0
KARIMAMA,2014,Mars,3,0.0,0.0
KARIMAMA,2014,Avril,4,67.0,2.0
KARIMAMA,2014,Mai,5,136.0,4.0
KARIMAMA,2014,Juin,6,45.8,5.0
KARIMAMA,2014,Juillet,7,95.0,4.0
KARIMAMA,2014,Août,8,140.2,6.0
KARIMAMA,2014,Septembre,9,130.5,9.0
KARIMAMA,2014,Octobre,10,38.0,1.0
KARIMAMA,2014,Novembre,11,0.0,0.0
KARIMAMA,2014,Décembre,12,0.0,0.0
MALANVILLE,2014,Janvier,1,0.0,0.0
MALANVILLE,2014,Février,2,0.0,0.0
MALANVILLE,2014,Mars,3,0.0,0.0
MALANVILLE,2014,Avril,4,39.67,4.0
MALANVILLE,2014,Mai,5,66.85,6.0
MALANVILLE,2014,Juin,6,98.93,5.0
MALANVILLE,2014,Juillet,7,84.72,5.0
MALANVILLE,2014,Août,8,232.7,12.0
MALANVILLE,2014,Septembre,9,418.25,18.0
MALANVILLE,2014,Octobre,10,47.54,3.0
MALANVILLE,2014,Novembre,11,0.0,0.0
MALANVILLE,2014,Décembre,12,0.0,0.0
SEGBANA,2014,Janvier,1,6.2,1.0
SEGBANA,2014,Février,2,0.0,0.0
SEGBANA,2014,Mars,3,0.0,0.0
SEGBANA,2014,Avril,4,41.480000000000004,3.0
SEGBANA,2014,Mai,5,78.96,6.0
SEGBANA,2014,Juin,6,107.61,10.0
SEGBANA,2014,Juillet,7,154.39,7.0
SEGBANA,2014,Août,8,125.01,10.0
SEGBANA,2014,Septembre,9,268.85,15.0
SEGBANA,2014,Octobre,10,85.5,6.0
SEGBANA,2014,Novembre,11,0.0,0.0
SEGBANA,2014,Décembre,12,0.0,0.0
DEPART. ALIBORI,2014,Janvier,1,6.883333333333334,0.5
DEPART. ALIBORI,2014,Février,2,0.0,0.0
DEPART. ALIBORI,2014,Mars,3,0.0,0.0
DEPART. ALIBORI,2014,Avril,4,45.55333333333334,3.3333333333333335
DEPART. ALIBORI,2014,Mai,5,87.81,5.166666666666667
DEPART. ALIBORI,2014,Juin,6,109.46500000000002,7.833333333333333
DEPART. ALIBORI,2014,Juillet,7,126.39,6.666666666666667
DEPART. ALIBORI,2014,Août,8,203.88500000000002,11.333333333333334
DEPART. ALIBORI,2014,Septembre,9,272.7283333333333,13.166666666666666
DEPART. ALIBORI,2014,Octobre,10,64.27333333333334,4.333333333333333
DEPART. ALIBORI,2014,Novembre,11,0.0,0.0
DEPART. ALIBORI,2014,Décembre,12,0.0,0.0
BOUKOUMBE,2014,Janvier,1,0.0,0.0
BOUKOUMBE,2014,Février,2,0.0,0.0
BOUKOUMBE,2014,Mars,3,0.0,0.0
BOUKOUMBE,2014,Avril,4,92.9,6.0
BOUKOUMBE,2014,Mai,5,37.5,2.0
BOUKOUMBE,2014,Juin,6,42.8,4.0
BOUKOUMBE,2014,Juillet,7,131.2,8.0
BOUKOUMBE,2014,Août,8,148.1,10.0
BOUKOUMBE,2014,Septembre,9,246.6,14.0
BOUKOUMBE,2014,Octobre,10,100.2,10.0
BOUKOUMBE,2014,Novembre,11,81.9,6.0
BOUKOUMBE,2014,Décembre,12,0.0,0.0
COBLY,2014,Janvier,1,0.0,0.0
COBLY,2014,Février,2,0.0,0.0
COBLY,2014,Mars,3,2.0,1.0
COBLY,2014,Avril,4,91.7,6.0
COBLY,2014,Mai,5,34.2,3.0
COBLY,2014,Juin,6,86.30000000000001,9.0
COBLY,2014,Juillet,7,85.9,6.0
COBLY,2014,Août,8,112.9,12.0
COBLY,2014,Septembre,9,269.7,15.0
COBLY,2014,Octobre,10,106.5,7.0
COBLY,2014,Novembre,11,0.0,0.0
COBLY,2014,Décembre,12,0.0,0.0
KEROU,2014,Janvier,1,0.0,0.0
KEROU,2014,Février,2,0.0,0.0
KEROU,2014,Mars,3,2.7249999999999996,0.75
KEROU,2014,Avril,4,70.98571428571428,4.142857142857142
KEROU,2014,Mai,5,97.72857142857144,5.0
KEROU,2014,Juin,6,123.68571428571428,6.0
KEROU,2014,Juillet,7,127.02857142857144,7.0
KEROU,2014,Août,8,196.22571428571428,13.228571428571428
KEROU,2014,Septembre,9,148.72,9.0
KEROU,2014,Octobre,10,36.44,2.2
KEROU,2014,Novembre,11,0.0,0.0
KEROU,2014,Décembre,12,0.0,0.0
KOUANDE,2014,Janvier,1,11.433333333333332,0.3333333333333333
KOUANDE,2014,Février,2,0.0,0.0
KOUANDE,2014,Mars,3,17.333333333333332,1.0
KOUANDE,2014,Avril,4,122.59166666666667,6.666666666666667
KOUANDE,2014,Mai,5,86.395,6.0
KOUANDE,2014,Juin,6,234.06,11.0
KOUANDE,2014,Juillet,7,85.9625,8.0
KOUANDE,2014,Août,8,195.6,11.75
KOUANDE,2014,Septembre,9,258.93,14.399999999999999
KOUANDE,2014,Octobre,10,95.7775,9.0
KOUANDE,2014,Novembre,11,51.84166666666667,4.0
KOUANDE,2014,Décembre,12,0.0,0.0
MATERI,2014,Janvier,1,0.0,0.0
MATERI,2014,Février,2,0.0,0.0
MATERI,2014,Mars,3,21.3,1.0
MATERI,2014,Avril,4,121.3,3.0
MATERI,2014,Mai,5,52.8,4.0
MATERI,2014,Juin,6,108.8,8.0
MATERI,2014,Juillet,7,107.89999999999999,6.0
MATERI,2014,Août,8,107.7,11.0
MATERI,2014,Septembre,9,450.09999999999997,19.0
MATERI,2014,Octobre,10,90.5,6.0
MATERI,2014,Novembre,11,0.3,1.0
MATERI,2014,Décembre,12,0.0,0.0
NATITINGOU,2014,Janvier,1,0.7666666666666666,0.3333333333333333
NATITINGOU,2014,Février,2,0.0,0.0
NATITINGOU,2014,Mars,3,22.6,2.0
NATITINGOU,2014,Avril,4,177.7,9.0
NATITINGOU,2014,Mai,5,94.8,8.0
NATITINGOU,2014,Juin,6,246.53333333333333,13.0
NATITINGOU,2014,Juillet,7,121.30000000000001,9.0
NATITINGOU,2014,Août,8,121.59166666666667,8.0
NATITINGOU,2014,Septembre,9,281.3666666666667,12.666666666666666
NATITINGOU,2014,Octobre,10,114.6,8.0
NATITINGOU,2014,Novembre,11,34.46666666666667,3.0
NATITINGOU,2014,Décembre,12,0.0,0.0
PEHUNCO,2014,Janvier,1,7.8500000000000005,0.6666666666666666
PEHUNCO,2014,Février,2,0.0,0.0
PEHUNCO,2014,Mars,3,3.7600000000000002,1.0
PEHUNCO,2014,Avril,4,119.10333333333334,7.466666666666666
PEHUNCO,2014,Mai,5,115.71333333333334,7.0
PEHUNCO,2014,Juin,6,155.74333333333334,10.0
PEHUNCO,2014,Juillet,7,108.71666666666667,9.0
PEHUNCO,2014,Août,8,263.15,12.333333333333332
PEHUNCO,2014,Septembre,9,212.36666666666667,12.333333333333334
PEHUNCO,2014,Octobre,10,50.8,4.0
PEHUNCO,2014,Novembre,11,43.86666666666666,3.0
PEHUNCO,2014,Décembre,12,0.0,0.0
TANGUIETA,2014,Janvier,1,0.0,0.0
TANGUIETA,2014,Février,2,0.0,0.0
TANGUIETA,2014,Mars,3,27.7,2.0
TANGUIETA,2014,Avril,4,38.233333333333334,6.0
TANGUIETA,2014,Mai,5,48.96666666666667,5.0
TANGUIETA,2014,Juin,6,112.03333333333333,8.0
TANGUIETA,2014,Juillet,7,74.96666666666667,4.0
TANGUIETA,2014,Août,8,107.7,6.0
TANGUIETA,2014,Septembre,9,256.2,13.333333333333334
TANGUIETA,2014,Octobre,10,53.53333333333333,7.333333333333332
TANGUIETA,2014,Novembre,11,0.0,0.0
TANGUIETA,2014,Décembre,12,0.0,0.0
TOUCOUNTOUNA,2014,Janvier,1,0.0,0.0
TOUCOUNTOUNA,2014,Février,2,0.0,0.0
TOUCOUNTOUNA,2014,Mars,3,22.166666666666668,3.0
TOUCOUNTOUNA,2014,Avril,4,68.24166666666667,4.666666666666667
TOUCOUNTOUNA,2014,Mai,5,58.425,5.0
TOUCOUNTOUNA,2014,Juin,6,128.875,10.0
TOUCOUNTOUNA,2014,Juillet,7,112.01666666666667,7.0
TOUCOUNTOUNA,2014,Août,8,121.59166666666667,8.0
TOUCOUNTOUNA,2014,Septembre,9,247.49999999999997,15.333333333333332
TOUCOUNTOUNA,2014,Octobre,10,84.05,10.0
TOUCOUNTOUNA,2014,Novembre,11,1.0333333333333334,1.0
TOUCOUNTOUNA,2014,Décembre,12,0.0,0.0
DEPART. ATACORA,2014,Janvier,1,2.2277777777777774,0.14814814814814814
DEPART. ATACORA,2014,Février,2,0.0,0.0
DEPART. ATACORA,2014,Mars,3,13.287222222222223,1.3055555555555556
DEPART. ATACORA,2014,Avril,4,100.30619047619047,5.882539682539683
DEPART. ATACORA,2014,Mai,5,69.61428571428571,5.000000000000001
DEPART. ATACORA,2014,Juin,6,137.64230158730157,8.777777777777779
DEPART. ATACORA,2014,Juillet,7,106.11011904761905,7.111111111111111
DEPART. ATACORA,2014,Août,8,156.58526455026455,10.367989417989417
DEPART. ATACORA,2014,Septembre,9,263.4981481481482,13.896296296296295
DEPART. ATACORA,2014,Octobre,10,81.37787037037037,7.0592592592592585
DEPART. ATACORA,2014,Novembre,11,23.712037037037035,2.0
DEPART. ATACORA,2014,Décembre,12,0.0,0.0
BASSILA,2014,Janvier,1,70.83,3.0
BASSILA,2014,Février,2,1.2,1.0
BASSILA,2014,Mars,3,40.0,2.0
BASSILA,2014,Avril,4,81.5142857142857,5.333333333333333
BASSILA,2014,Mai,5,141.59111111111113,8.0
BASSILA,2014,Juin,6,141.13809523809522,7.0
BASSILA,2014,Juillet,7,135.60238095238094,7.0
BASSILA,2014,Août,8,234.81801587301587,9.382936507936508
BASSILA,2014,Septembre,9,270.8366666666667,10.166666666666666
BASSILA,2014,Octobre,10,0.0,89.465
BASSILA,2014,Novembre,11,14.5,1.0
BASSILA,2014,Décembre,12,0.0,0.0
COPARGO,2014,Janvier,1,0.0,0.0
COPARGO,2014,Février,2,7.466666666666666,1.0
COPARGO,2014,Mars,3,23.166666666666668,1.0
COPARGO,2014,Avril,4,91.6,9.0
COPARGO,2014,Mai,5,115.25,9.0
COPARGO,2014,Juin,6,123.05,12.0
COPARGO,2014,Juillet,7,137.3766369047619,7.704861111111112
COPARGO,2014,Août,8,253.7,12.0
COPARGO,2014,Septembre,9,243.65,15.5
COPARGO,2014,Octobre,10,0.0,56.17142857142857
COPARGO,2014,Novembre,11,13.8,2.0
COPARGO,2014,Décembre,12,0.0,0.0
DJOUGOU,2014,Janvier,1,3.7600000000000002,0.6
DJOUGOU,2014,Février,2,0.0,0.0
DJOUGOU,2014,Mars,3,38.111111111111114,1.0
DJOUGOU,2014,Avril,4,71.61125,4.232142857142858
DJOUGOU,2014,Mai,5,113.5095238095238,5.809523809523808
DJOUGOU,2014,Juin,6,102.47638888888889,6.680555555555556
DJOUGOU,2014,Juillet,7,129.65416666666667,8.819444444444445
DJOUGOU,2014,Août,8,224.36825396825398,10.46031746031746
DJOUGOU,2014,Septembre,9,218.1,12.0
DJOUGOU,2014,Octobre,10,1.25,81.24660714285714
DJOUGOU,2014,Novembre,11,26.428571428571427,1.5714285714285714
DJOUGOU,2014,Décembre,12,0.0,0.0
OUAKE,2014,Janvier,1,0.0,0.0
OUAKE,2014,Février,2,0.0,0.0
OUAKE,2014,Mars,3,48.5,1.0
OUAKE,2014,Avril,4,76.0,7.0
OUAKE,2014,Mai,5,183.5,8.0
OUAKE,2014,Juin,6,171.5,11.0
OUAKE,2014,Juillet,7,175.0,10.0
OUAKE,2014,Août,8,179.3,9.0
OUAKE,2014,Septembre,9,228.5,11.5
OUAKE,2014,Octobre,10,3.0,119.94999999999999
OUAKE,2014,Novembre,11,37.25,2.0
OUAKE,2014,Décembre,12,0.0,0.0
DEPART. DONGA,2014,Janvier,1,18.6475,0.9
DEPART. DONGA,2014,Février,2,2.1666666666666665,0.5
DEPART. DONGA,2014,Mars,3,37.44444444444444,1.25
DEPART. DONGA,2014,Avril,4,80.18138392857144,6.3913690476190474
DEPART. DONGA,2014,Mai,5,138.46265873015872,7.702380952380952
DEPART. DONGA,2014,Juin,6,134.54112103174603,9.17013888888889
DEPART. DONGA,2014,Juillet,7,137.3766369047619,7.704861111111112
DEPART. DONGA,2014,Août,8,223.04656746031748,10.210813492063492
DEPART. DONGA,2014,Septembre,9,240.27166666666668,12.291666666666666
DEPART. DONGA,2014,Octobre,10,1.25,81.24660714285714
DEPART. DONGA,2014,Novembre,11,22.994642857142857,1.6428571428571428
DEPART. DONGA,2014,Décembre,12,0.0,0.0
ABOMEY,2014,Janvier,1,0.0,0.0
ABOMEY,2014,Février,2,32.0,2.0
ABOMEY,2014,Mars,3,104.5,7.0
ABOMEY,2014,Avril,4,74.0,1.5
ABOMEY,2014,Mai,5,147.5,6.0
ABOMEY,2014,Juin,6,96.3,5.0
ABOMEY,2014,Juillet,7,113.87362637362637,7.146901709401709
ABOMEY,2014,Août,8,94.5,4.0
ABOMEY,2014,Septembre,9,130.5,4.0
ABOMEY,2014,Octobre,10,193.7,10.0
ABOMEY,2014,Novembre,11,14.2,3.0
ABOMEY,2014,Décembre,12,0.0,0.0
AGBANGNIZOUN,2014,Janvier,1,11.5,2.0
AGBANGNIZOUN,2014,Février,2,24.5,2.0
AGBANGNIZOUN,2014,Mars,3,156.25,9.0
AGBANGNIZOUN,2014,Avril,4,88.75,7.0
AGBANGNIZOUN,2014,Mai,5,149.25,11.0
AGBANGNIZOUN,2014,Juin,6,214.3,13.0
AGBANGNIZOUN,2014,Juillet,7,109.99187271062272,7.12900641025641
AGBANGNIZOUN,2014,Août,8,166.14,11.0
AGBANGNIZOUN,2014,Septembre,9,266.45,13.0
AGBANGNIZOUN,2014,Octobre,10,92.0,10.0
AGBANGNIZOUN,2014,Novembre,11,32.5,3.0
AGBANGNIZOUN,2014,Décembre,12,0.0,0.0
BOHICON,2014,Janvier,1,6.0,2.0
BOHICON,2014,Février,2,0.0,0.0
BOHICON,2014,Mars,3,234.2,12.0
BOHICON,2014,Avril,4,33.5,3.0
BOHICON,2014,Mai,5,192.75,4.5
BOHICON,2014,Juin,6,83.0,8.5
BOHICON,2014,Juillet,7,122.79712683150183,7.064503205128204
BOHICON,2014,Août,8,64.55,1.5
BOHICON,2014,Septembre,9,155.4,6.0
BOHICON,2014,Octobre,10,46.449999999999996,9.0
BOHICON,2014,Novembre,11,11.0,2.0
BOHICON,2014,Décembre,12,0.0,0.0
COVE,2014,Janvier,1,11.25,1.0
COVE,2014,Février,2,19.67,2.0
COVE,2014,Mars,3,86.66,7.0
COVE,2014,Avril,4,80.58,6.0
COVE,2014,Mai,5,190.25,7.0
COVE,2014,Juin,6,131.0,5.0
COVE,2014,Juillet,7,130.08688186813185,7.384682158119658
COVE,2014,Août,8,103.17,5.0
COVE,2014,Septembre,9,136.26999999999998,7.0
COVE,2014,Octobre,10,101.03999999999999,9.0
COVE,2014,Novembre,11,34.6,2.0
COVE,2014,Décembre,12,0.0,0.0
DJIDJA,2014,Janvier,1,41.25,3.5
DJIDJA,2014,Février,2,12.0,1.5
DJIDJA,2014,Mars,3,47.75,6.5
DJIDJA,2014,Avril,4,77.38,4.5
DJIDJA,2014,Mai,5,264.25,12.5
DJIDJA,2014,Juin,6,111.95,4.5
DJIDJA,2014,Juillet,7,129.87052426739928,8.102063301282051
DJIDJA,2014,Août,8,151.6,5.0
DJIDJA,2014,Septembre,9,184.45,8.5
DJIDJA,2014,Octobre,10,116.3,7.5
DJIDJA,2014,Novembre,11,21.0,2.0
DJIDJA,2014,Décembre,12,0.0,0.0
OUINHI,2014,Janvier,1,29.690000000000005,2.0
OUINHI,2014,Février,2,22.450000000000003,2.0
OUINHI,2014,Mars,3,192.93,6.5
OUINHI,2014,Avril,4,93.84,4.0
OUINHI,2014,Mai,5,114.93,5.5
OUINHI,2014,Juin,6,120.53999999999999,5.4
OUINHI,2014,Juillet,7,152.43526213369964,9.051031650641026
OUINHI,2014,Août,8,81.72,6.0
OUINHI,2014,Septembre,9,165.68,7.2
OUINHI,2014,Octobre,10,167.78,9.4
OUINHI,2014,Novembre,11,92.5,5.25
OUINHI,2014,Décembre,12,0.0,0.0
ZAGNANADO,2014,Janvier,1,12.18,2.0
ZAGNANADO,2014,Février,2,17.82,3.0
ZAGNANADO,2014,Mars,3,74.87,7.0
ZAGNANADO,2014,Avril,4,97.22,5.1
ZAGNANADO,2014,Mai,5,203.68,7.0
ZAGNANADO,2014,Juin,6,109.55000000000001,6.15
ZAGNANADO,2014,Juillet,7,144.90594951923077,8.377946380876068
ZAGNANADO,2014,Août,8,49.349999999999994,4.25
ZAGNANADO,2014,Septembre,9,136.64,8.03
ZAGNANADO,2014,Octobre,10,124.4,7.45
ZAGNANADO,2014,Novembre,11,32.0,2.0
ZAGNANADO,2014,Décembre,12,0.0,0.0
ZA-KPOTA,2014,Janvier,1,19.5,1.0
ZA-KPOTA,2014,Février,2,25.25,1.5
ZA-KPOTA,2014,Mars,3,112.5,4.0
ZA-KPOTA,2014,Avril,4,87.25,5.5
ZA-KPOTA,2014,Mai,5,172.0,7.5
ZA-KPOTA,2014,Juin,6,225.75,9.5
ZA-KPOTA,2014,Juillet,7,130.31826779990843,7.835874899839743
ZA-KPOTA,2014,Août,8,118.5,4.0
ZA-KPOTA,2014,Septembre,9,130.5,8.5
ZA-KPOTA,2014,Octobre,10,359.0,11.5
ZA-KPOTA,2014,Novembre,11,69.0,2.5
ZA-KPOTA,2014,Décembre,12,0.0,0.0
ZOGBODOMEY,2014,Janvier,1,28.5,3.0
ZOGBODOMEY,2014,Février,2,30.0,3.0
ZOGBODOMEY,2014,Mars,3,146.0,6.0
ZOGBODOMEY,2014,Avril,4,95.25,6.5
ZOGBODOMEY,2014,Mai,5,141.0,5.0
ZOGBODOMEY,2014,Juin,6,219.5,7.5
ZOGBODOMEY,2014,Juillet,7,122.0959470867674,7.491388304620726
ZOGBODOMEY,2014,Août,8,63.25,8.0
ZOGBODOMEY,2014,Septembre,9,201.0,9.0
ZOGBODOMEY,2014,Octobre,10,59.0,9.5
ZOGBODOMEY,2014,Novembre,11,55.0,5.5
ZOGBODOMEY,2014,Décembre,12,0.0,0.0
DEPART. ZOU,2014,Janvier,1,17.763333333333335,1.8333333333333333
DEPART. ZOU,2014,Février,2,20.41,1.8888888888888888
DEPART. ZOU,2014,Mars,3,128.40666666666664,7.222222222222222
DEPART. ZOU,2014,Avril,4,80.86333333333333,4.788888888888889
DEPART. ZOU,2014,Mai,5,175.0677777777778,7.333333333333333
DEPART. ZOU,2014,Juin,6,145.76555555555558,7.172222222222222
DEPART. ZOU,2014,Juillet,7,116.04390989869506,7.310197357438568
DEPART. ZOU,2014,Août,8,114.695,9.5
DEPART. ZOU,2014,Septembre,9,167.4322222222222,7.914444444444445
DEPART. ZOU,2014,Octobre,10,139.9633333333333,9.261111111111111
DEPART. ZOU,2014,Novembre,11,40.2,3.0277777777777777
DEPART. ZOU,2014,Décembre,12,0.0,0.0
BANTE,2014,Janvier,1,0.0,0.0
BANTE,2014,Février,2,25.0,3.0
BANTE,2014,Mars,3,72.25,4.0
BANTE,2014,Avril,4,142.0,9.0
BANTE,2014,Mai,5,134.1,8.0
BANTE,2014,Juin,6,129.9,8.0
BANTE,2014,Juillet,7,119.42051836509845,7.187350281283386
BANTE,2014,Août,8,207.5,10.0
BANTE,2014,Septembre,9,191.9,10.0
BANTE,2014,Octobre,10,133.70000000000002,7.0
BANTE,2014,Novembre,11,0.0,0.0
BANTE,2014,Décembre,12,0.0,0.0
DASSA-ZOUME,2014,Janvier,1,58.519999999999996,2.0
DASSA-ZOUME,2014,Février,2,3.22,1.0
DASSA-ZOUME,2014,Mars,3,91.4,4.6
DASSA-ZOUME,2014,Avril,4,16.0,2.0
DASSA-ZOUME,2014,Mai,5,70.88,3.6
DASSA-ZOUME,2014,Juin,6,155.16,4.0
DASSA-ZOUME,2014,Juillet,7,124.75370011661515,7.286016219701522
DASSA-ZOUME,2014,Août,8,260.62,6.0
DASSA-ZOUME,2014,Septembre,9,181.7,7.8
DASSA-ZOUME,2014,Octobre,10,175.26000000000002,10.0
DASSA-ZOUME,2014,Novembre,11,18.2,1.0
DASSA-ZOUME,2014,Décembre,12,0.0,0.0
GLAZOUE,2014,Janvier,1,10.17,1.0
GLAZOUE,2014,Février,2,0.0,0.0
GLAZOUE,2014,Mars,3,63.33333333333333,3.0
GLAZOUE,2014,Avril,4,55.66,6.0
GLAZOUE,2014,Mai,5,130.5,9.0
GLAZOUE,2014,Juin,6,139.82999999999998,6.0
GLAZOUE,2014,Juillet,7,127.31211219200722,7.694039760491787
GLAZOUE,2014,Août,8,181.26,6.0
GLAZOUE,2014,Septembre,9,203.23,11.0
GLAZOUE,2014,Octobre,10,142.39999999999998,9.0
GLAZOUE,2014,Novembre,11,6.0,1.0
GLAZOUE,2014,Décembre,12,0.0,0.0
OUESSE,2014,Janvier,1,39.16,2.0
OUESSE,2014,Février,2,15.98,1.6
OUESSE,2014,Mars,3,70.55,1.2
OUESSE,2014,Avril,4,105.00999999999999,7.0
OUESSE,2014,Mai,5,157.64000000000001,8.8
OUESSE,2014,Juin,6,162.72,9.25
OUESSE,2014,Juillet,7,139.87368716285343,8.372535705566406
OUESSE,2014,Août,8,184.45999999999998,8.0
OUESSE,2014,Septembre,9,231.75,13.8
OUESSE,2014,Octobre,10,190.06,9.2
OUESSE,2014,Novembre,11,10.38,1.0
OUESSE,2014,Décembre,12,0.0,0.0
SAVALOU,2014,Janvier,1,4.0,1.0
SAVALOU,2014,Février,2,0.0,0.0
SAVALOU,2014,Mars,3,129.6,4.0
SAVALOU,2014,Avril,4,54.5,5.0
SAVALOU,2014,Mai,5,157.64999999999998,8.0
SAVALOU,2014,Juin,6,106.1,6.0
SAVALOU,2014,Juillet,7,142.3898183410421,8.375241043221237
SAVALOU,2014,Août,8,145.0,7.0
SAVALOU,2014,Septembre,9,267.1,9.0
SAVALOU,2014,Octobre,10,115.30000000000001,6.0
SAVALOU,2014,Novembre,11,0.0,0.0
SAVALOU,2014,Décembre,12,0.0,0.0
SAVE,2014,Janvier,1,11.3,2.0
SAVE,2014,Février,2,8.2,1.0
SAVE,2014,Mars,3,134.9,6.0
SAVE,2014,Avril,4,48.1,7.0
SAVE,2014,Mai,5,145.2,14.0
SAVE,2014,Juin,6,169.6,12.0
SAVE,2014,Juillet,7,136.35404307047526,8.10555797153049
SAVE,2014,Août,8,165.8,13.0
SAVE,2014,Septembre,9,210.2,15.0
SAVE,2014,Octobre,10,194.4,15.0
SAVE,2014,Novembre,11,18.4,3.0
SAVE,2014,Décembre,12,0.0,0.0
DEPART. COLLINES,2014,Janvier,1,20.525,1.3333333333333333
DEPART. COLLINES,2014,Février,2,8.733333333333334,1.0999999999999999
DEPART. COLLINES,2014,Mars,3,93.67222222222222,3.7999999999999994
DEPART. COLLINES,2014,Avril,4,70.21166666666666,6.0
DEPART. COLLINES,2014,Mai,5,132.66166666666666,8.566666666666668
DEPART. COLLINES,2014,Juin,6,143.88500000000002,7.541666666666667
DEPART. COLLINES,2014,Juillet,7,129.22499507862133,7.798473138075608
DEPART. COLLINES,2014,Août,8,114.525,10.5
DEPART. COLLINES,2014,Septembre,9,214.31333333333336,11.1
DEPART. COLLINES,2014,Octobre,10,158.52,9.366666666666667
DEPART. COLLINES,2014,Novembre,11,8.83,1.0
DEPART. COLLINES,2014,Décembre,12,0.0,0.0
ATHIEME,2014,Janvier,1,13.4,0.75
ATHIEME,2014,Février,2,20.525,2.0
ATHIEME,2014,Mars,3,100.29999999999998,6.5
ATHIEME,2014,Avril,4,67.35,5.5
ATHIEME,2014,Mai,5,229.15,9.25
ATHIEME,2014,Juin,6,152.875,6.0
ATHIEME,2014,Juillet,7,121.02748542687831,7.370842764520237
ATHIEME,2014,Août,8,82.15,5.75
ATHIEME,2014,Septembre,9,181.7,9.0
ATHIEME,2014,Octobre,10,94.32499999999999,5.0
ATHIEME,2014,Novembre,11,118.825,6.5
ATHIEME,2014,Décembre,12,0.0,9.5
BOPA,2014,Janvier,1,15.1,1.5
BOPA,2014,Février,2,50.6,3.0
BOPA,2014,Mars,3,138.6,6.0
BOPA,2014,Avril,4,44.3,5.0
BOPA,2014,Mai,5,260.34999999999997,8.0
BOPA,2014,Juin,6,85.95,11.0
BOPA,2014,Juillet,7,122.89059277174673,7.32842949211088
BOPA,2014,Août,8,102.5,5.0
BOPA,2014,Septembre,9,174.5,9.5
BOPA,2014,Octobre,10,106.35,6.0
BOPA,2014,Novembre,11,183.55,5.5
BOPA,2014,Décembre,12,0.0,4.15
COME,2014,Janvier,1,47.699999999999996,2.0
COME,2014,Février,2,69.9,5.0
COME,2014,Mars,3,113.65,6.0
COME,2014,Avril,4,160.75,5.0
COME,2014,Mai,5,256.65,13.0
COME,2014,Juin,6,89.85000000000001,10.0
COME,2014,Juillet,7,125.10135248187697,7.511234626301333
COME,2014,Août,8,57.699999999999996,6.5
COME,2014,Septembre,9,75.6,6.0
COME,2014,Octobre,10,121.0,7.0
COME,2014,Novembre,11,105.05,5.0
COME,2014,Décembre,12,0.0,18.7
GRAND-POPO,2014,Janvier,1,33.46666666666667,1.3333333333333333
GRAND-POPO,2014,Février,2,26.933333333333334,1.3333333333333333
GRAND-POPO,2014,Mars,3,126.33333333333333,5.0
GRAND-POPO,2014,Avril,4,48.300000000000004,4.333333333333334
GRAND-POPO,2014,Mai,5,249.36666666666667,7.0
GRAND-POPO,2014,Juin,6,167.9333333333333,7.666666666666668
GRAND-POPO,2014,Juillet,7,132.4875198223652,7.94188516593387
GRAND-POPO,2014,Août,8,76.1,5.666666666666667
GRAND-POPO,2014,Septembre,9,77.16666666666667,4.666666666666667
GRAND-POPO,2014,Octobre,10,85.86666666666667,5.0
GRAND-POPO,2014,Novembre,11,62.766666666666666,3.333333333333333
GRAND-POPO,2014,Décembre,12,0.0,9.9
HOUEYOGBE,2014,Janvier,1,26.0,2.25
HOUEYOGBE,2014,Février,2,36.8,2.5
HOUEYOGBE,2014,Mars,3,117.325,6.0
HOUEYOGBE,2014,Avril,4,58.65,4.25
HOUEYOGBE,2014,Mai,5,126.025,7.25
HOUEYOGBE,2014,Juin,6,90.575,6.25
HOUEYOGBE,2014,Juillet,7,137.43866908170364,8.158563104577553
HOUEYOGBE,2014,Août,8,62.025000000000006,5.25
HOUEYOGBE,2014,Septembre,9,148.22500000000002,10.25
HOUEYOGBE,2014,Octobre,10,65.925,4.75
HOUEYOGBE,2014,Novembre,11,104.325,5.5
HOUEYOGBE,2014,Décembre,12,0.0,9.25
LOKOSSA,2014,Janvier,1,12.924999999999999,1.5
LOKOSSA,2014,Février,2,21.725,1.75
LOKOSSA,2014,Mars,3,106.2,7.5
LOKOSSA,2014,Avril,4,96.42500000000001,6.5
LOKOSSA,2014,Mai,5,157.725,8.75
LOKOSSA,2014,Juin,6,86.89999999999999,6.75
LOKOSSA,2014,Juillet,7,136.89635607608943,8.132060538054022
LOKOSSA,2014,Août,8,102.07499999999999,7.0
LOKOSSA,2014,Septembre,9,209.725,10.25
LOKOSSA,2014,Octobre,10,85.225,5.75
LOKOSSA,2014,Novembre,11,149.05,6.0
LOKOSSA,2014,Décembre,12,0.0,0.0
DEPART. MONO,2014,Janvier,1,22.910526315789472,1.5175438596491229
DEPART. MONO,2014,Février,2,33.578947368421055,2.3684210526315788
DEPART. MONO,2014,Mars,3,114.6736842105263,6.2631578947368425
DEPART. MONO,2014,Avril,4,76.03684210526316,5.157894736842106
DEPART. MONO,2014,Mai,5,201.7736842105263,8.631578947368421
DEPART. MONO,2014,Juin,6,114.56842105263159,7.421052631578947
DEPART. MONO,2014,Juillet,7,133.06067557735537,7.9652668380648155
DEPART. MONO,2014,Août,8,80.425,5.861111111111112
DEPART. MONO,2014,Septembre,9,144.48611111111111,8.277777777777779
DEPART. MONO,2014,Octobre,10,93.11527777777776,5.583333333333333
DEPART. MONO,2014,Novembre,11,120.59444444444443,5.305555555555555
DEPART. MONO,2014,Décembre,12,0.0,8.583333333333334
APLAHOUE,2014,Janvier,1,6.3500000000000005,0.16666666666666666
APLAHOUE,2014,Février,2,16.166666666666668,1.0
APLAHOUE,2014,Mars,3,121.25,6.5
APLAHOUE,2014,Avril,4,131.03333333333333,7.333333333333334
APLAHOUE,2014,Mai,5,220.76666666666665,7.833333333333334
APLAHOUE,2014,Juin,6,180.58333333333337,8.5
APLAHOUE,2014,Juillet,7,127.84756403300679,7.759801042910952
APLAHOUE,2014,Août,8,142.01666666666665,6.166666666666666
APLAHOUE,2014,Septembre,9,206.38333333333333,11.0
APLAHOUE,2014,Octobre,10,35.833333333333336,4.0
APLAHOUE,2014,Novembre,11,38.25,2.1666666666666665
APLAHOUE,2014,Décembre,12,0.0,0.0
DJAKOTOMEY,2014,Janvier,1,25.2,1.0
DJAKOTOMEY,2014,Février,2,0.0,0.0
DJAKOTOMEY,2014,Mars,3,96.45,4.5
DJAKOTOMEY,2014,Avril,4,143.75,6.75
DJAKOTOMEY,2014,Mai,5,190.45,7.25
DJAKOTOMEY,2014,Juin,6,226.9,10.0
DJAKOTOMEY,2014,Juillet,7,124.43752472994255,7.565321903715594
DJAKOTOMEY,2014,Août,8,92.975,5.25
DJAKOTOMEY,2014,Septembre,9,200.725,10.0
DJAKOTOMEY,2014,Octobre,10,48.275000000000006,4.0
DJAKOTOMEY,2014,Novembre,11,54.349999999999994,5.75
DJAKOTOMEY,2014,Décembre,12,0.0,14.925
DOGBO,2014,Janvier,1,20.03333333333333,1.6666666666666665
DOGBO,2014,Février,2,13.766666666666666,0.6666666666666666
DOGBO,2014,Mars,3,178.6,9.0
DOGBO,2014,Avril,4,130.73333333333335,7.333333333333334
DOGBO,2014,Mai,5,125.63333333333333,10.666666666666666
DOGBO,2014,Juin,6,102.46666666666667,7.666666666666666
DOGBO,2014,Juillet,7,123.66405875084465,7.446875697913237
DOGBO,2014,Août,8,82.10000000000001,7.666666666666668
DOGBO,2014,Septembre,9,117.63333333333333,10.0
DOGBO,2014,Octobre,10,112.56666666666668,8.0
DOGBO,2014,Novembre,11,52.166666666666664,4.333333333333333
DOGBO,2014,Décembre,12,0.0,0.0
KLOUEKANME,2014,Janvier,1,38.839999999999996,1.0
KLOUEKANME,2014,Février,2,101.2,3.4
KLOUEKANME,2014,Mars,3,102.56,6.2
KLOUEKANME,2014,Avril,4,106.7,8.0
KLOUEKANME,2014,Mai,5,147.86,8.8
KLOUEKANME,2014,Juin,6,136.7,7.4
KLOUEKANME,2014,Juillet,7,124.38270561636081,7.479055162107285
KLOUEKANME,2014,Août,8,89.4,7.0
KLOUEKANME,2014,Septembre,9,121.46,8.4
KLOUEKANME,2014,Octobre,10,103.78,8.0
KLOUEKANME,2014,Novembre,11,82.00000000000001,4.6
KLOUEKANME,2014,Décembre,12,0.0,0.0
LALO,2014,Janvier,1,13.25,1.0
LALO,2014,Février,2,23.5,2.0
LALO,2014,Mars,3,156.5,7.5
LALO,2014,Avril,4,97.0,6.25
LALO,2014,Mai,5,139.25,7.0
LALO,2014,Juin,6,225.5,6.75
LALO,2014,Juillet,7,128.435112719363,7.7104701640205775
LALO,2014,Août,8,57.5,2.5
LALO,2014,Septembre,9,143.75,6.25
LALO,2014,Octobre,10,181.25,7.75
LALO,2014,Novembre,11,102.0,3.75
LALO,2014,Décembre,12,0.0,16.5
TOVIKLIN,2014,Janvier,1,19.333333333333332,1.6666666666666665
TOVIKLIN,2014,Février,2,9.433333333333334,0.6666666666666666
TOVIKLIN,2014,Mars,3,58.06666666666667,6.0
TOVIKLIN,2014,Avril,4,100.26666666666668,8.0
TOVIKLIN,2014,Mai,5,113.76666666666667,8.666666666666666
TOVIKLIN,2014,Juin,6,158.43333333333334,7.666666666666667
TOVIKLIN,2014,Juillet,7,132.9368909005333,7.934516634299065
TOVIKLIN,2014,Août,8,64.56666666666666,7.333333333333334
TOVIKLIN,2014,Septembre,9,139.76666666666665,9.666666666666668
TOVIKLIN,2014,Octobre,10,72.43333333333334,6.0
TOVIKLIN,2014,Novembre,11,70.2,6.0
TOVIKLIN,2014,Décembre,12,0.0,0.0
DEPART. COUFFO,2014,Janvier,1,20.089600000000004,0.96
DEPART. COUFFO,2014,Février,2,31.152,1.376
DEPART. COUFFO,2014,Mars,3,118.3664,6.5280000000000005
DEPART. COUFFO,2014,Avril,4,117.496,7.2
DEPART. COUFFO,2014,Mai,5,163.3824,8.232000000000001
DEPART. COUFFO,2014,Juin,6,175.392,8.056000000000001
DEPART. COUFFO,2014,Juillet,7,134.91662348831136,8.033288586176543
DEPART. COUFFO,2014,Août,8,88.09305555555557,5.986111111111112
DEPART. COUFFO,2014,Septembre,9,154.95305555555555,9.219444444444443
DEPART. COUFFO,2014,Octobre,10,92.35638888888889,6.291666666666667
DEPART. COUFFO,2014,Novembre,11,66.49444444444444,4.433333333333334
DEPART. COUFFO,2014,Décembre,12,0.0,5.2375
ADJARRA,2014,Janvier,1,79.55,3.0
ADJARRA,2014,Février,2,108.0,6.0
ADJARRA,2014,Mars,3,64.4,4.5
ADJARRA,2014,Avril,4,93.85,3.0
ADJARRA,2014,Mai,5,249.15,8.0
ADJARRA,2014,Juin,6,207.85,9.5
ADJARRA,2014,Juillet,7,263.35,11.5
ADJARRA,2014,Août,8,143.0,7.0
ADJARRA,2014,Septembre,9,218.1,8.0
ADJARRA,2014,Octobre,10,145.3,7.0
ADJARRA,2014,Novembre,11,126.0,4.0
ADJARRA,2014,Décembre,12,0.0,0.0
ADJOHOUN,2014,Janvier,1,2.733333333333333,0.6666666666666666
ADJOHOUN,2014,Février,2,62.56666666666667,2.666666666666667
ADJOHOUN,2014,Mars,3,210.46666666666664,6.333333333333334
ADJOHOUN,2014,Avril,4,115.5,6.333333333333334
ADJOHOUN,2014,Mai,5,306.92,8.666666666666666
ADJOHOUN,2014,Juin,6,135.03333333333333,5.333333333333334
ADJOHOUN,2014,Juillet,7,113.4,6.666666666666667
ADJOHOUN,2014,Août,8,76.06666666666668,6.666666666666666
ADJOHOUN,2014,Septembre,9,128.73333333333335,4.666666666666667
ADJOHOUN,2014,Octobre,10,147.46666666666667,7.666666666666668
ADJOHOUN,2014,Novembre,11,130.20000000000002,6.0
ADJOHOUN,2014,Décembre,12,4.233333333333333,1.0
AGUEGUES,2014,Janvier,1,52.4,2.0
AGUEGUES,2014,Février,2,48.3,3.0
AGUEGUES,2014,Mars,3,110.6,6.0
AGUEGUES,2014,Avril,4,101.5,5.0
AGUEGUES,2014,Mai,5,206.5,8.0
AGUEGUES,2014,Juin,6,207.79999999999998,9.0
AGUEGUES,2014,Juillet,7,198.1,10.0
AGUEGUES,2014,Août,8,98.8,7.0
AGUEGUES,2014,Septembre,9,337.1,10.0
AGUEGUES,2014,Octobre,10,153.3,6.0
AGUEGUES,2014,Novembre,11,160.0,8.0
AGUEGUES,2014,Décembre,12,0.0,0.0
AKPRO-MISSERETE,2014,Janvier,1,29.95,3.0
AKPRO-MISSERETE,2014,Février,2,41.9,4.5
AKPRO-MISSERETE,2014,Mars,3,32.5,4.0
AKPRO-MISSERETE,2014,Avril,4,39.2,6.0
AKPRO-MISSERETE,2014,Mai,5,151.4,9.0
AKPRO-MISSERETE,2014,Juin,6,211.0,8.0
AKPRO-MISSERETE,2014,Juillet,7,111.85,6.5
AKPRO-MISSERETE,2014,Août,8,99.75,8.0
AKPRO-MISSERETE,2014,Septembre,9,321.35,8.0
AKPRO-MISSERETE,2014,Octobre,10,205.4,7.0
AKPRO-MISSERETE,2014,Novembre,11,96.19999999999999,6.0
AKPRO-MISSERETE,2014,Décembre,12,0.0,0.0
AVRANKOU,2014,Janvier,1,52.1,4.0
AVRANKOU,2014,Février,2,89.9,5.0
AVRANKOU,2014,Mars,3,113.30000000000001,7.0
AVRANKOU,2014,Avril,4,94.1,9.0
AVRANKOU,2014,Mai,5,267.2,10.0
AVRANKOU,2014,Juin,6,197.70000000000002,13.0
AVRANKOU,2014,Juillet,7,237.20000000000002,19.0
AVRANKOU,2014,Août,8,124.0,9.0
AVRANKOU,2014,Septembre,9,216.7,11.0
AVRANKOU,2014,Octobre,10,156.2,10.0
AVRANKOU,2014,Novembre,11,94.1,7.0
AVRANKOU,2014,Décembre,12,0.0,0.0
BONOU,2014,Janvier,1,0.0,0.0
BONOU,2014,Février,2,30.6,1.5
BONOU,2014,Mars,3,201.2,6.5
BONOU,2014,Avril,4,54.900000000000006,4.0
BONOU,2014,Mai,5,180.55,5.5
BONOU,2014,Juin,6,157.3,9.0
BONOU,2014,Juillet,7,152.15,5.5
BONOU,2014,Août,8,56.199999999999996,5.0
BONOU,2014,Septembre,9,213.4,9.5
BONOU,2014,Octobre,10,195.70000000000002,8.5
BONOU,2014,Novembre,11,117.15,6.5
BONOU,2014,Décembre,12,0.0,0.0
DANGBO,2014,Janvier,1,41.6,2.0
DANGBO,2014,Février,2,24.5,2.0
DANGBO,2014,Mars,3,143.8,5.0
DANGBO,2014,Avril,4,104.6,4.0
DANGBO,2014,Mai,5,157.8,6.0
DANGBO,2014,Juin,6,198.2,11.0
DANGBO,2014,Juillet,7,166.1,7.0
DANGBO,2014,Août,8,108.65,7.0
DANGBO,2014,Septembre,9,190.5,8.0
DANGBO,2014,Octobre,10,354.0,11.0
DANGBO,2014,Novembre,11,118.6,4.0
DANGBO,2014,Décembre,12,38.2,1.0
PORTO-NOVO,2014,Janvier,1,28.15,3.0
PORTO-NOVO,2014,Février,2,103.9,4.5
PORTO-NOVO,2014,Mars,3,71.4,5.0
PORTO-NOVO,2014,Avril,4,93.5,5.0
PORTO-NOVO,2014,Mai,5,277.25,10.0
PORTO-NOVO,2014,Juin,6,259.25,12.0
PORTO-NOVO,2014,Juillet,7,249.2,11.5
PORTO-NOVO,2014,Août,8,143.05,6.0
PORTO-NOVO,2014,Septembre,9,168.75,10.0
PORTO-NOVO,2014,Octobre,10,136.9,8.0
PORTO-NOVO,2014,Novembre,11,150.14999999999998,8.0
PORTO-NOVO,2014,Décembre,12,14.25,1.0
SEME-PODJI,2014,Janvier,1,6.45,1.0
SEME-PODJI,2014,Février,2,97.5,4.0
SEME-PODJI,2014,Mars,3,220.0,9.0
SEME-PODJI,2014,Avril,4,177.45,9.0
SEME-PODJI,2014,Mai,5,361.8,12.0
SEME-PODJI,2014,Juin,6,305.7,16.0
SEME-PODJI,2014,Juillet,7,190.65,13.5
SEME-PODJI,2014,Août,8,101.85000000000001,16.0
SEME-PODJI,2014,Septembre,9,329.45,20.0
SEME-PODJI,2014,Octobre,10,140.5,11.0
SEME-PODJI,2014,Novembre,11,109.2,4.5
SEME-PODJI,2014,Décembre,12,0.0,0.0
DEPART. OUEME,2014,Janvier,1,32.548148148148144,2.074074074074074
DEPART. OUEME,2014,Février,2,67.46296296296296,3.6851851851851856
DEPART. OUEME,2014,Mars,3,129.74074074074073,5.9259259259259265
DEPART. OUEME,2014,Avril,4,97.17777777777776,5.703703703703704
DEPART. OUEME,2014,Mai,5,239.84111111111113,8.574074074074073
DEPART. OUEME,2014,Juin,6,208.87037037037038,10.314814814814817
DEPART. OUEME,2014,Juillet,7,152.025,10.083333333333334
DEPART. OUEME,2014,Août,8,105.7074074074074,7.962962962962962
DEPART. OUEME,2014,Septembre,9,1304.246666666667,64.27777777777777
DEPART. OUEME,2014,Octobre,10,181.64074074074077,8.462962962962964
DEPART. OUEME,2014,Novembre,11,122.40000000000002,6.0
DEPART. OUEME,2014,Décembre,12,6.298148148148148,1.0
ADJA-OUERE,2014,Janvier,1,19.6,1.6666666666666665
ADJA-OUERE,2014,Février,2,23.2,2.0
ADJA-OUERE,2014,Mars,3,168.2,3.5
ADJA-OUERE,2014,Avril,4,90.03333333333333,4.333333333333333
ADJA-OUERE,2014,Mai,5,285.4,11.0
ADJA-OUERE,2014,Juin,6,83.7,4.666666666666667
ADJA-OUERE,2014,Juillet,7,82.73333333333332,6.666666666666668
ADJA-OUERE,2014,Août,8,56.233333333333334,7.0
ADJA-OUERE,2014,Septembre,9,221.46666666666664,11.0
ADJA-OUERE,2014,Octobre,10,216.39999999999998,10.333333333333334
ADJA-OUERE,2014,Novembre,11,110.50000000000001,6.000000000000001
ADJA-OUERE,2014,Décembre,12,0.0,0.0
IFANGNI,2014,Janvier,1,41.0,3.0
IFANGNI,2014,Février,2,118.45,5.0
IFANGNI,2014,Mars,3,60.75,4.0
IFANGNI,2014,Avril,4,40.8,3.0
IFANGNI,2014,Mai,5,153.25,5.0
IFANGNI,2014,Juin,6,52.1,9.0
IFANGNI,2014,Juillet,7,173.89999999999998,7.0
IFANGNI,2014,Août,8,132.9,8.0
IFANGNI,2014,Septembre,9,109.5,8.0
IFANGNI,2014,Octobre,10,151.4,8.0
IFANGNI,2014,Novembre,11,124.7,7.0
IFANGNI,2014,Décembre,12,0.0,0.0
KETOU,2014,Janvier,1,13.6,1.2
KETOU,2014,Février,2,30.6,2.0
KETOU,2014,Mars,3,93.6,5.2
KETOU,2014,Avril,4,81.0,5.199999999999999
KETOU,2014,Mai,5,136.0,6.800000000000001
KETOU,2014,Juin,6,91.80000000000001,6.4
KETOU,2014,Juillet,7,72.6,6.3999999999999995
KETOU,2014,Août,8,81.0,4.0
KETOU,2014,Septembre,9,346.0,13.4
KETOU,2014,Octobre,10,112.2,6.800000000000001
KETOU,2014,Novembre,11,42.8,2.2
KETOU,2014,Décembre,12,6.4,1.0
POBE,2014,Janvier,1,19.01,2.0
POBE,2014,Février,2,26.490000000000002,2.0
POBE,2014,Mars,3,204.76999999999998,8.0
POBE,2014,Avril,4,58.32833333333333,5.8
POBE,2014,Mai,5,165.42,10.566666666666666
POBE,2014,Juin,6,143.04666666666668,9.266666666666666
POBE,2014,Juillet,7,125.57666666666667,9.066666666666666
POBE,2014,Août,8,66.66666666666667,6.433333333333334
POBE,2014,Septembre,9,228.39333333333332,11.2
POBE,2014,Octobre,10,107.96000000000001,10.266666666666666
POBE,2014,Novembre,11,77.85,5.0
POBE,2014,Décembre,12,0.0,0.0
SAKETE,2014,Janvier,1,11.833333333333334,1.6666666666666665
SAKETE,2014,Février,2,56.199999999999996,3.0
SAKETE,2014,Mars,3,127.03333333333335,5.0
SAKETE,2014,Avril,4,59.08333333333333,4.0
SAKETE,2014,Mai,5,158.46666666666664,8.0
SAKETE,2014,Juin,6,124.73333333333332,8.0
SAKETE,2014,Juillet,7,127.46666666666667,7.333333333333332
SAKETE,2014,Août,8,92.0,7.666666666666666
SAKETE,2014,Septembre,9,135.93333333333334,7.666666666666666
SAKETE,2014,Octobre,10,164.46666666666667,10.333333333333332
SAKETE,2014,Novembre,11,137.9,9.333333333333332
SAKETE,2014,Décembre,12,0.9333333333333332,1.0
DEPART. PLATEAU,2014,Janvier,1,21.008666666666667,1.9066666666666667
DEPART. PLATEAU,2014,Février,2,50.988,2.8
DEPART. PLATEAU,2014,Mars,3,130.87066666666664,5.14
DEPART. PLATEAU,2014,Avril,4,65.84899999999999,4.466666666666667
DEPART. PLATEAU,2014,Mai,5,179.70733333333334,8.273333333333333
DEPART. PLATEAU,2014,Juin,6,99.076,7.466666666666667
DEPART. PLATEAU,2014,Juillet,7,188.33333333333331,9.416666666666666
DEPART. PLATEAU,2014,Août,8,85.76,6.62
DEPART. PLATEAU,2014,Septembre,9,957.9736666666668,54.220000000000006
DEPART. PLATEAU,2014,Octobre,10,150.48533333333333,9.146666666666667
DEPART. PLATEAU,2014,Novembre,11,98.75,5.906666666666666
DEPART. PLATEAU,2014,Décembre,12,1.4666666666666668,1.0
ABOMEY-CALAVI,2014,Janvier,1,29.7,4.0
ABOMEY-CALAVI,2014,Février,2,89.49999999999999,3.0
ABOMEY-CALAVI,2014,Mars,3,89.8,3.0
ABOMEY-CALAVI,2014,Avril,4,56.300000000000004,5.0
ABOMEY-CALAVI,2014,Mai,5,203.10000000000002,7.0
ABOMEY-CALAVI,2014,Juin,6,238.10000000000002,12.0
ABOMEY-CALAVI,2014,Juillet,7,164.8,10.0
ABOMEY-CALAVI,2014,Août,8,102.1,9.0
ABOMEY-CALAVI,2014,Septembre,9,87.5,6.0
ABOMEY-CALAVI,2014,Octobre,10,87.5,10.0
ABOMEY-CALAVI,2014,Novembre,11,0.0,0.0
ABOMEY-CALAVI,2014,Décembre,12,1.0,1.0
ALLADA,2014,Janvier,1,23.78,1.0
ALLADA,2014,Février,2,44.120000000000005,3.0
ALLADA,2014,Mars,3,108.82000000000001,5.8
ALLADA,2014,Avril,4,110.16,6.4
ALLADA,2014,Mai,5,288.65999999999997,8.6
ALLADA,2014,Juin,6,162.84,7.75
ALLADA,2014,Juillet,7,175.05,10.0
ALLADA,2014,Août,8,60.675,6.0
ALLADA,2014,Septembre,9,140.313,9.0
ALLADA,2014,Octobre,10,189.89999999999998,9.0
ALLADA,2014,Novembre,11,211.20000000000002,12.0
ALLADA,2014,Décembre,12,70.9,1.0
KPOMASSE,2014,Janvier,1,16.0,4.0
KPOMASSE,2014,Février,2,46.0,7.0
KPOMASSE,2014,Mars,3,160.5,6.0
KPOMASSE,2014,Avril,4,101.0,6.0
KPOMASSE,2014,Mai,5,206.8,6.0
KPOMASSE,2014,Juin,6,122.0,5.0
KPOMASSE,2014,Juillet,7,81.0,10.0
KPOMASSE,2014,Août,8,19.5,4.0
KPOMASSE,2014,Septembre,9,31.5,5.0
KPOMASSE,2014,Octobre,10,135.0,8.0
KPOMASSE,2014,Novembre,11,95.5,5.0
KPOMASSE,2014,Décembre,12,0.0,0.0
OUIDAH,2014,Janvier,1,186.20000000000002,3.67
OUIDAH,2014,Février,2,45.33,4.0
OUIDAH,2014,Mars,3,195.60000000000002,5.66
OUIDAH,2014,Avril,4,127.03,4.32
OUIDAH,2014,Mai,5,232.97,6.66
OUIDAH,2014,Juin,6,270.26,7.99
OUIDAH,2014,Juillet,7,182.9,8.0
OUIDAH,2014,Août,8,86.455,5.0
OUIDAH,2014,Septembre,9,233.45999999999998,8.0
OUIDAH,2014,Octobre,10,97.91999999999999,7.0
OUIDAH,2014,Novembre,11,83.16,5.0
OUIDAH,2014,Décembre,12,0.0,0.0
SO-AVA,2014,Janvier,1,74.82,1.0
SO-AVA,2014,Février,2,25.53,2.0
SO-AVA,2014,Mars,3,179.21,6.0
SO-AVA,2014,Avril,4,117.88,4.0
SO-AVA,2014,Mai,5,298.08,6.0
SO-AVA,2014,Juin,6,331.67999999999995,9.0
SO-AVA,2014,Juillet,7,318.65,7.0
SO-AVA,2014,Août,8,222.93,4.0
SO-AVA,2014,Septembre,9,177.1,8.0
SO-AVA,2014,Octobre,10,269.96,7.0
SO-AVA,2014,Novembre,11,122.49000000000001,4.0
SO-AVA,2014,Décembre,12,0.0,0.0
TOFFO,2014,Janvier,1,0.0,0.0
TOFFO,2014,Février,2,27.54,1.14
TOFFO,2014,Mars,3,132.21,4.7
TOFFO,2014,Avril,4,105.43,7.85
TOFFO,2014,Mai,5,169.62,5.29
TOFFO,2014,Juin,6,143.1,6.85
TOFFO,2014,Juillet,7,135.85,4.0
TOFFO,2014,Août,8,48.730999999999995,4.0
TOFFO,2014,Septembre,9,124.71000000000001,9.0
TOFFO,2014,Octobre,10,168.32000000000002,8.0
TOFFO,2014,Novembre,11,159.553,10.0
TOFFO,2014,Décembre,12,0.0,0.0
TORI-BOSSITO,2014,Janvier,1,30.875,2.5
TORI-BOSSITO,2014,Février,2,58.625,3.5
TORI-BOSSITO,2014,Mars,3,215.28,6.5
TORI-BOSSITO,2014,Avril,4,59.010000000000005,5.0
TORI-BOSSITO,2014,Mai,5,247.76,8.5
TORI-BOSSITO,2014,Juin,6,114.88,6.5
TORI-BOSSITO,2014,Juillet,7,129.64000000000001,9.0
TORI-BOSSITO,2014,Août,8,54.375,4.0
TORI-BOSSITO,2014,Septembre,9,96.125,6.0
TORI-BOSSITO,2014,Octobre,10,157.875,8.0
TORI-BOSSITO,2014,Novembre,11,124.875,7.0
TORI-BOSSITO,2014,Décembre,12,10.0,1.0
ZE,2014,Janvier,1,0.0,0.0
ZE,2014,Février,2,45.0,3.0
ZE,2014,Mars,3,189.72,6.0
ZE,2014,Avril,4,85.56,6.0
ZE,2014,Mai,5,175.55999999999997,7.0
ZE,2014,Juin,6,98.64,7.0
ZE,2014,Juillet,7,89.64,4.0
ZE,2014,Août,8,61.68,3.0
ZE,2014,Septembre,9,195.6,7.0
ZE,2014,Octobre,10,100.8,8.0
ZE,2014,Novembre,11,139.68,9.0
ZE,2014,Décembre,12,66.0,2.0
DEPART. ATLANTIQUE,2014,Janvier,1,45.171875,2.02125
DEPART. ATLANTIQUE,2014,Février,2,47.705625,3.33
DEPART. ATLANTIQUE,2014,Mars,3,158.8925,5.4575
DEPART. ATLANTIQUE,2014,Avril,4,95.29624999999999,5.57125
DEPART. ATLANTIQUE,2014,Mai,5,227.81875,6.8812500000000005
DEPART. ATLANTIQUE,2014,Juin,6,185.18750000000003,7.76125
DEPART. ATLANTIQUE,2014,Juillet,7,127.22,7.0
DEPART. ATLANTIQUE,2014,Août,8,82.05574999999999,4.875
DEPART. ATLANTIQUE,2014,Septembre,9,135.7885,7.25
DEPART. ATLANTIQUE,2014,Octobre,10,150.90937499999998,8.125
DEPART. ATLANTIQUE,2014,Novembre,11,117.05725000000001,6.5
DEPART. ATLANTIQUE,2014,Décembre,12,18.4875,0.625
COTONOU,2014,Janvier,1,50.394999999999996,4.0
COTONOU,2014,Février,2,76.75,6.0
COTONOU,2014,Mars,3,63.75,3.0
COTONOU,2014,Avril,4,65.0,5.0
COTONOU,2014,Mai,5,255.0,8.0
COTONOU,2014,Juin,6,201.875,7.0
COTONOU,2014,Juillet,7,182.375,7.0
COTONOU,2014,Août,8,57.5,3.0
COTONOU,2014,Septembre,9,106.63,6.0
COTONOU,2014,Octobre,10,124.0,6.0
COTONOU,2014,Novembre,11,71.25,4.0
COTONOU,2014,Décembre,12,0.0,0.0
DEPART. LITTORAL,2014,Janvier,1,50.394999999999996,4.0
DEPART. LITTORAL,2014,Février,2,76.75,6.0
DEPART. LITTORAL,2014,Mars,3,63.75,3.0
DEPART. LITTORAL,2014,Avril,4,65.0,5.0
DEPART. LITTORAL,2014,Mai,5,255.0,8.0
DEPART. LITTORAL,2014,Juin,6,201.875,7.0
DEPART. LITTORAL,2014,Juillet,7,131.6875,8.5
DEPART. LITTORAL,2014,Août,8,57.5,3.0
DEPART. LITTORAL,2014,Septembre,9,106.63,6.0
DEPART. LITTORAL,2014,Octobre,10,124.0,6.0
DEPART. LITTORAL,2014,Novembre,11,71.25,4.0
DEPART. LITTORAL,2014,Décembre,12,0.0,0.0
BENIN,2014,Janvier,1,22.199739009115703,1.4767697014620467
BENIN,2014,Février,2,28.37997325401952,1.9108158031316946
BENIN,2014,Mars,3,82.84098833419667,3.933320329361996
BENIN,2014,Avril,4,80.27109244690494,5.4440342797634464
BENIN,2014,Mai,5,167.7239040797166,7.449368220514053
BENIN,2014,Juin,6,153.653033812638,8.183383217862383
BENIN,2014,Juillet,7,140.80662162812405,8.127347174224642
BENIN,2014,Août,8,127.20016059249393,7.9724323207656544
BENIN,2014,Septembre,9,351.01023070987657,18.537017396184062
BENIN,2014,Octobre,10,116.39312780467988,7.289855545688879
BENIN,2014,Novembre,11,56.587260288322796,3.2970262145262144
BENIN,2014,Décembre,12,2.187692901234568,1.2645833333333334
BEMBEREKE,2015,Janvier,1,0.0,0.0
BEMBEREKE,2015,Février,2,12.8,1.0
BEMBEREKE,2015,Mars,3,14.440000000000001,1.0
BEMBEREKE,2015,Avril,4,0.0,0.0
BEMBEREKE,2015,Mai,5,127.42,6.0
BEMBEREKE,2015,Juin,6,53.2,6.0
BEMBEREKE,2015,Juillet,7,98.1,10.0
BEMBEREKE,2015,Août,8,359.08,16.0
BEMBEREKE,2015,Septembre,9,174.112,9.0
BEMBEREKE,2015,Octobre,10,73.14,6.0
BEMBEREKE,2015,Novembre,11,0.0,0.0
BEMBEREKE,2015,Décembre,12,0.0,0.0
KALALE,2015,Janvier,1,0.0,0.0
KALALE,2015,Février,2,1.3333333333333333,1.0
KALALE,2015,Mars,3,5.333333333333333,1.0
KALALE,2015,Avril,4,0.0,0.0
KALALE,2015,Mai,5,80.75,5.0
KALALE,2015,Juin,6,50.0,5.0
KALALE,2015,Juillet,7,184.5,10.0
KALALE,2015,Août,8,338.1666666666667,14.0
KALALE,2015,Septembre,9,163.83333333333334,10.0
KALALE,2015,Octobre,10,95.08333333333334,7.0
KALALE,2015,Novembre,11,0.0,0.0
KALALE,2015,Décembre,12,0.0,0.0
N'DALI,2015,Janvier,1,0.0,0.0
N'DALI,2015,Février,2,3.0,1.0
N'DALI,2015,Mars,3,15.833333333333334,1.0
N'DALI,2015,Avril,4,10.5,1.0
N'DALI,2015,Mai,5,80.76190476190476,7.0
N'DALI,2015,Juin,6,94.80277777777778,5.0
N'DALI,2015,Juillet,7,89.97727272727273,6.0
N'DALI,2015,Août,8,297.9795833333333,12.0
N'DALI,2015,Septembre,9,165.43333333333334,11.0
N'DALI,2015,Octobre,10,128.63,10.0
N'DALI,2015,Novembre,11,0.0,0.0
N'DALI,2015,Décembre,12,0.0,0.0
NIKKI,2015,Janvier,1,0.0,0.0
NIKKI,2015,Février,2,24.9,2.0
NIKKI,2015,Mars,3,38.8,2.0
NIKKI,2015,Avril,4,28.7,2.0
NIKKI,2015,Mai,5,84.3,4.0
NIKKI,2015,Juin,6,60.18181818181818,6.0
NIKKI,2015,Juillet,7,170.7,10.0
NIKKI,2015,Août,8,327.6,19.0
NIKKI,2015,Septembre,9,281.4,12.0
NIKKI,2015,Octobre,10,105.34444444444443,8.0
NIKKI,2015,Novembre,11,0.0,0.0
NIKKI,2015,Décembre,12,0.0,0.0
PARAKOU,2015,Janvier,1,0.0,0.0
PARAKOU,2015,Février,2,0.0,0.0
PARAKOU,2015,Mars,3,0.0,0.0
PARAKOU,2015,Avril,4,5.657142857142857,2.0
PARAKOU,2015,Mai,5,83.44285714285715,6.0
PARAKOU,2015,Juin,6,68.55059523809524,6.0
PARAKOU,2015,Juillet,7,117.21428571428572,7.0
PARAKOU,2015,Août,8,202.35714285714286,12.0
PARAKOU,2015,Septembre,9,158.84285714285716,10.0
PARAKOU,2015,Octobre,10,111.28571428571429,8.0
PARAKOU,2015,Novembre,11,0.0,0.0
PARAKOU,2015,Décembre,12,0.0,0.0
PERERE,2015,Janvier,1,0.0,0.0
PERERE,2015,Février,2,4.5,1.0
PERERE,2015,Mars,3,33.0,2.0
PERERE,2015,Avril,4,0.0,0.0
PERERE,2015,Mai,5,170.1,7.0
PERERE,2015,Juin,6,42.25,6.0
PERERE,2015,Juillet,7,154.1,8.0
PERERE,2015,Août,8,276.25,15.0
PERERE,2015,Septembre,9,242.3,13.0
PERERE,2015,Octobre,10,159.5,11.0
PERERE,2015,Novembre,11,0.0,0.0
PERERE,2015,Décembre,12,0.0,0.0
SINENDE,2015,Janvier,1,0.0,0.0
SINENDE,2015,Février,2,29.916666666666668,1.0
SINENDE,2015,Mars,3,39.25,3.0
SINENDE,2015,Avril,4,13.666666666666666,1.0
SINENDE,2015,Mai,5,123.3,6.0
SINENDE,2015,Juin,6,100.43666666666667,6.0
SINENDE,2015,Juillet,7,88.96666666666667,6.0
SINENDE,2015,Août,8,218.45,15.0
SINENDE,2015,Septembre,9,204.43333333333334,10.0
SINENDE,2015,Octobre,10,118.79166666666667,7.0
SINENDE,2015,Novembre,11,0.0,0.0
SINENDE,2015,Décembre,12,0.0,0.0
TCHAOUROU,2015,Janvier,1,5.666666666666667,1.0
TCHAOUROU,2015,Février,2,0.8333333333333334,1.0
TCHAOUROU,2015,Mars,3,36.300000000000004,2.0
TCHAOUROU,2015,Avril,4,0.0,0.0
TCHAOUROU,2015,Mai,5,16.583333333333332,2.0
TCHAOUROU,2015,Juin,6,102.92194444444445,7.0
TCHAOUROU,2015,Juillet,7,106.27444444444444,6.0
TCHAOUROU,2015,Août,8,170.31377777777777,9.0
TCHAOUROU,2015,Septembre,9,117.07638888888889,9.0
TCHAOUROU,2015,Octobre,10,68.11699999999999,7.0
TCHAOUROU,2015,Novembre,11,0.0,0.0
TCHAOUROU,2015,Décembre,12,0.0,0.0
DEPART. BORGOU,2015,Janvier,1,1.2830188679245282,1.0
DEPART. BORGOU,2015,Février,2,9.40566037735849,2.0
DEPART. BORGOU,2015,Mars,3,24.354716981132075,3.0
DEPART. BORGOU,2015,Avril,4,8.728301886792453,3.0
DEPART. BORGOU,2015,Mai,5,78.52132034632035,5.0
DEPART. BORGOU,2015,Juin,6,75.22757778881164,6.0
DEPART. BORGOU,2015,Juillet,7,124.95664502164502,8.0
DEPART. BORGOU,2015,Août,8,269.18710680828605,14.0
DEPART. BORGOU,2015,Septembre,9,186.56553200767488,10.0
DEPART. BORGOU,2015,Octobre,10,102.66418457606028,7.0
DEPART. BORGOU,2015,Novembre,11,0.0,0.0
DEPART. BORGOU,2015,Décembre,12,0.0,0.0
BANIKOARA,2015,Janvier,1,0.0,0.0
BANIKOARA,2015,Février,2,0.0,0.0
BANIKOARA,2015,Mars,3,9.409090909090908,2.0
BANIKOARA,2015,Avril,4,0.0,0.0
BANIKOARA,2015,Mai,5,48.91666666666667,3.0
BANIKOARA,2015,Juin,6,99.11250000000001,7.0
BANIKOARA,2015,Juillet,7,154.13333333333333,9.0
BANIKOARA,2015,Août,8,252.41666666666666,14.0
BANIKOARA,2015,Septembre,9,236.37500000000003,11.0
BANIKOARA,2015,Octobre,10,69.54166666666667,6.0
BANIKOARA,2015,Novembre,11,0.0,0.0
BANIKOARA,2015,Décembre,12,0.0,0.0
GOGOUNOU,2015,Janvier,1,0.0,0.0
GOGOUNOU,2015,Février,2,5.0,1.0
GOGOUNOU,2015,Mars,3,8.5,1.0
GOGOUNOU,2015,Avril,4,4.901999999999999,1.0
GOGOUNOU,2015,Mai,5,85.39999999999999,4.0
GOGOUNOU,2015,Juin,6,78.5,7.0
GOGOUNOU,2015,Juillet,7,161.1725,9.0
GOGOUNOU,2015,Août,8,342.45000000000005,12.0
GOGOUNOU,2015,Septembre,9,199.68,11.0
GOGOUNOU,2015,Octobre,10,94.97,8.0
GOGOUNOU,2015,Novembre,11,0.0,0.0
GOGOUNOU,2015,Décembre,12,0.0,0.0
KANDI,2015,Janvier,1,0.0,0.0
KANDI,2015,Février,2,11.75,1.0
KANDI,2015,Mars,3,14.75,3.0
KANDI,2015,Avril,4,22.0,3.0
KANDI,2015,Mai,5,41.5,2.0
KANDI,2015,Juin,6,54.5,5.0
KANDI,2015,Juillet,7,225.75,10.0
KANDI,2015,Août,8,288.0,14.0
KANDI,2015,Septembre,9,533.025,15.0
KANDI,2015,Octobre,10,93.45833333333333,9.0
KANDI,2015,Novembre,11,0.0,0.0
KANDI,2015,Décembre,12,0.0,0.0
KARIMAMA,2015,Janvier,1,0.0,0.0
KARIMAMA,2015,Février,2,0.0,0.0
KARIMAMA,2015,Mars,3,0.0,0.0
KARIMAMA,2015,Avril,4,0.0,0.0
KARIMAMA,2015,Mai,5,36.5,3.0
KARIMAMA,2015,Juin,6,32.5,4.0
KARIMAMA,2015,Juillet,7,142.5,9.0
KARIMAMA,2015,Août,8,284.0,12.0
KARIMAMA,2015,Septembre,9,306.5,15.0
KARIMAMA,2015,Octobre,10,8.0,1.0
KARIMAMA,2015,Novembre,11,0.0,0.0
KARIMAMA,2015,Décembre,12,0.0,0.0
MALANVILLE,2015,Janvier,1,0.0,0.0
MALANVILLE,2015,Février,2,0.0,0.0
MALANVILLE,2015,Mars,3,0.0,0.0
MALANVILLE,2015,Avril,4,0.0,0.0
MALANVILLE,2015,Mai,5,64.83333333333334,2.0
MALANVILLE,2015,Juin,6,57.9,6.0
MALANVILLE,2015,Juillet,7,213.58333333333331,10.0
MALANVILLE,2015,Août,8,290.91666666666663,14.0
MALANVILLE,2015,Septembre,9,214.08333333333334,12.0
MALANVILLE,2015,Octobre,10,61.833333333333336,3.0
MALANVILLE,2015,Novembre,11,0.0,0.0
MALANVILLE,2015,Décembre,12,0.0,0.0
SEGBANA,2015,Janvier,1,0.0,0.0
SEGBANA,2015,Février,2,0.0,0.0
SEGBANA,2015,Mars,3,8.418000000000001,1.0
SEGBANA,2015,Avril,4,0.0,0.0
SEGBANA,2015,Mai,5,124.03,5.0
SEGBANA,2015,Juin,6,92.02,8.0
SEGBANA,2015,Juillet,7,247.29999999999998,9.0
SEGBANA,2015,Août,8,211.12,14.0
SEGBANA,2015,Septembre,9,222.2,14.0
SEGBANA,2015,Octobre,10,96.7,6.0
SEGBANA,2015,Novembre,11,0.0,0.0
SEGBANA,2015,Décembre,12,0.0,0.0
DEPART. ALIBORI,2015,Janvier,1,0.0,0.0
DEPART. ALIBORI,2015,Février,2,1.515625,2.0
DEPART. ALIBORI,2015,Mars,3,6.904022177419355,3.0
DEPART. ALIBORI,2015,Avril,4,1.4756149193548387,3.0
DEPART. ALIBORI,2015,Mai,5,67.55625387717123,4.0
DEPART. ALIBORI,2015,Juin,6,75.13498168498168,7.0
DEPART. ALIBORI,2015,Juillet,7,189.63275401069518,10.0
DEPART. ALIBORI,2015,Août,8,272.4220588235294,13.0
DEPART. ALIBORI,2015,Septembre,9,265.4810606060606,12.0
DEPART. ALIBORI,2015,Octobre,10,76.03762626262626,7.0
DEPART. ALIBORI,2015,Novembre,11,0.0,0.0
DEPART. ALIBORI,2015,Décembre,12,0.0,0.0
BOUKOUMBE,2015,Janvier,1,0.0,0.0
BOUKOUMBE,2015,Février,2,34.900000000000006,2.0
BOUKOUMBE,2015,Mars,3,0.0,0.0
BOUKOUMBE,2015,Avril,4,0.0,0.0
BOUKOUMBE,2015,Mai,5,26.391666666666666,3.0
BOUKOUMBE,2015,Juin,6,85.725,7.0
BOUKOUMBE,2015,Juillet,7,183.63333333333333,11.0
BOUKOUMBE,2015,Août,8,246.20833333333331,12.0
BOUKOUMBE,2015,Septembre,9,157.89333333333335,11.0
BOUKOUMBE,2015,Octobre,10,0.0,0.0
BOUKOUMBE,2015,Novembre,11,0.0,0.0
BOUKOUMBE,2015,Décembre,12,0.0,0.0
COBLY,2015,Janvier,1,0.0,0.0
COBLY,2015,Février,2,13.416666666666666,2.0
COBLY,2015,Mars,3,1.3666666666666665,1.0
COBLY,2015,Avril,4,56.85000000000001,3.0
COBLY,2015,Mai,5,84.60000000000001,7.0
COBLY,2015,Juin,6,86.76666666666668,5.0
COBLY,2015,Juillet,7,199.36666666666667,8.0
COBLY,2015,Août,8,250.33333333333337,9.0
COBLY,2015,Septembre,9,148.8,10.0
COBLY,2015,Octobre,10,0.0,0.0
COBLY,2015,Novembre,11,0.0,0.0
COBLY,2015,Décembre,12,0.0,0.0
KEROU,2015,Janvier,1,0.0,0.0
KEROU,2015,Février,2,26.555555555555554,2.0
KEROU,2015,Mars,3,1.3333333333333333,1.0
KEROU,2015,Avril,4,0.0,0.0
KEROU,2015,Mai,5,36.37777777777778,4.0
KEROU,2015,Juin,6,30.777777777777775,7.0
KEROU,2015,Juillet,7,214.64444444444445,13.0
KEROU,2015,Août,8,239.74444444444444,14.0
KEROU,2015,Septembre,9,185.33333333333334,13.0
KEROU,2015,Octobre,10,0.0,0.0
KEROU,2015,Novembre,11,0.0,0.0
KEROU,2015,Décembre,12,0.0,0.0
KOUANDE,2015,Janvier,1,0.0,0.0
KOUANDE,2015,Février,2,3.13125,1.0
KOUANDE,2015,Mars,3,5.84375,2.0
KOUANDE,2015,Avril,4,14.105641025641026,2.0
KOUANDE,2015,Mai,5,49.56833333333333,4.266666666666667
KOUANDE,2015,Juin,6,57.24732142857143,5.0
KOUANDE,2015,Juillet,7,97.85535714285714,16.0
KOUANDE,2015,Août,8,273.1675824175824,14.0
KOUANDE,2015,Septembre,9,215.50119047619052,13.0
KOUANDE,2015,Octobre,10,0.0,0.0
KOUANDE,2015,Novembre,11,0.0,0.0
KOUANDE,2015,Décembre,12,0.0,0.0
MATERI,2015,Janvier,1,0.0,0.0
MATERI,2015,Février,2,4.8,1.0
MATERI,2015,Mars,3,0.0,0.0
MATERI,2015,Avril,4,1.48,2.0
MATERI,2015,Mai,5,35.72,4.0
MATERI,2015,Juin,6,89.29400000000001,9.0
MATERI,2015,Juillet,7,188.704,11.0
MATERI,2015,Août,8,279.89200000000005,12.0
MATERI,2015,Septembre,9,124.434,9.0
MATERI,2015,Octobre,10,0.0,0.0
MATERI,2015,Novembre,11,0.0,0.0
MATERI,2015,Décembre,12,0.0,0.0
NATITINGOU,2015,Janvier,1,0.0,0.0
NATITINGOU,2015,Février,2,0.45999999999999996,1.0
NATITINGOU,2015,Mars,3,3.3,1.0
NATITINGOU,2015,Avril,4,7.34,3.0
NATITINGOU,2015,Mai,5,40.58,6.0
NATITINGOU,2015,Juin,6,44.025,5.0
NATITINGOU,2015,Juillet,7,106.62,9.0
NATITINGOU,2015,Août,8,198.54000000000002,15.0
NATITINGOU,2015,Septembre,9,233.9,12.0
NATITINGOU,2015,Octobre,10,0.0,0.0
NATITINGOU,2015,Novembre,11,0.0,0.0
NATITINGOU,2015,Décembre,12,0.0,0.0
PEHUNCO,2015,Janvier,1,0.0,0.0
PEHUNCO,2015,Février,2,16.8375,2.0
PEHUNCO,2015,Mars,3,8.5375,2.0
PEHUNCO,2015,Avril,4,0.0,0.0
PEHUNCO,2015,Mai,5,57.89999999999999,6.0
PEHUNCO,2015,Juin,6,91.425,6.0
PEHUNCO,2015,Juillet,7,98.4,8.0
PEHUNCO,2015,Août,8,251.80357142857144,13.0
PEHUNCO,2015,Septembre,9,216.65,12.0
PEHUNCO,2015,Octobre,10,0.0,0.0
PEHUNCO,2015,Novembre,11,0.0,0.0
PEHUNCO,2015,Décembre,12,0.0,0.0
TANGUIETA,2015,Janvier,1,0.0,0.0
TANGUIETA,2015,Février,2,2.2,1.0
TANGUIETA,2015,Mars,3,0.0,0.0
TANGUIETA,2015,Avril,4,0.0,0.0
TANGUIETA,2015,Mai,5,24.740000000000002,3.0
TANGUIETA,2015,Juin,6,81.86,6.0
TANGUIETA,2015,Juillet,7,157.8,7.0
TANGUIETA,2015,Août,8,327.875,16.0
TANGUIETA,2015,Septembre,9,129.2,8.0
TANGUIETA,2015,Octobre,10,0.0,0.0
TANGUIETA,2015,Novembre,11,0.0,0.0
TANGUIETA,2015,Décembre,12,0.0,0.0
TOUCOUNTOUNA,2015,Janvier,1,0.0,0.0
TOUCOUNTOUNA,2015,Février,2,27.360000000000003,2.0
TOUCOUNTOUNA,2015,Mars,3,0.0,0.0
TOUCOUNTOUNA,2015,Avril,4,0.0,0.0
TOUCOUNTOUNA,2015,Mai,5,48.28000000000001,5.0
TOUCOUNTOUNA,2015,Juin,6,65.52,7.0
TOUCOUNTOUNA,2015,Juillet,7,163.135,8.0
TOUCOUNTOUNA,2015,Août,8,197.56,12.0
TOUCOUNTOUNA,2015,Septembre,9,292.08,14.0
TOUCOUNTOUNA,2015,Octobre,10,0.0,0.0
TOUCOUNTOUNA,2015,Novembre,11,0.0,0.0
TOUCOUNTOUNA,2015,Décembre,12,0.0,0.0
DEPART. ATACORA,2015,Janvier,1,0.0,0.0
DEPART. ATACORA,2015,Février,2,14.391530054644807,3.0
DEPART. ATACORA,2015,Mars,3,3.4105263157894736,2.0
DEPART. ATACORA,2015,Avril,4,7.513822751322751,3.0
DEPART. ATACORA,2015,Mai,5,10.350877192982455,2.0
DEPART. ATACORA,2015,Juin,6,66.00489961219812,7.0
DEPART. ATACORA,2015,Juillet,7,148.17130166251542,12.0
DEPART. ATACORA,2015,Août,8,248.2804831375521,14.0
DEPART. ATACORA,2015,Septembre,9,204.71853164657676,12.0
DEPART. ATACORA,2015,Octobre,10,0.0,0.0
DEPART. ATACORA,2015,Novembre,11,0.0,0.0
DEPART. ATACORA,2015,Décembre,12,0.0,0.0
BASSILA,2015,Janvier,1,1.5384615384615385,1.0
BASSILA,2015,Février,2,11.185714285714285,2.0
BASSILA,2015,Mars,3,25.13142857142857,2.0
BASSILA,2015,Avril,4,0.0,0.0
BASSILA,2015,Mai,5,71.87142857142857,6.0
BASSILA,2015,Juin,6,89.64642857142857,6.0
BASSILA,2015,Juillet,7,153.4716233766234,7.0
BASSILA,2015,Août,8,224.90000000000003,13.0
BASSILA,2015,Septembre,9,156.97840909090908,12.0
BASSILA,2015,Octobre,10,0.0,0.0
BASSILA,2015,Novembre,11,0.0,0.0
BASSILA,2015,Décembre,12,0.0,0.0
COPARGO,2015,Janvier,1,2.033405172413793,2.0
COPARGO,2015,Février,2,19.93,3.0
COPARGO,2015,Mars,3,31.035083333333333,4.0
COPARGO,2015,Avril,4,6.548387096774193,1.0
COPARGO,2015,Mai,5,60.396875,5.0
COPARGO,2015,Juin,6,84.96268817204302,6.0
COPARGO,2015,Juillet,7,166.0288961038961,9.0
COPARGO,2015,Août,8,273.8368008104243,16.0
COPARGO,2015,Septembre,9,213.1588669950739,13.0
COPARGO,2015,Octobre,10,0.0,0.0
COPARGO,2015,Novembre,11,0.0,0.0
COPARGO,2015,Décembre,12,0.0,0.0
DJOUGOU,2015,Janvier,1,0.0,0.0
DJOUGOU,2015,Février,2,14.427272727272726,2.0
DJOUGOU,2015,Mars,3,32.75454545454546,3.0
DJOUGOU,2015,Avril,4,4.554545454545455,1.0
DJOUGOU,2015,Mai,5,37.7,3.0
DJOUGOU,2015,Juin,6,82.3240404040404,6.0
DJOUGOU,2015,Juillet,7,166.12944444444443,8.0
DJOUGOU,2015,Août,8,342.7011111111111,17.0
DJOUGOU,2015,Septembre,9,222.65972222222223,13.0
DJOUGOU,2015,Octobre,10,0.0,0.0
DJOUGOU,2015,Novembre,11,0.0,0.0
DJOUGOU,2015,Décembre,12,0.0,0.0
OUAKE,2015,Janvier,1,21.5,2.0
OUAKE,2015,Février,2,8.5,1.0
OUAKE,2015,Mars,3,23.5,1.0
OUAKE,2015,Avril,4,11.5,1.0
OUAKE,2015,Mai,5,134.0,6.0
OUAKE,2015,Juin,6,83.5,7.0
OUAKE,2015,Juillet,7,239.575,8.0
OUAKE,2015,Août,8,300.91583333333335,15.0
OUAKE,2015,Septembre,9,306.3,14.0
OUAKE,2015,Octobre,10,0.0,0.0
OUAKE,2015,Novembre,11,0.0,0.0
OUAKE,2015,Décembre,12,0.0,0.0
DEPART. DONGA,2015,Janvier,1,2.033405172413793,2.0
DEPART. DONGA,2015,Février,2,19.93,3.0
DEPART. DONGA,2015,Mars,3,31.035083333333333,4.0
DEPART. DONGA,2015,Avril,4,6.548387096774193,1.0
DEPART. DONGA,2015,Mai,5,60.396875,5.0
DEPART. DONGA,2015,Juin,6,84.96268817204302,6.0
DEPART. DONGA,2015,Juillet,7,166.0288961038961,9.0
DEPART. DONGA,2015,Août,8,273.8368008104243,16.0
DEPART. DONGA,2015,Septembre,9,213.1588669950739,13.0
DEPART. DONGA,2015,Octobre,10,0.0,0.0
DEPART. DONGA,2015,Novembre,11,0.0,0.0
DEPART. DONGA,2015,Décembre,12,0.0,0.0
ABOMEY,2015,Janvier,1,0.0,0.0
ABOMEY,2015,Février,2,7.25,1.0
ABOMEY,2015,Mars,3,99.05,3.0
ABOMEY,2015,Avril,4,20.0,1.0
ABOMEY,2015,Mai,5,20.0,1.0
ABOMEY,2015,Juin,6,95.5,3.0
ABOMEY,2015,Juillet,7,75.69999999999999,3.0
ABOMEY,2015,Août,8,51.3,3.0
ABOMEY,2015,Septembre,9,51.1,4.0
ABOMEY,2015,Octobre,10,69.80000000000001,3.0
ABOMEY,2015,Novembre,11,24.0,2.0
ABOMEY,2015,Décembre,12,0.0,0.0
AGBANGNIZOUN,2015,Janvier,1,0.0,0.0
AGBANGNIZOUN,2015,Février,2,0.0,0.0
AGBANGNIZOUN,2015,Mars,3,152.75,6.0
AGBANGNIZOUN,2015,Avril,4,32.0,2.0
AGBANGNIZOUN,2015,Mai,5,32.0,2.0
AGBANGNIZOUN,2015,Juin,6,134.75,5.0
AGBANGNIZOUN,2015,Juillet,7,97.8,4.0
AGBANGNIZOUN,2015,Août,8,69.5,7.0
AGBANGNIZOUN,2015,Septembre,9,150.5,8.0
AGBANGNIZOUN,2015,Octobre,10,60.5,5.0
AGBANGNIZOUN,2015,Novembre,11,13.0,1.0
AGBANGNIZOUN,2015,Décembre,12,0.0,0.0
BOHICON,2015,Janvier,1,0.0,0.0
BOHICON,2015,Février,2,9.0,2.0
BOHICON,2015,Mars,3,278.0,6.0
BOHICON,2015,Avril,4,58.5,1.0
BOHICON,2015,Mai,5,58.5,1.0
BOHICON,2015,Juin,6,280.0,4.0
BOHICON,2015,Juillet,7,250.0,3.0
BOHICON,2015,Août,8,225.0,6.0
BOHICON,2015,Septembre,9,52.0,2.0
BOHICON,2015,Octobre,10,303.0,5.0
BOHICON,2015,Novembre,11,185.0,1.0
BOHICON,2015,Décembre,12,0.0,0.0
COVE,2015,Janvier,1,0.0,0.0
COVE,2015,Février,2,49.400000000000006,3.0
COVE,2015,Mars,3,158.0,3.0
COVE,2015,Avril,4,12.0,3.0
COVE,2015,Mai,5,12.0,3.0
COVE,2015,Juin,6,118.39999999999999,6.0
COVE,2015,Juillet,7,87.0,4.0
COVE,2015,Août,8,94.72,6.0
COVE,2015,Septembre,9,31.849999999999998,5.0
COVE,2015,Octobre,10,251.0,9.0
COVE,2015,Novembre,11,3.1700000000000004,1.0
COVE,2015,Décembre,12,0.0,0.0
DJIDJA,2015,Janvier,1,0.0,0.0
DJIDJA,2015,Février,2,0.0,0.0
DJIDJA,2015,Mars,3,0.0,0.0
DJIDJA,2015,Avril,4,33.0,2.0
DJIDJA,2015,Mai,5,33.0,2.0
DJIDJA,2015,Juin,6,120.5,5.0
DJIDJA,2015,Juillet,7,27.75,2.0
DJIDJA,2015,Août,8,131.3,7.0
DJIDJA,2015,Septembre,9,77.55,5.0
DJIDJA,2015,Octobre,10,104.3,5.0
DJIDJA,2015,Novembre,11,18.0,1.0
DJIDJA,2015,Décembre,12,0.0,0.0
OUINHI,2015,Janvier,1,0.0,0.0
OUINHI,2015,Février,2,0.0,0.0
OUINHI,2015,Mars,3,133.75,5.0
OUINHI,2015,Avril,4,83.175,5.0
OUINHI,2015,Mai,5,83.175,5.0
OUINHI,2015,Juin,6,50.68,3.0
OUINHI,2015,Juillet,7,49.400000000000006,4.0
OUINHI,2015,Août,8,14.84,3.0
OUINHI,2015,Septembre,9,83.12,8.0
OUINHI,2015,Octobre,10,91.82,7.0
OUINHI,2015,Novembre,11,20.9,1.0
OUINHI,2015,Décembre,12,0.0,0.0
ZAGNANADO,2015,Janvier,1,9.714285714285714,2.0
ZAGNANADO,2015,Février,2,37.114285714285714,4.0
ZAGNANADO,2015,Mars,3,27.99285714285714,4.0
ZAGNANADO,2015,Avril,4,54.28571428571429,5.0
ZAGNANADO,2015,Mai,5,54.28571428571429,5.0
ZAGNANADO,2015,Juin,6,161.42857142857144,9.0
ZAGNANADO,2015,Juillet,7,62.385714285714286,3.0
ZAGNANADO,2015,Août,8,48.0,4.0
ZAGNANADO,2015,Septembre,9,116.58571428571429,6.0
ZAGNANADO,2015,Octobre,10,160.28571428571428,8.0
ZAGNANADO,2015,Novembre,11,15.285714285714286,2.0
ZAGNANADO,2015,Décembre,12,0.0,0.0
ZA-KPOTA,2015,Janvier,1,0.0,0.0
ZA-KPOTA,2015,Février,2,9.5,1.0
ZA-KPOTA,2015,Mars,3,128.5,4.0
ZA-KPOTA,2015,Avril,4,77.0,5.0
ZA-KPOTA,2015,Mai,5,77.0,5.0
ZA-KPOTA,2015,Juin,6,130.0,6.0
ZA-KPOTA,2015,Juillet,7,42.5,2.0
ZA-KPOTA,2015,Août,8,90.5,4.0
ZA-KPOTA,2015,Septembre,9,90.0,6.0
ZA-KPOTA,2015,Octobre,10,96.5,6.0
ZA-KPOTA,2015,Novembre,11,78.0,2.0
ZA-KPOTA,2015,Décembre,12,0.0,0.0
ZOGBODOMEY,2015,Janvier,1,0.0,0.0
ZOGBODOMEY,2015,Février,2,49.5,1.0
ZOGBODOMEY,2015,Mars,3,119.75,6.0
ZOGBODOMEY,2015,Avril,4,69.5,5.0
ZOGBODOMEY,2015,Mai,5,69.5,5.0
ZOGBODOMEY,2015,Juin,6,136.75,9.0
ZOGBODOMEY,2015,Juillet,7,134.5,5.0
ZOGBODOMEY,2015,Août,8,42.75,4.0
ZOGBODOMEY,2015,Septembre,9,106.5,9.0
ZOGBODOMEY,2015,Octobre,10,129.0,8.0
ZOGBODOMEY,2015,Novembre,11,0.0,0.0
ZOGBODOMEY,2015,Décembre,12,0.0,0.0
DEPART. ZOU,2015,Janvier,1,2.4791666666666665,2.0
DEPART. ZOU,2015,Février,2,25.533333333333335,3.0
DEPART. ZOU,2015,Mars,3,105.58541666666666,5.0
DEPART. ZOU,2015,Avril,4,46.29416666666667,5.0
DEPART. ZOU,2015,Mai,5,46.29416666666667,5.0
DEPART. ZOU,2015,Juin,6,122.336,7.0
DEPART. ZOU,2015,Juillet,7,79.408,5.0
DEPART. ZOU,2015,Août,8,65.98,6.0
DEPART. ZOU,2015,Septembre,9,84.13,7.0
DEPART. ZOU,2015,Octobre,10,156.257,7.0
DEPART. ZOU,2015,Novembre,11,20.18125,2.0
DEPART. ZOU,2015,Décembre,12,0.0,0.0
BANTE,2015,Janvier,1,0.0,0.0
BANTE,2015,Février,2,0.0,0.0
BANTE,2015,Mars,3,94.61666666666666,5.0
BANTE,2015,Avril,4,17.95,2.0
BANTE,2015,Mai,5,17.95,2.0
BANTE,2015,Juin,6,72.83333333333333,6.0
BANTE,2015,Juillet,7,34.75833333333333,4.0
BANTE,2015,Août,8,125.34166666666667,9.0
BANTE,2015,Septembre,9,75.78333333333333,11.0
BANTE,2015,Octobre,10,45.14,5.0
BANTE,2015,Novembre,11,4.2,1.0
BANTE,2015,Décembre,12,0.0,0.0
DASSA-ZOUME,2015,Janvier,1,0.0,0.0
DASSA-ZOUME,2015,Février,2,0.0,0.0
DASSA-ZOUME,2015,Mars,3,132.45999999999998,5.0
DASSA-ZOUME,2015,Avril,4,9.26,1.0
DASSA-ZOUME,2015,Mai,5,9.26,1.0
DASSA-ZOUME,2015,Juin,6,140.9,5.0
DASSA-ZOUME,2015,Juillet,7,64.30000000000001,4.0
DASSA-ZOUME,2015,Août,8,71.46000000000001,6.0
DASSA-ZOUME,2015,Septembre,9,95.70333333333332,4.0
DASSA-ZOUME,2015,Octobre,10,86.46000000000001,8.0
DASSA-ZOUME,2015,Novembre,11,6.9,1.0
DASSA-ZOUME,2015,Décembre,12,0.0,0.0
GLAZOUE,2015,Janvier,1,13.333333333333334,1.0
GLAZOUE,2015,Février,2,0.0,0.0
GLAZOUE,2015,Mars,3,152.43333333333334,5.0
GLAZOUE,2015,Avril,4,11.0,1.0
GLAZOUE,2015,Mai,5,11.0,1.0
GLAZOUE,2015,Juin,6,67.33333333333334,5.0
GLAZOUE,2015,Juillet,7,49.0,4.0
GLAZOUE,2015,Août,8,119.0,7.0
GLAZOUE,2015,Septembre,9,88.83333333333333,6.0
GLAZOUE,2015,Octobre,10,89.66666666666667,8.0
GLAZOUE,2015,Novembre,11,9.333333333333334,1.0
GLAZOUE,2015,Décembre,12,0.0,0.0
OUESSE,2015,Janvier,1,11.559999999999999,2.0
OUESSE,2015,Février,2,18.78,3.0
OUESSE,2015,Mars,3,129.14,6.0
OUESSE,2015,Avril,4,11.8,3.0
OUESSE,2015,Mai,5,11.8,3.0
OUESSE,2015,Juin,6,114.24000000000001,8.0
OUESSE,2015,Juillet,7,96.46000000000001,8.0
OUESSE,2015,Août,8,137.24,5.0
OUESSE,2015,Septembre,9,144.12,8.0
OUESSE,2015,Octobre,10,99.26,6.0
OUESSE,2015,Novembre,11,0.4,1.0
OUESSE,2015,Décembre,12,0.0,0.0
SAVALOU,2015,Janvier,1,0.0,0.0
SAVALOU,2015,Février,2,20.75,2.0
SAVALOU,2015,Mars,3,56.75,4.0
SAVALOU,2015,Avril,4,17.5,2.0
SAVALOU,2015,Mai,5,17.5,2.0
SAVALOU,2015,Juin,6,41.5,4.0
SAVALOU,2015,Juillet,7,67.41666666666666,5.0
SAVALOU,2015,Août,8,49.0,5.0
SAVALOU,2015,Septembre,9,96.25,8.0
SAVALOU,2015,Octobre,10,103.825,8.0
SAVALOU,2015,Novembre,11,0.0,0.0
SAVALOU,2015,Décembre,12,0.0,0.0
SAVE,2015,Janvier,1,1.1,1.0
SAVE,2015,Février,2,7.4,1.0
SAVE,2015,Mars,3,181.0,6.0
SAVE,2015,Avril,4,52.3,5.0
SAVE,2015,Mai,5,52.3,5.0
SAVE,2015,Juin,6,134.9,12.0
SAVE,2015,Juillet,7,64.2,7.0
SAVE,2015,Août,8,79.4,16.0
SAVE,2015,Septembre,9,90.19999999999999,11.0
SAVE,2015,Octobre,10,82.8,7.0
SAVE,2015,Novembre,11,16.6,2.0
SAVE,2015,Décembre,12,0.0,0.0
DEPART. COLLINES,2015,Janvier,1,2.996969696969697,2.0
DEPART. COLLINES,2015,Février,2,10.615151515151515,2.0
DEPART. COLLINES,2015,Mars,3,99.84375,5.0
DEPART. COLLINES,2015,Avril,4,15.884375,3.0
DEPART. COLLINES,2015,Mai,5,15.884375,3.0
DEPART. COLLINES,2015,Juin,6,79.61250000000001,5.0
DEPART. COLLINES,2015,Juillet,7,63.51718749999999,5.0
DEPART. COLLINES,2015,Août,8,88.1234375,7.0
DEPART. COLLINES,2015,Septembre,9,98.80833333333332,9.0
DEPART. COLLINES,2015,Octobre,10,88.96747311827957,9.0
DEPART. COLLINES,2015,Novembre,11,3.293548387096774,1.0
DEPART. COLLINES,2015,Décembre,12,0.0,0.0
ATHIEME,2015,Janvier,1,0.0,0.0
ATHIEME,2015,Février,2,33.325,3.0
ATHIEME,2015,Mars,3,126.95,8.0
ATHIEME,2015,Avril,4,53.099999999999994,5.0
ATHIEME,2015,Mai,5,100.49166666666667,6.0
ATHIEME,2015,Juin,6,199.1,11.0
ATHIEME,2015,Juillet,7,207.79999999999998,5.0
ATHIEME,2015,Août,8,49.2,5.0
ATHIEME,2015,Septembre,9,53.46666666666667,5.0
ATHIEME,2015,Octobre,10,127.73333333333335,8.0
ATHIEME,2015,Novembre,11,0.0,0.0
ATHIEME,2015,Décembre,12,0.0,0.0
BOPA,2015,Janvier,1,2.915,1.0
BOPA,2015,Février,2,33.225,3.0
BOPA,2015,Mars,3,116.56,5.0
BOPA,2015,Avril,4,71.55000000000001,5.0
BOPA,2015,Mai,5,156.75,7.0
BOPA,2015,Juin,6,281.21,12.0
BOPA,2015,Juillet,7,148.15,2.0
BOPA,2015,Août,8,53.5,1.0
BOPA,2015,Septembre,9,71.625,5.0
BOPA,2015,Octobre,10,59.5,7.0
BOPA,2015,Novembre,11,0.0,0.0
BOPA,2015,Décembre,12,0.0,0.0
COME,2015,Janvier,1,0.0,0.0
COME,2015,Février,2,37.7,2.0
COME,2015,Mars,3,87.6,6.0
COME,2015,Avril,4,58.2,5.0
COME,2015,Mai,5,140.35,9.0
COME,2015,Juin,6,246.2,10.0
COME,2015,Juillet,7,160.95,5.0
COME,2015,Août,8,6.449999999999999,4.0
COME,2015,Septembre,9,17.6,3.0
COME,2015,Octobre,10,143.25,11.0
COME,2015,Novembre,11,0.0,0.0
COME,2015,Décembre,12,0.0,0.0
GRAND-POPO,2015,Janvier,1,0.0,0.0
GRAND-POPO,2015,Février,2,59.900000000000006,4.0
GRAND-POPO,2015,Mars,3,143.56666666666666,6.0
GRAND-POPO,2015,Avril,4,69.56666666666666,6.0
GRAND-POPO,2015,Mai,5,173.13333333333333,6.0
GRAND-POPO,2015,Juin,6,305.09999999999997,12.0
GRAND-POPO,2015,Juillet,7,59.96666666666667,3.0
GRAND-POPO,2015,Août,8,0.0,0.0
GRAND-POPO,2015,Septembre,9,18.766666666666666,2.0
GRAND-POPO,2015,Octobre,10,133.93333333333334,6.0
GRAND-POPO,2015,Novembre,11,0.0,0.0
GRAND-POPO,2015,Décembre,12,0.0,0.0
HOUEYOGBE,2015,Janvier,1,0.0,0.0
HOUEYOGBE,2015,Février,2,26.05,4.0
HOUEYOGBE,2015,Mars,3,68.025,5.0
HOUEYOGBE,2015,Avril,4,45.75,3.0
HOUEYOGBE,2015,Mai,5,70.85,5.0
HOUEYOGBE,2015,Juin,6,204.67499999999998,8.0
HOUEYOGBE,2015,Juillet,7,69.5,5.0
HOUEYOGBE,2015,Août,8,15.925,3.0
HOUEYOGBE,2015,Septembre,9,38.625,6.0
HOUEYOGBE,2015,Octobre,10,130.825,7.0
HOUEYOGBE,2015,Novembre,11,0.0,0.0
HOUEYOGBE,2015,Décembre,12,0.0,0.0
LOKOSSA,2015,Janvier,1,0.0,0.0
LOKOSSA,2015,Février,2,25.8,3.0
LOKOSSA,2015,Mars,3,88.49166666666667,8.0
LOKOSSA,2015,Avril,4,25.95,3.0
LOKOSSA,2015,Mai,5,90.275,8.0
LOKOSSA,2015,Juin,6,184.525,12.0
LOKOSSA,2015,Juillet,7,95.16666666666667,4.0
LOKOSSA,2015,Août,8,52.475,4.0
LOKOSSA,2015,Septembre,9,46.275,19.0
LOKOSSA,2015,Octobre,10,163.25,13.0
LOKOSSA,2015,Novembre,11,0.0,0.0
LOKOSSA,2015,Décembre,12,0.0,0.0
DEPART. MONO,2015,Janvier,1,0.3068421052631579,1.0
DEPART. MONO,2015,Février,2,34.85526315789474,4.0
DEPART. MONO,2015,Mars,3,104.42625730994152,7.0
DEPART. MONO,2015,Avril,4,50.91578947368421,4.0
DEPART. MONO,2015,Mai,5,114.78187134502924,7.0
DEPART. MONO,2015,Juin,6,229.1233333333333,12.0
DEPART. MONO,2015,Juillet,7,116.08921568627451,4.0
DEPART. MONO,2015,Août,8,30.061111111111106,4.0
DEPART. MONO,2015,Septembre,9,40.81944444444444,8.0
DEPART. MONO,2015,Octobre,10,132.84460784313725,9.0
DEPART. MONO,2015,Novembre,11,0.0,0.0
DEPART. MONO,2015,Décembre,12,0.0,0.0
APLAHOUE,2015,Janvier,1,0.0,0.0
APLAHOUE,2015,Février,2,52.050000000000004,2.0
APLAHOUE,2015,Mars,3,122.56666666666668,6.0
APLAHOUE,2015,Avril,4,37.48333333333333,2.0
APLAHOUE,2015,Mai,5,114.31666666666668,6.0
APLAHOUE,2015,Juin,6,142.4333333333333,8.0
APLAHOUE,2015,Juillet,7,50.65,2.0
APLAHOUE,2015,Août,8,104.48333333333332,4.0
APLAHOUE,2015,Septembre,9,84.96666666666667,5.0
APLAHOUE,2015,Octobre,10,128.85,8.0
APLAHOUE,2015,Novembre,11,0.0,0.0
APLAHOUE,2015,Décembre,12,0.0,0.0
DJAKOTOMEY,2015,Janvier,1,0.0,0.0
DJAKOTOMEY,2015,Février,2,78.275,2.0
DJAKOTOMEY,2015,Mars,3,127.325,8.0
DJAKOTOMEY,2015,Avril,4,38.900000000000006,2.0
DJAKOTOMEY,2015,Mai,5,127.52499999999999,7.0
DJAKOTOMEY,2015,Juin,6,166.79999999999998,8.0
DJAKOTOMEY,2015,Juillet,7,49.5,2.0
DJAKOTOMEY,2015,Août,8,80.975,3.0
DJAKOTOMEY,2015,Septembre,9,118.75,6.0
DJAKOTOMEY,2015,Octobre,10,93.25,8.0
DJAKOTOMEY,2015,Novembre,11,0.0,0.0
DJAKOTOMEY,2015,Décembre,12,0.0,0.0
DOGBO,2015,Janvier,1,0.0,0.0
DOGBO,2015,Février,2,43.666666666666664,2.0
DOGBO,2015,Mars,3,124.36666666666667,8.0
DOGBO,2015,Avril,4,64.83333333333333,5.0
DOGBO,2015,Mai,5,112.16666666666666,8.0
DOGBO,2015,Juin,6,137.0,7.0
DOGBO,2015,Juillet,7,89.89999999999999,2.0
DOGBO,2015,Août,8,45.8,5.0
DOGBO,2015,Septembre,9,29.133333333333333,5.0
DOGBO,2015,Octobre,10,136.5,10.0
DOGBO,2015,Novembre,11,0.0,0.0
DOGBO,2015,Décembre,12,0.0,0.0
KLOUEKANME,2015,Janvier,1,0.0,0.0
KLOUEKANME,2015,Février,2,24.880000000000003,1.0
KLOUEKANME,2015,Mars,3,37.24,2.0
KLOUEKANME,2015,Avril,4,61.68,4.0
KLOUEKANME,2015,Mai,5,135.204,4.0
KLOUEKANME,2015,Juin,6,175.82,9.0
KLOUEKANME,2015,Juillet,7,60.10000000000001,2.0
KLOUEKANME,2015,Août,8,32.58,3.0
KLOUEKANME,2015,Septembre,9,27.4,5.0
KLOUEKANME,2015,Octobre,10,126.56,10.0
KLOUEKANME,2015,Novembre,11,0.0,0.0
KLOUEKANME,2015,Décembre,12,0.0,0.0
LALO,2015,Janvier,1,0.0,0.0
LALO,2015,Février,2,28.5,2.0
LALO,2015,Mars,3,102.5,5.0
LALO,2015,Avril,4,88.5,4.0
LALO,2015,Mai,5,204.0,7.0
LALO,2015,Juin,6,164.5,8.0
LALO,2015,Juillet,7,56.5,3.0
LALO,2015,Août,8,6.25,1.0
LALO,2015,Septembre,9,110.5,6.0
LALO,2015,Octobre,10,99.0,9.0
LALO,2015,Novembre,11,0.0,0.0
LALO,2015,Décembre,12,0.0,0.0
TOVIKLIN,2015,Janvier,1,0.0,0.0
TOVIKLIN,2015,Février,2,25.166666666666668,2.0
TOVIKLIN,2015,Mars,3,68.93333333333332,5.0
TOVIKLIN,2015,Avril,4,57.349999999999994,5.0
TOVIKLIN,2015,Mai,5,71.23333333333333,7.0
TOVIKLIN,2015,Juin,6,75.9,7.0
TOVIKLIN,2015,Juillet,7,35.900000000000006,4.0
TOVIKLIN,2015,Août,8,56.13333333333333,3.0
TOVIKLIN,2015,Septembre,9,62.2,6.0
TOVIKLIN,2015,Octobre,10,105.4,10.0
TOVIKLIN,2015,Novembre,11,0.0,0.0
TOVIKLIN,2015,Décembre,12,0.0,0.0
DEPART. COUFFO,2015,Janvier,1,0.0,0.0
DEPART. COUFFO,2015,Février,2,42.812000000000005,2.0
DEPART. COUFFO,2015,Mars,3,96.832,7.0
DEPART. COUFFO,2015,Avril,4,56.37800000000001,4.0
DEPART. COUFFO,2015,Mai,5,129.5288,7.0
DEPART. COUFFO,2015,Juin,6,147.90400000000002,9.0
DEPART. COUFFO,2015,Juillet,7,56.232000000000006,3.0
DEPART. COUFFO,2015,Août,8,57.78,4.0
DEPART. COUFFO,2015,Septembre,9,73.512,6.0
DEPART. COUFFO,2015,Octobre,10,116.024,10.0
DEPART. COUFFO,2015,Novembre,11,0.0,0.0
DEPART. COUFFO,2015,Décembre,12,0.0,0.0
ADJARRA,2015,Janvier,1,0.0,0.0
ADJARRA,2015,Février,2,19.1,1.5
ADJARRA,2015,Mars,3,101.0,2.5
ADJARRA,2015,Avril,4,57.0,3.0
ADJARRA,2015,Mai,5,120.2,5.0
ADJARRA,2015,Juin,6,589.25,13.0
ADJARRA,2015,Juillet,7,173.7,5.0
ADJARRA,2015,Août,8,75.7,9.0
ADJARRA,2015,Septembre,9,109.45,7.5
ADJARRA,2015,Octobre,10,183.0,8.0
ADJARRA,2015,Novembre,11,38.0,3.0
ADJARRA,2015,Décembre,12,0.0,0.0
ADJOHOUN,2015,Janvier,1,0.0,0.0
ADJOHOUN,2015,Février,2,50.800000000000004,1.6666666666666667
ADJOHOUN,2015,Mars,3,77.43333333333334,4.666666666666667
ADJOHOUN,2015,Avril,4,63.57333333333333,3.6666666666666665
ADJOHOUN,2015,Mai,5,160.64333333333335,6.0
ADJOHOUN,2015,Juin,6,146.26666666666665,7.0
ADJOHOUN,2015,Juillet,7,100.43333333333332,3.3333333333333335
ADJOHOUN,2015,Août,8,64.46666666666665,4.0
ADJOHOUN,2015,Septembre,9,35.96666666666667,4.0
ADJOHOUN,2015,Octobre,10,99.0,5.666666666666667
ADJOHOUN,2015,Novembre,11,94.33333333333333,4.333333333333333
ADJOHOUN,2015,Décembre,12,0.0,0.0
AGUEGUES,2015,Janvier,1,0.0,0.0
AGUEGUES,2015,Février,2,59.6,3.0
AGUEGUES,2015,Mars,3,109.39999999999999,6.0
AGUEGUES,2015,Avril,4,85.5,5.0
AGUEGUES,2015,Mai,5,127.2,8.0
AGUEGUES,2015,Juin,6,233.2,8.0
AGUEGUES,2015,Juillet,7,46.099999999999994,3.0
AGUEGUES,2015,Août,8,27.599999999999998,4.0
AGUEGUES,2015,Septembre,9,36.2,5.0
AGUEGUES,2015,Octobre,10,158.60000000000002,8.0
AGUEGUES,2015,Novembre,11,73.2,6.0
AGUEGUES,2015,Décembre,12,0.0,0.0
AKPRO-MISSERETE,2015,Janvier,1,0.0,0.0
AKPRO-MISSERETE,2015,Février,2,20.25,2.0
AKPRO-MISSERETE,2015,Mars,3,69.6,4.5
AKPRO-MISSERETE,2015,Avril,4,37.15,3.0
AKPRO-MISSERETE,2015,Mai,5,54.9,5.0
AKPRO-MISSERETE,2015,Juin,6,360.25,14.0
AKPRO-MISSERETE,2015,Juillet,7,68.0,4.0
AKPRO-MISSERETE,2015,Août,8,39.25,4.5
AKPRO-MISSERETE,2015,Septembre,9,36.8,3.0
AKPRO-MISSERETE,2015,Octobre,10,201.25,8.0
AKPRO-MISSERETE,2015,Novembre,11,130.85,5.5
AKPRO-MISSERETE,2015,Décembre,12,0.0,0.0
AVRANKOU,2015,Janvier,1,0.0,0.0
AVRANKOU,2015,Février,2,0.0,0.0
AVRANKOU,2015,Mars,3,129.5,6.0
AVRANKOU,2015,Avril,4,43.2,4.0
AVRANKOU,2015,Mai,5,75.7,6.0
AVRANKOU,2015,Juin,6,349.29999999999995,14.0
AVRANKOU,2015,Juillet,7,47.099999999999994,4.0
AVRANKOU,2015,Août,8,51.9,8.0
AVRANKOU,2015,Septembre,9,42.400000000000006,7.0
AVRANKOU,2015,Octobre,10,214.89999999999998,10.0
AVRANKOU,2015,Novembre,11,87.9,8.0
AVRANKOU,2015,Décembre,12,0.0,0.0
BONOU,2015,Janvier,1,0.0,0.0
BONOU,2015,Février,2,23.6,1.5
BONOU,2015,Mars,3,97.6,2.0
BONOU,2015,Avril,4,76.65,3.0
BONOU,2015,Mai,5,108.0,5.5
BONOU,2015,Juin,6,166.55,8.5
BONOU,2015,Juillet,7,80.65,4.0
BONOU,2015,Août,8,42.25,4.5
BONOU,2015,Septembre,9,89.69,5.5
BONOU,2015,Octobre,10,90.25,6.5
BONOU,2015,Novembre,11,64.85,3.5
BONOU,2015,Décembre,12,0.0,0.0
DANGBO,2015,Janvier,1,0.0,0.0
DANGBO,2015,Février,2,70.4,2.0
DANGBO,2015,Mars,3,83.3,4.0
DANGBO,2015,Avril,4,28.7,2.0
DANGBO,2015,Mai,5,134.2,6.0
DANGBO,2015,Juin,6,358.3,13.0
DANGBO,2015,Juillet,7,55.2,2.0
DANGBO,2015,Août,8,3.5,1.0
DANGBO,2015,Septembre,9,26.099999999999998,3.0
DANGBO,2015,Octobre,10,123.41000000000001,4.0
DANGBO,2015,Novembre,11,45.2,4.0
DANGBO,2015,Décembre,12,0.0,0.0
PORTO-NOVO,2015,Janvier,1,0.0,0.0
PORTO-NOVO,2015,Février,2,64.6,2.0
PORTO-NOVO,2015,Mars,3,118.6,4.5
PORTO-NOVO,2015,Avril,4,89.1,3.5
PORTO-NOVO,2015,Mai,5,37.15,5.0
PORTO-NOVO,2015,Juin,6,472.8,12.5
PORTO-NOVO,2015,Juillet,7,69.1,4.5
PORTO-NOVO,2015,Août,8,54.55,7.5
PORTO-NOVO,2015,Septembre,9,121.95,7.0
PORTO-NOVO,2015,Octobre,10,207.95,8.5
PORTO-NOVO,2015,Novembre,11,0.75,1.0
PORTO-NOVO,2015,Décembre,12,6.25,1.5
SEME-PODJI,2015,Janvier,1,0.0,0.0
SEME-PODJI,2015,Février,2,60.6,3.0
SEME-PODJI,2015,Mars,3,98.65,1.5
SEME-PODJI,2015,Avril,4,67.35,3.0
SEME-PODJI,2015,Mai,5,122.85,10.0
SEME-PODJI,2015,Juin,6,444.2,14.5
SEME-PODJI,2015,Juillet,7,27.7,1.0
SEME-PODJI,2015,Août,8,18.975,5.0
SEME-PODJI,2015,Septembre,9,54.0,8.0
SEME-PODJI,2015,Octobre,10,141.75,10.5
SEME-PODJI,2015,Novembre,11,17.85,4.0
SEME-PODJI,2015,Décembre,12,0.0,0.0
DEPART. OUEME,2015,Janvier,1,0.0,0.0
DEPART. OUEME,2015,Février,2,41.16875,1.875
DEPART. OUEME,2015,Mars,3,95.3375,3.75
DEPART. OUEME,2015,Avril,4,62.66375000000001,3.3125
DEPART. OUEME,2015,Mai,5,106.57687500000002,6.1875
DEPART. OUEME,2015,Juin,6,340.35625,11.3125
DEPART. OUEME,2015,Juillet,7,80.50000000000001,3.5
DEPART. OUEME,2015,Août,8,46.115625,5.375
DEPART. OUEME,2015,Septembre,9,64.77375,5.5625
DEPART. OUEME,2015,Octobre,10,152.64437500000003,7.625
DEPART. OUEME,2015,Novembre,11,62.118750000000006,4.0625
DEPART. OUEME,2015,Décembre,12,0.78125,0.1875
ADJA-OUERE,2015,Janvier,1,0.0,0.0
ADJA-OUERE,2015,Février,2,6.5,0.6666666666666666
ADJA-OUERE,2015,Mars,3,33.800000000000004,2.6666666666666665
ADJA-OUERE,2015,Avril,4,18.566666666666666,1.0
ADJA-OUERE,2015,Mai,5,65.83333333333333,4.0
ADJA-OUERE,2015,Juin,6,245.9333333333333,8.666666666666666
ADJA-OUERE,2015,Juillet,7,163.76666666666668,7.0
ADJA-OUERE,2015,Août,8,61.133333333333326,4.333333333333333
ADJA-OUERE,2015,Septembre,9,109.75999999999999,6.333333333333333
ADJA-OUERE,2015,Octobre,10,258.09999999999997,9.0
ADJA-OUERE,2015,Novembre,11,48.333333333333336,2.0
ADJA-OUERE,2015,Décembre,12,0.0,0.0
IFANGNI,2015,Janvier,1,0.0,0.0
IFANGNI,2015,Février,2,43.0,2.0
IFANGNI,2015,Mars,3,116.0,5.0
IFANGNI,2015,Avril,4,45.699999999999996,3.0
IFANGNI,2015,Mai,5,88.9,8.0
IFANGNI,2015,Juin,6,221.3,8.0
IFANGNI,2015,Juillet,7,38.9,4.0
IFANGNI,2015,Août,8,41.3,4.0
IFANGNI,2015,Septembre,9,39.900000000000006,5.0
IFANGNI,2015,Octobre,10,168.96999999999997,7.0
IFANGNI,2015,Novembre,11,119.03,7.0
IFANGNI,2015,Décembre,12,0.0,0.0
KETOU,2015,Janvier,1,0.0,0.0
KETOU,2015,Février,2,11.6,1.0
KETOU,2015,Mars,3,67.8,5.0
KETOU,2015,Avril,4,8.8,1.6
KETOU,2015,Mai,5,109.4,7.8
KETOU,2015,Juin,6,131.4,9.2
KETOU,2015,Juillet,7,40.4,3.0
KETOU,2015,Août,8,50.2,4.6
KETOU,2015,Septembre,9,146.0,9.8
KETOU,2015,Octobre,10,187.0,6.2
KETOU,2015,Novembre,11,46.4,1.8
KETOU,2015,Décembre,12,0.0,0.0
POBE,2015,Janvier,1,0.0,0.0
POBE,2015,Février,2,27.349999999999998,2.3333333333333335
POBE,2015,Mars,3,65.06666666666668,4.166666666666667
POBE,2015,Avril,4,132.71666666666667,6.5
POBE,2015,Mai,5,98.14999999999999,8.833333333333334
POBE,2015,Juin,6,117.75,8.666666666666666
POBE,2015,Juillet,7,94.45,4.833333333333333
POBE,2015,Août,8,54.949999999999996,4.833333333333333
POBE,2015,Septembre,9,109.46666666666665,9.0
POBE,2015,Octobre,10,162.28333333333333,11.5
POBE,2015,Novembre,11,12.083333333333334,1.3333333333333333
POBE,2015,Décembre,12,0.0,0.0
SAKETE,2015,Janvier,1,10.700000000000001,1.0
SAKETE,2015,Février,2,56.96666666666666,3.3333333333333335
SAKETE,2015,Mars,3,59.333333333333336,3.6666666666666665
SAKETE,2015,Avril,4,35.3,3.0
SAKETE,2015,Mai,5,144.33333333333334,7.333333333333333
SAKETE,2015,Juin,6,165.46666666666664,9.666666666666666
SAKETE,2015,Juillet,7,89.5,3.6666666666666665
SAKETE,2015,Août,8,17.233333333333334,3.6666666666666665
SAKETE,2015,Septembre,9,49.96666666666667,7.0
SAKETE,2015,Octobre,10,148.9,7.666666666666667
SAKETE,2015,Novembre,11,48.23333333333333,3.3333333333333335
SAKETE,2015,Décembre,12,0.0,0.0
DEPART. PLATEAU,2015,Janvier,1,1.7833333333333334,1.0
DEPART. PLATEAU,2015,Février,2,25.305555555555557,1.8333333333333333
DEPART. PLATEAU,2015,Mars,3,62.48888888888889,4.111111111111111
DEPART. PLATEAU,2015,Avril,4,58.199999999999996,3.4444444444444446
DEPART. PLATEAU,2015,Mai,5,103.07222222222224,7.444444444444445
DEPART. PLATEAU,2015,Juin,6,156.61111111111111,8.944444444444445
DEPART. PLATEAU,2015,Juillet,7,87.07777777777778,4.444444444444445
DEPART. PLATEAU,2015,Août,8,47.61666666666667,4.444444444444445
DEPART. PLATEAU,2015,Septembre,9,105.8822222222222,8.222222222222221
DEPART. PLATEAU,2015,Octobre,10,183.25944444444448,8.722222222222221
DEPART. PLATEAU,2015,Novembre,11,39.62388888888889,2.2222222222222223
DEPART. PLATEAU,2015,Décembre,12,0.0,0.0
ABOMEY-CALAVI,2015,Janvier,1,0.0,0.0
ABOMEY-CALAVI,2015,Février,2,33.4,1.0
ABOMEY-CALAVI,2015,Mars,3,82.05,4.0
ABOMEY-CALAVI,2015,Avril,4,87.6,5.0
ABOMEY-CALAVI,2015,Mai,5,265.0,11.0
ABOMEY-CALAVI,2015,Juin,6,527.0,12.0
ABOMEY-CALAVI,2015,Juillet,7,78.0,4.0
ABOMEY-CALAVI,2015,Août,8,33.6,3.0
ABOMEY-CALAVI,2015,Septembre,9,78.8,4.0
ABOMEY-CALAVI,2015,Octobre,10,80.38,4.0
ABOMEY-CALAVI,2015,Novembre,11,27.7,2.0
ABOMEY-CALAVI,2015,Décembre,12,0.0,0.0
ALLADA,2015,Janvier,1,0.0,0.0
ALLADA,2015,Février,2,30.425,1.0
ALLADA,2015,Mars,3,129.65,6.5
ALLADA,2015,Avril,4,153.15,6.0
ALLADA,2015,Mai,5,151.55,8.0
ALLADA,2015,Juin,6,126.05,7.5
ALLADA,2015,Juillet,7,106.9,6.0
ALLADA,2015,Août,8,30.25,3.0
ALLADA,2015,Septembre,9,79.8,5.0
ALLADA,2015,Octobre,10,185.25,10.5
ALLADA,2015,Novembre,11,84.68,7.5
ALLADA,2015,Décembre,12,0.0,0.0
KPOMASSE,2015,Janvier,1,0.0,0.0
KPOMASSE,2015,Février,2,24.0,5.0
KPOMASSE,2015,Mars,3,20.5,3.0
KPOMASSE,2015,Avril,4,64.5,1.0
KPOMASSE,2015,Mai,5,158.0,5.0
KPOMASSE,2015,Juin,6,201.5,9.0
KPOMASSE,2015,Juillet,7,35.0,2.0
KPOMASSE,2015,Août,8,32.5,2.0
KPOMASSE,2015,Septembre,9,20.5,2.0
KPOMASSE,2015,Octobre,10,147.0,8.0
KPOMASSE,2015,Novembre,11,35.5,5.0
KPOMASSE,2015,Décembre,12,0.0,0.0
OUIDAH,2015,Janvier,1,0.0,0.0
OUIDAH,2015,Février,2,54.73333333333333,2.3333333333333335
OUIDAH,2015,Mars,3,162.72666666666666,4.333333333333333
OUIDAH,2015,Avril,4,40.13333333333333,3.0
OUIDAH,2015,Mai,5,121.56666666666668,7.0
OUIDAH,2015,Juin,6,701.8333333333334,14.333333333333334
OUIDAH,2015,Juillet,7,88.96666666666665,4.333333333333333
OUIDAH,2015,Août,8,5.966666666666666,1.0
OUIDAH,2015,Septembre,9,67.1,1.6666666666666667
OUIDAH,2015,Octobre,10,160.6,8.0
OUIDAH,2015,Novembre,11,96.60000000000001,4.333333333333333
OUIDAH,2015,Décembre,12,0.0,0.0
SO-AVA,2015,Janvier,1,0.0,0.0
SO-AVA,2015,Février,2,89.78,2.0
SO-AVA,2015,Mars,3,86.2,2.0
SO-AVA,2015,Avril,4,58.09,1.0
SO-AVA,2015,Mai,5,199.8,6.0
SO-AVA,2015,Juin,6,904.1,16.0
SO-AVA,2015,Juillet,7,135.53,3.0
SO-AVA,2015,Août,8,23.76,3.0
SO-AVA,2015,Septembre,9,22.880000000000003,3.0
SO-AVA,2015,Octobre,10,213.22,7.0
SO-AVA,2015,Novembre,11,36.96,2.0
SO-AVA,2015,Décembre,12,0.0,0.0
TOFFO,2015,Janvier,1,0.0,0.0
TOFFO,2015,Février,2,31.125714285714288,1.8571428571428572
TOFFO,2015,Mars,3,121.47857142857141,5.428571428571429
TOFFO,2015,Avril,4,68.80428571428571,4.0
TOFFO,2015,Mai,5,105.80285714285715,5.285714285714286
TOFFO,2015,Juin,6,119.03285714285714,4.571428571428571
TOFFO,2015,Juillet,7,75.32428571428571,2.2857142857142856
TOFFO,2015,Août,8,46.15714285714286,1.8571428571428572
TOFFO,2015,Septembre,9,19.282857142857146,2.5714285714285716
TOFFO,2015,Octobre,10,93.41142857142857,6.142857142857143
TOFFO,2015,Novembre,11,69.59428571428572,3.2857142857142856
TOFFO,2015,Décembre,12,0.0,0.0
TORI-BOSSITO,2015,Janvier,1,0.0,0.0
TORI-BOSSITO,2015,Février,2,46.625,4.0
TORI-BOSSITO,2015,Mars,3,106.25,5.0
TORI-BOSSITO,2015,Avril,4,92.25,3.0
TORI-BOSSITO,2015,Mai,5,74.45,7.0
TORI-BOSSITO,2015,Juin,6,180.125,8.0
TORI-BOSSITO,2015,Juillet,7,52.875,2.5
TORI-BOSSITO,2015,Août,8,25.25,3.0
TORI-BOSSITO,2015,Septembre,9,49.375,5.5
TORI-BOSSITO,2015,Octobre,10,133.875,7.5
TORI-BOSSITO,2015,Novembre,11,66.975,5.0
TORI-BOSSITO,2015,Décembre,12,0.0,0.0
ZE,2015,Janvier,1,0.0,0.0
ZE,2015,Février,2,28.2,1.0
ZE,2015,Mars,3,145.76,7.0
ZE,2015,Avril,4,89.28,4.0
ZE,2015,Mai,5,107.4,6.0
ZE,2015,Juin,6,102.0,5.0
ZE,2015,Juillet,7,60.0,1.0
ZE,2015,Août,8,27.6,1.0
ZE,2015,Septembre,9,12.0,1.0
ZE,2015,Octobre,10,59.760000000000005,7.0
ZE,2015,Novembre,11,90.0,5.0
ZE,2015,Décembre,12,0.0,0.0
DEPART. ATLANTIQUE,2015,Janvier,1,0.0,0.0
DEPART. ATLANTIQUE,2015,Février,2,39.531111111111116,2.1666666666666665
DEPART. ATLANTIQUE,2015,Mars,3,119.15777777777778,5.0
DEPART. ATLANTIQUE,2015,Avril,4,77.35,3.6666666666666665
DEPART. ATLANTIQUE,2015,Mai,5,127.08444444444444,6.444444444444445
DEPART. ATLANTIQUE,2015,Juin,6,293.64888888888885,8.222222222222221
DEPART. ATLANTIQUE,2015,Juillet,7,79.01388888888889,3.111111111111111
DEPART. ATLANTIQUE,2015,Août,8,31.63666666666667,2.0555555555555554
DEPART. ATLANTIQUE,2015,Septembre,9,40.489444444444445,3.0
DEPART. ATLANTIQUE,2015,Octobre,10,126.34944444444444,7.166666666666667
DEPART. ATLANTIQUE,2015,Novembre,11,70.57944444444445,4.166666666666667
DEPART. ATLANTIQUE,2015,Décembre,12,0.0,0.0
COTONOU,2015,Janvier,1,0.0,0.0
COTONOU,2015,Février,2,33.75,0.0
COTONOU,2015,Mars,3,110.0,4.0
COTONOU,2015,Avril,4,73.125,5.0
COTONOU,2015,Mai,5,34.45,3.0
COTONOU,2015,Juin,6,288.125,51.88
COTONOU,2015,Juillet,7,22.5,2.0
COTONOU,2015,Août,8,26.75,2.0
COTONOU,2015,Septembre,9,69.0,2.0
COTONOU,2015,Octobre,10,136.91000000000003,8.0
COTONOU,2015,Novembre,11,6.25,1.0
COTONOU,2015,Décembre,12,0.0,0.0
DEPART. LITTORAL,2015,Janvier,1,0.0,0.0
DEPART. LITTORAL,2015,Février,2,33.75,0.0
DEPART. LITTORAL,2015,Mars,3,110.0,4.0
DEPART. LITTORAL,2015,Avril,4,73.125,5.0
DEPART. LITTORAL,2015,Mai,5,34.45,3.0
DEPART. LITTORAL,2015,Juin,6,288.125,51.88
DEPART. LITTORAL,2015,Juillet,7,22.5,2.0
DEPART. LITTORAL,2015,Août,8,26.75,2.0
DEPART. LITTORAL,2015,Septembre,9,69.0,2.0
DEPART. LITTORAL,2015,Octobre,10,136.91000000000003,8.0
DEPART. LITTORAL,2015,Novembre,11,6.25,1.0
DEPART. LITTORAL,2015,Décembre,12,0.0,0.0
BENIN,2015,Janvier,1,1.039755226300793,0.18181818181818182
BENIN,2015,Février,2,23.913969167556825,1.6128633271490413
BENIN,2015,Mars,3,72.81626614943498,3.551020408163265
BENIN,2015,Avril,4,38.13217813550785,2.496969696969697
BENIN,2015,Mai,5,85.6754556019377,5.169078540507111
BENIN,2015,Juin,6,171.3592422584514,8.376425479282624
BENIN,2015,Juillet,7,108.14267015235842,5.499381570810142
BENIN,2015,Août,8,129.5395323424788,7.620655534941251
BENIN,2015,Septembre,9,120.49318622828626,7.842486085343228
BENIN,2015,Octobre,10,104.69577015048445,6.2165739022881885
BENIN,2015,Novembre,11,22.546255411255412,1.3885590599876312
BENIN,2015,Décembre,12,0.08116883116883117,0.01948051948051948
BEMBEREKE,2016,Janvier,1,0.0,0.0
BEMBEREKE,2016,Février,2,0.0,0.0
BEMBEREKE,2016,Mars,3,11.2,4.0
BEMBEREKE,2016,Avril,4,72.36000000000001,6.0
BEMBEREKE,2016,Mai,5,112.28,8.0
BEMBEREKE,2016,Juin,6,118.44,8.0
BEMBEREKE,2016,Juillet,7,179.96,10.0
BEMBEREKE,2016,Août,8,233.64,10.0
BEMBEREKE,2016,Septembre,9,248.45999999999998,13.0
BEMBEREKE,2016,Octobre,10,27.25,2.6666666666666665
BEMBEREKE,2016,Novembre,11,0.0,0.0
BEMBEREKE,2016,Décembre,12,0.0,0.0
KALALE,2016,Janvier,1,0.0,0.0
KALALE,2016,Février,2,0.0,0.0
KALALE,2016,Mars,3,15.5,2.0
KALALE,2016,Avril,4,108.16666666666666,6.0
KALALE,2016,Mai,5,95.41666666666667,6.0
KALALE,2016,Juin,6,125.0,8.0
KALALE,2016,Juillet,7,121.96666666666667,9.0
KALALE,2016,Août,8,302.05,14.0
KALALE,2016,Septembre,9,364.41666666666663,17.0
KALALE,2016,Octobre,10,59.25,3.5
KALALE,2016,Novembre,11,0.0,0.0
KALALE,2016,Décembre,12,0.0,0.0
N'DALI,2016,Janvier,1,0.0,0.0
N'DALI,2016,Février,2,0.0,0.0
N'DALI,2016,Mars,3,14.5,2.0
N'DALI,2016,Avril,4,77.975,7.0
N'DALI,2016,Mai,5,83.91666666666667,6.0
N'DALI,2016,Juin,6,107.06666666666666,7.0
N'DALI,2016,Juillet,7,215.6,11.0
N'DALI,2016,Août,8,227.8,10.0
N'DALI,2016,Septembre,9,175.2,13.0
N'DALI,2016,Octobre,10,42.81818181818182,2.935064935064935
N'DALI,2016,Novembre,11,0.0,0.0
N'DALI,2016,Décembre,12,0.0,0.0
NIKKI,2016,Janvier,1,0.0,0.0
NIKKI,2016,Février,2,0.0,0.0
NIKKI,2016,Mars,3,7.0,1.0
NIKKI,2016,Avril,4,101.8,7.0
NIKKI,2016,Mai,5,134.9,6.0
NIKKI,2016,Juin,6,146.3,8.0
NIKKI,2016,Juillet,7,189.4,12.0
NIKKI,2016,Août,8,260.0,12.0
NIKKI,2016,Septembre,9,267.925,14.0
NIKKI,2016,Octobre,10,73.25,3.5
NIKKI,2016,Novembre,11,0.0,0.0
NIKKI,2016,Décembre,12,0.0,0.0
PARAKOU,2016,Janvier,1,0.0,0.0
PARAKOU,2016,Février,2,0.0,0.0
PARAKOU,2016,Mars,3,31.0,4.0
PARAKOU,2016,Avril,4,103.26666666666667,8.0
PARAKOU,2016,Mai,5,103.78333333333333,8.0
PARAKOU,2016,Juin,6,79.81666666666666,7.0
PARAKOU,2016,Juillet,7,216.66666666666666,9.0
PARAKOU,2016,Août,8,159.66666666666666,8.0
PARAKOU,2016,Septembre,9,178.5,10.0
PARAKOU,2016,Octobre,10,53.0,3.2857142857142856
PARAKOU,2016,Novembre,11,0.0,0.0
PARAKOU,2016,Décembre,12,0.0,0.0
PERERE,2016,Janvier,1,0.0,0.0
PERERE,2016,Février,2,7.5,1.0
PERERE,2016,Mars,3,55.5,4.0
PERERE,2016,Avril,4,73.1,7.0
PERERE,2016,Mai,5,142.0,6.0
PERERE,2016,Juin,6,166.0,12.0
PERERE,2016,Juillet,7,320.0,12.0
PERERE,2016,Août,8,334.0,12.0
PERERE,2016,Septembre,9,266.7,12.0
PERERE,2016,Octobre,10,20.5,4.0
PERERE,2016,Novembre,11,0.0,0.0
PERERE,2016,Décembre,12,0.0,0.0
SINENDE,2016,Janvier,1,0.0,0.0
SINENDE,2016,Février,2,0.0,0.0
SINENDE,2016,Mars,3,0.0,0.0
SINENDE,2016,Avril,4,131.45,8.0
SINENDE,2016,Mai,5,100.392,5.0
SINENDE,2016,Juin,6,146.512,8.0
SINENDE,2016,Juillet,7,148.2,8.0
SINENDE,2016,Août,8,169.9,10.0
SINENDE,2016,Septembre,9,283.6,15.0
SINENDE,2016,Octobre,10,32.8,1.6
SINENDE,2016,Novembre,11,0.0,0.0
SINENDE,2016,Décembre,12,0.0,0.0
TCHAOUROU,2016,Janvier,1,0.0,0.0
TCHAOUROU,2016,Février,2,0.0,0.0
TCHAOUROU,2016,Mars,3,6.785714285714286,1.0
TCHAOUROU,2016,Avril,4,84.83333333333333,6.0
TCHAOUROU,2016,Mai,5,40.64416666666666,5.0
TCHAOUROU,2016,Juin,6,113.16428571428571,8.0
TCHAOUROU,2016,Juillet,7,208.6668253968254,11.0
TCHAOUROU,2016,Août,8,171.97625,9.0
TCHAOUROU,2016,Septembre,9,224.05928571428575,20.0
TCHAOUROU,2016,Octobre,10,27.020833333333332,3.0
TCHAOUROU,2016,Novembre,11,0.0,0.0
TCHAOUROU,2016,Décembre,12,0.0,0.0
DEPART. BORGOU,2016,Janvier,1,0.0,0.0
DEPART. BORGOU,2016,Février,2,0.2777777777777778,1.0
DEPART. BORGOU,2016,Mars,3,22.092414529914528,4.0
DEPART. BORGOU,2016,Avril,4,93.99103641456581,7.0
DEPART. BORGOU,2016,Mai,5,92.47290048094709,6.0
DEPART. BORGOU,2016,Juin,6,122.05906382978723,7.0
DEPART. BORGOU,2016,Juillet,7,187.74229919181923,10.0
DEPART. BORGOU,2016,Août,8,221.22844125809434,11.0
DEPART. BORGOU,2016,Septembre,9,249.97284125379173,14.0
DEPART. BORGOU,2016,Octobre,10,35.36112689393939,4.0
DEPART. BORGOU,2016,Novembre,11,0.0,0.0
DEPART. BORGOU,2016,Décembre,12,0.0,0.0
BANIKOARA,2016,Janvier,1,0.0,0.0
BANIKOARA,2016,Février,2,0.0,0.0
BANIKOARA,2016,Mars,3,7.5,1.0
BANIKOARA,2016,Avril,4,65.59848484848484,5.0
BANIKOARA,2016,Mai,5,104.41666666666666,4.0
BANIKOARA,2016,Juin,6,86.25,6.0
BANIKOARA,2016,Juillet,7,154.75,12.0
BANIKOARA,2016,Août,8,316.1439393939394,14.0
BANIKOARA,2016,Septembre,9,371.2,17.0
BANIKOARA,2016,Octobre,10,21.636363636363637,1.2727272727272727
BANIKOARA,2016,Novembre,11,0.0,0.0
BANIKOARA,2016,Décembre,12,0.0,0.0
GOGOUNOU,2016,Janvier,1,0.0,0.0
GOGOUNOU,2016,Février,2,0.0,0.0
GOGOUNOU,2016,Mars,3,34.1,2.0
GOGOUNOU,2016,Avril,4,119.68,7.0
GOGOUNOU,2016,Mai,5,71.6,4.0
GOGOUNOU,2016,Juin,6,131.74,9.0
GOGOUNOU,2016,Juillet,7,112.0,9.0
GOGOUNOU,2016,Août,8,236.64,11.0
GOGOUNOU,2016,Septembre,9,329.75,16.0
GOGOUNOU,2016,Octobre,10,24.333333333333332,1.8333333333333333
GOGOUNOU,2016,Novembre,11,0.0,0.0
GOGOUNOU,2016,Décembre,12,0.0,0.0
KANDI,2016,Janvier,1,0.0,0.0
KANDI,2016,Février,2,0.0,0.0
KANDI,2016,Mars,3,13.333333333333334,2.0
KANDI,2016,Avril,4,66.625,5.0
KANDI,2016,Mai,5,70.55000000000001,4.0
KANDI,2016,Juin,6,98.05,10.0
KANDI,2016,Juillet,7,127.86666666666667,9.0
KANDI,2016,Août,8,251.02,11.0
KANDI,2016,Septembre,9,295.70000000000005,15.0
KANDI,2016,Octobre,10,6.75,0.875
KANDI,2016,Novembre,11,0.0,0.0
KANDI,2016,Décembre,12,0.0,0.0
KARIMAMA,2016,Janvier,1,0.0,0.0
KARIMAMA,2016,Février,2,0.0,0.0
KARIMAMA,2016,Mars,3,0.0,0.0
KARIMAMA,2016,Avril,4,35.0,3.0
KARIMAMA,2016,Mai,5,61.5,4.0
KARIMAMA,2016,Juin,6,174.75,9.0
KARIMAMA,2016,Juillet,7,273.25,10.0
KARIMAMA,2016,Août,8,370.25,14.0
KARIMAMA,2016,Septembre,9,297.5,11.0
KARIMAMA,2016,Octobre,10,0.0,0.0
KARIMAMA,2016,Novembre,11,0.0,0.0
KARIMAMA,2016,Décembre,12,0.0,0.0
MALANVILLE,2016,Janvier,1,0.0,0.0
MALANVILLE,2016,Février,2,0.0,0.0
MALANVILLE,2016,Mars,3,0.0,0.0
MALANVILLE,2016,Avril,4,9.166666666666666,1.0
MALANVILLE,2016,Mai,5,70.73333333333333,4.0
MALANVILLE,2016,Juin,6,118.19999999999999,8.0
MALANVILLE,2016,Juillet,7,119.09,8.0
MALANVILLE,2016,Août,8,341.16666666666663,13.0
MALANVILLE,2016,Septembre,9,191.58333333333331,11.0
MALANVILLE,2016,Octobre,10,0.0,0.0
MALANVILLE,2016,Novembre,11,0.0,0.0
MALANVILLE,2016,Décembre,12,0.0,0.0
SEGBANA,2016,Janvier,1,0.0,0.0
SEGBANA,2016,Février,2,0.0,0.0
SEGBANA,2016,Mars,3,16.25,1.0
SEGBANA,2016,Avril,4,98.6,5.0
SEGBANA,2016,Mai,5,62.400000000000006,5.0
SEGBANA,2016,Juin,6,99.11999999999999,12.0
SEGBANA,2016,Juillet,7,170.54,11.0
SEGBANA,2016,Août,8,273.6,15.0
SEGBANA,2016,Septembre,9,396.4,20.0
SEGBANA,2016,Octobre,10,171.6,5.0
SEGBANA,2016,Novembre,11,0.0,0.0
SEGBANA,2016,Décembre,12,0.0,0.0
DEPART. ALIBORI,2016,Janvier,1,0.0,0.0
DEPART. ALIBORI,2016,Février,2,0.0,0.0
DEPART. ALIBORI,2016,Mars,3,20.917892156862745,3.0
DEPART. ALIBORI,2016,Avril,4,66.94647950089127,6.0
DEPART. ALIBORI,2016,Mai,5,79.70321428571428,5.0
DEPART. ALIBORI,2016,Juin,6,106.90325396825396,8.0
DEPART. ALIBORI,2016,Juillet,7,147.25428571428571,10.0
DEPART. ALIBORI,2016,Août,8,295.790756302521,14.0
DEPART. ALIBORI,2016,Septembre,9,323.8329981846111,16.0
DEPART. ALIBORI,2016,Octobre,10,40.99267676767676,3.0
DEPART. ALIBORI,2016,Novembre,11,0.0,0.0
DEPART. ALIBORI,2016,Décembre,12,0.0,0.0
BOUKOUMBE,2016,Janvier,1,0.0,0.0
BOUKOUMBE,2016,Février,2,0.0,0.0
BOUKOUMBE,2016,Mars,3,29.166666666666668,2.0
BOUKOUMBE,2016,Avril,4,37.266666666666666,2.0
BOUKOUMBE,2016,Mai,5,28.633333333333333,5.0
BOUKOUMBE,2016,Juin,6,121.78333333333333,9.0
BOUKOUMBE,2016,Juillet,7,166.57833333333332,10.0
BOUKOUMBE,2016,Août,8,180.85,10.0
BOUKOUMBE,2016,Septembre,9,221.76666666666665,15.0
BOUKOUMBE,2016,Octobre,10,44.21666666666667,10.0
BOUKOUMBE,2016,Novembre,11,0.0,0.0
BOUKOUMBE,2016,Décembre,12,0.0,0.0
COBLY,2016,Janvier,1,0.0,0.0
COBLY,2016,Février,2,0.0,0.0
COBLY,2016,Mars,3,71.10000000000001,1.0
COBLY,2016,Avril,4,14.933333333333335,2.0
COBLY,2016,Mai,5,3.9,1.0
COBLY,2016,Juin,6,94.56666666666668,6.0
COBLY,2016,Juillet,7,193.93333333333334,10.0
COBLY,2016,Août,8,224.40333333333334,9.0
COBLY,2016,Septembre,9,194.29999999999995,14.0
COBLY,2016,Octobre,10,58.6,6.0
COBLY,2016,Novembre,11,0.0,0.0
COBLY,2016,Décembre,12,0.0,0.0
KEROU,2016,Janvier,1,0.0,0.0
KEROU,2016,Février,2,0.0,0.0
KEROU,2016,Mars,3,18.400000000000002,2.0
KEROU,2016,Avril,4,80.5142857142857,3.0
KEROU,2016,Mai,5,33.2,2.0
KEROU,2016,Juin,6,101.925,9.0
KEROU,2016,Juillet,7,222.91666666666669,13.0
KEROU,2016,Août,8,228.66666666666669,12.0
KEROU,2016,Septembre,9,394.59999999999997,17.0
KEROU,2016,Octobre,10,0.0,0.0
KEROU,2016,Novembre,11,0.0,0.0
KEROU,2016,Décembre,12,0.0,0.0
KOUANDE,2016,Janvier,1,0.0,0.0
KOUANDE,2016,Février,2,2.208791208791209,2.0
KOUANDE,2016,Mars,3,16.507142857142856,2.0
KOUANDE,2016,Avril,4,94.78295454545454,8.0
KOUANDE,2016,Mai,5,33.86,3.0
KOUANDE,2016,Juin,6,155.4309090909091,11.0
KOUANDE,2016,Juillet,7,172.27,13.0
KOUANDE,2016,Août,8,91.02888888888889,7.0
KOUANDE,2016,Septembre,9,249.1225,13.0
KOUANDE,2016,Octobre,10,0.0,0.0
KOUANDE,2016,Novembre,11,0.0,0.0
KOUANDE,2016,Décembre,12,0.0,0.0
MATERI,2016,Janvier,1,0.0,0.0
MATERI,2016,Février,2,0.0,0.0
MATERI,2016,Mars,3,26.471428571428568,2.0
MATERI,2016,Avril,4,0.0,0.0
MATERI,2016,Mai,5,0.0,0.0
MATERI,2016,Juin,6,71.33800000000001,7.0
MATERI,2016,Juillet,7,141.53199999999998,12.0
MATERI,2016,Août,8,246.95200000000003,12.0
MATERI,2016,Septembre,9,286.19800000000004,14.0
MATERI,2016,Octobre,10,52.75,5.0
MATERI,2016,Novembre,11,0.0,0.0
MATERI,2016,Décembre,12,0.0,0.0
NATITINGOU,2016,Janvier,1,0.0,0.0
NATITINGOU,2016,Février,2,0.0,0.0
NATITINGOU,2016,Mars,3,7.15,3.0
NATITINGOU,2016,Avril,4,51.290000000000006,6.0
NATITINGOU,2016,Mai,5,10.075000000000001,1.0
NATITINGOU,2016,Juin,6,93.46,8.0
NATITINGOU,2016,Juillet,7,154.26,13.0
NATITINGOU,2016,Août,8,152.1,13.0
NATITINGOU,2016,Septembre,9,197.34833333333336,12.0
NATITINGOU,2016,Octobre,10,22.5,2.0
NATITINGOU,2016,Novembre,11,0.0,0.0
NATITINGOU,2016,Décembre,12,0.0,0.0
PEHUNCO,2016,Janvier,1,0.0,0.0
PEHUNCO,2016,Février,2,0.0,0.0
PEHUNCO,2016,Mars,3,11.1625,2.0
PEHUNCO,2016,Avril,4,74.9375,6.0
PEHUNCO,2016,Mai,5,75.7375,3.0
PEHUNCO,2016,Juin,6,123.39464285714286,10.0
PEHUNCO,2016,Juillet,7,198.71428571428572,12.0
PEHUNCO,2016,Août,8,155.86190476190475,12.0
PEHUNCO,2016,Septembre,9,304.0857142857143,16.0
PEHUNCO,2016,Octobre,10,21.65,3.0
PEHUNCO,2016,Novembre,11,0.0,0.0
PEHUNCO,2016,Décembre,12,0.0,0.0
TANGUIETA,2016,Janvier,1,0.0,0.0
TANGUIETA,2016,Février,2,0.8,1.0
TANGUIETA,2016,Mars,3,12.0,3.0
TANGUIETA,2016,Avril,4,48.0,6.0
TANGUIETA,2016,Mai,5,0.0,0.0
TANGUIETA,2016,Juin,6,35.599999999999994,4.0
TANGUIETA,2016,Juillet,7,133.92000000000002,13.0
TANGUIETA,2016,Août,8,167.15999999999997,17.0
TANGUIETA,2016,Septembre,9,233.74,16.0
TANGUIETA,2016,Octobre,10,46.379999999999995,5.0
TANGUIETA,2016,Novembre,11,0.0,0.0
TANGUIETA,2016,Décembre,12,0.0,0.0
TOUCOUNTOUNA,2016,Janvier,1,0.0,0.0
TOUCOUNTOUNA,2016,Février,2,0.0,0.0
TOUCOUNTOUNA,2016,Mars,3,4.642857142857143,1.0
TOUCOUNTOUNA,2016,Avril,4,31.25,2.0
TOUCOUNTOUNA,2016,Mai,5,16.543333333333333,1.0
TOUCOUNTOUNA,2016,Juin,6,94.25,9.0
TOUCOUNTOUNA,2016,Juillet,7,238.48,10.0
TOUCOUNTOUNA,2016,Août,8,214.0,10.0
TOUCOUNTOUNA,2016,Septembre,9,305.45,14.0
TOUCOUNTOUNA,2016,Octobre,10,58.5,5.0
TOUCOUNTOUNA,2016,Novembre,11,0.0,0.0
TOUCOUNTOUNA,2016,Décembre,12,0.0,0.0
DEPART. ATACORA,2016,Janvier,1,0.0,0.0
DEPART. ATACORA,2016,Février,2,0.5035118525021949,2.0
DEPART. ATACORA,2016,Mars,3,18.19078138718174,3.0
DEPART. ATACORA,2016,Avril,4,96.19342105263159,7.0
DEPART. ATACORA,2016,Mai,5,46.51560455192034,4.0
DEPART. ATACORA,2016,Juin,6,112.13569607843138,9.0
DEPART. ATACORA,2016,Juillet,7,176.69367346938776,12.0
DEPART. ATACORA,2016,Août,8,185.3463508447344,12.0
DEPART. ATACORA,2016,Septembre,9,267.89779891304346,15.0
DEPART. ATACORA,2016,Octobre,10,40.44391534391534,6.0
DEPART. ATACORA,2016,Novembre,11,0.0,0.0
DEPART. ATACORA,2016,Décembre,12,0.0,0.0
BASSILA,2016,Janvier,1,0.0,0.0
BASSILA,2016,Février,2,0.0,0.0
BASSILA,2016,Mars,3,22.184615384615388,2.0
BASSILA,2016,Avril,4,80.47,5.0
BASSILA,2016,Mai,5,84.8490909090909,6.0
BASSILA,2016,Juin,6,135.89833333333334,9.0
BASSILA,2016,Juillet,7,160.05816666666666,12.0
BASSILA,2016,Août,8,191.24151515151516,13.0
BASSILA,2016,Septembre,9,200.71,12.0
BASSILA,2016,Octobre,10,60.516666666666666,6.0
BASSILA,2016,Novembre,11,0.0,0.0
BASSILA,2016,Décembre,12,0.0,0.0
COPARGO,2016,Janvier,1,0.0,0.0
COPARGO,2016,Février,2,0.1823529411764706,1.0
COPARGO,2016,Mars,3,26.408571428571427,3.0
COPARGO,2016,Avril,4,70.40666666666667,5.0
COPARGO,2016,Mai,5,65.12844827586206,5.0
COPARGO,2016,Juin,6,149.99922222222222,10.0
COPARGO,2016,Juillet,7,183.2309220032841,13.0
COPARGO,2016,Août,8,240.13186206896552,14.0
COPARGO,2016,Septembre,9,269.24066666666664,15.0
COPARGO,2016,Octobre,10,67.98823529411764,6.0
COPARGO,2016,Novembre,11,0.0,0.0
COPARGO,2016,Décembre,12,0.0,0.0
DJOUGOU,2016,Janvier,1,0.0,0.0
DJOUGOU,2016,Février,2,0.0,0.0
DJOUGOU,2016,Mars,3,41.018181818181816,4.0
DJOUGOU,2016,Avril,4,18.02857142857143,2.0
DJOUGOU,2016,Mai,5,23.066666666666666,2.0
DJOUGOU,2016,Juin,6,148.1375,10.0
DJOUGOU,2016,Juillet,7,191.43694444444446,13.0
DJOUGOU,2016,Août,8,240.93333333333334,16.0
DJOUGOU,2016,Septembre,9,286.3666666666667,15.0
DJOUGOU,2016,Octobre,10,91.65,5.0
DJOUGOU,2016,Novembre,11,0.0,0.0
DJOUGOU,2016,Décembre,12,0.0,0.0
OUAKE,2016,Janvier,1,0.0,0.0
OUAKE,2016,Février,2,0.0,0.0
OUAKE,2016,Mars,3,35.8,2.0
OUAKE,2016,Avril,4,14.333333333333334,2.0
OUAKE,2016,Mai,5,56.33333333333333,6.0
OUAKE,2016,Juin,6,249.0,9.0
OUAKE,2016,Juillet,7,175.66666666666666,10.0
OUAKE,2016,Août,8,329.3333333333333,14.0
OUAKE,2016,Septembre,9,432.66666666666663,18.0
OUAKE,2016,Octobre,10,42.333333333333336,6.0
OUAKE,2016,Novembre,11,0.0,0.0
OUAKE,2016,Décembre,12,0.0,0.0
DEPART. DONGA,2016,Janvier,1,0.0,0.0
DEPART. DONGA,2016,Février,2,0.1823529411764706,1.0
DEPART. DONGA,2016,Mars,3,26.408571428571427,3.0
DEPART. DONGA,2016,Avril,4,70.40666666666667,5.0
DEPART. DONGA,2016,Mai,5,65.12844827586206,5.0
DEPART. DONGA,2016,Juin,6,149.99922222222222,10.0
DEPART. DONGA,2016,Juillet,7,183.2309220032841,13.0
DEPART. DONGA,2016,Août,8,240.13186206896552,14.0
DEPART. DONGA,2016,Septembre,9,269.24066666666664,15.0
DEPART. DONGA,2016,Octobre,10,67.98823529411764,6.0
DEPART. DONGA,2016,Novembre,11,0.0,0.0
DEPART. DONGA,2016,Décembre,12,0.0,0.0
ABOMEY,2016,Janvier,1,0.0,0.0
ABOMEY,2016,Février,2,23.0,2.0
ABOMEY,2016,Mars,3,112.5,4.0
ABOMEY,2016,Avril,4,34.0,1.0
ABOMEY,2016,Mai,5,34.0,1.0
ABOMEY,2016,Juin,6,149.75,7.0
ABOMEY,2016,Juillet,7,69.25,4.0
ABOMEY,2016,Août,8,66.85,4.0
ABOMEY,2016,Septembre,9,222.75,8.0
ABOMEY,2016,Octobre,10,95.0,4.0
ABOMEY,2016,Novembre,11,0.0,0.0
ABOMEY,2016,Décembre,12,0.0,0.0
AGBANGNIZOUN,2016,Janvier,1,0.0,0.0
AGBANGNIZOUN,2016,Février,2,16.0,1.0
AGBANGNIZOUN,2016,Mars,3,159.0,7.0
AGBANGNIZOUN,2016,Avril,4,198.0,4.0
AGBANGNIZOUN,2016,Mai,5,198.0,4.0
AGBANGNIZOUN,2016,Juin,6,266.0,7.0
AGBANGNIZOUN,2016,Juillet,7,178.25,5.0
AGBANGNIZOUN,2016,Août,8,122.0,6.0
AGBANGNIZOUN,2016,Septembre,9,153.25,11.0
AGBANGNIZOUN,2016,Octobre,10,240.75,10.0
AGBANGNIZOUN,2016,Novembre,11,0.0,0.0
AGBANGNIZOUN,2016,Décembre,12,0.0,0.0
BOHICON,2016,Janvier,1,0.0,0.0
BOHICON,2016,Février,2,0.0,0.0
BOHICON,2016,Mars,3,493.5,5.0
BOHICON,2016,Avril,4,567.0,4.0
BOHICON,2016,Mai,5,567.0,4.0
BOHICON,2016,Juin,6,262.0,7.0
BOHICON,2016,Juillet,7,420.0,12.0
BOHICON,2016,Août,8,112.0,7.0
BOHICON,2016,Septembre,9,510.0,16.0
BOHICON,2016,Octobre,10,103.0,6.0
BOHICON,2016,Novembre,11,0.0,0.0
BOHICON,2016,Décembre,12,0.0,0.0
COVE,2016,Janvier,1,0.0,0.0
COVE,2016,Février,2,0.0,0.0
COVE,2016,Mars,3,45.11200000000001,5.0
COVE,2016,Avril,4,126.12,5.0
COVE,2016,Mai,5,126.12,5.0
COVE,2016,Juin,6,146.84,8.0
COVE,2016,Juillet,7,61.199999999999996,3.0
COVE,2016,Août,8,71.58,3.0
COVE,2016,Septembre,9,296.566,13.0
COVE,2016,Octobre,10,179.7,8.0
COVE,2016,Novembre,11,36.8,4.0
COVE,2016,Décembre,12,0.0,0.0
DJIDJA,2016,Janvier,1,0.0,0.0
DJIDJA,2016,Février,2,0.0,0.0
DJIDJA,2016,Mars,3,84.4,4.0
DJIDJA,2016,Avril,4,50.5,4.0
DJIDJA,2016,Mai,5,50.5,4.0
DJIDJA,2016,Juin,6,207.85,10.0
DJIDJA,2016,Juillet,7,93.75,5.0
DJIDJA,2016,Août,8,153.7,7.0
DJIDJA,2016,Septembre,9,339.3,11.0
DJIDJA,2016,Octobre,10,187.65,7.0
DJIDJA,2016,Novembre,11,0.0,0.0
DJIDJA,2016,Décembre,12,0.0,0.0
OUINHI,2016,Janvier,1,0.0,0.0
OUINHI,2016,Février,2,0.0,0.0
OUINHI,2016,Mars,3,98.44500000000001,6.0
OUINHI,2016,Avril,4,109.925,6.0
OUINHI,2016,Mai,5,109.925,6.0
OUINHI,2016,Juin,6,193.25,12.0
OUINHI,2016,Juillet,7,54.0,4.0
OUINHI,2016,Août,8,3.5,2.0
OUINHI,2016,Septembre,9,188.625,11.0
OUINHI,2016,Octobre,10,176.625,10.0
OUINHI,2016,Novembre,11,0.0,0.0
OUINHI,2016,Décembre,12,0.0,0.0
ZAGNANADO,2016,Janvier,1,0.0,0.0
ZAGNANADO,2016,Février,2,0.0,0.0
ZAGNANADO,2016,Mars,3,32.714285714285715,4.0
ZAGNANADO,2016,Avril,4,99.71428571428572,5.0
ZAGNANADO,2016,Mai,5,99.71428571428572,5.0
ZAGNANADO,2016,Juin,6,109.07142857142857,7.0
ZAGNANADO,2016,Juillet,7,96.85714285714286,6.0
ZAGNANADO,2016,Août,8,60.57142857142857,5.0
ZAGNANADO,2016,Septembre,9,131.35714285714286,11.0
ZAGNANADO,2016,Octobre,10,148.85714285714286,10.0
ZAGNANADO,2016,Novembre,11,0.0,0.0
ZAGNANADO,2016,Décembre,12,0.0,0.0
ZA-KPOTA,2016,Janvier,1,0.0,0.0
ZA-KPOTA,2016,Février,2,26.0,1.0
ZA-KPOTA,2016,Mars,3,108.0,6.0
ZA-KPOTA,2016,Avril,4,87.16666666666666,4.0
ZA-KPOTA,2016,Mai,5,87.16666666666666,4.0
ZA-KPOTA,2016,Juin,6,204.66666666666669,8.0
ZA-KPOTA,2016,Juillet,7,56.666666666666664,4.0
ZA-KPOTA,2016,Août,8,111.0,7.0
ZA-KPOTA,2016,Septembre,9,221.0,13.0
ZA-KPOTA,2016,Octobre,10,161.00000000000003,9.0
ZA-KPOTA,2016,Novembre,11,4.333333333333333,1.0
ZA-KPOTA,2016,Décembre,12,0.0,0.0
ZOGBODOMEY,2016,Janvier,1,0.0,0.0
ZOGBODOMEY,2016,Février,2,0.0,0.0
ZOGBODOMEY,2016,Mars,3,66.66666666666666,6.0
ZOGBODOMEY,2016,Avril,4,62.0,5.0
ZOGBODOMEY,2016,Mai,5,62.0,5.0
ZOGBODOMEY,2016,Juin,6,153.66666666666669,10.0
ZOGBODOMEY,2016,Juillet,7,29.666666666666668,4.0
ZOGBODOMEY,2016,Août,8,72.33333333333334,4.0
ZOGBODOMEY,2016,Septembre,9,257.0,11.0
ZOGBODOMEY,2016,Octobre,10,143.66666666666666,8.0
ZOGBODOMEY,2016,Novembre,11,33.0,3.0
ZOGBODOMEY,2016,Décembre,12,29.333333333333332,2.0
DEPART. ZOU,2016,Janvier,1,0.0,0.0
DEPART. ZOU,2016,Février,2,5.379310344827586,1.0
DEPART. ZOU,2016,Mars,3,88.16985714285715,6.0
DEPART. ZOU,2016,Avril,4,110.02758620689654,5.0
DEPART. ZOU,2016,Mai,5,110.02758620689654,5.0
DEPART. ZOU,2016,Juin,6,167.41034482758621,9.0
DEPART. ZOU,2016,Juillet,7,88.32758620689656,6.0
DEPART. ZOU,2016,Août,8,74.5923645320197,6.0
DEPART. ZOU,2016,Septembre,9,225.22172413793106,11.0
DEPART. ZOU,2016,Octobre,10,162.44137931034481,9.0
DEPART. ZOU,2016,Novembre,11,10.206896551724137,2.0
DEPART. ZOU,2016,Décembre,12,3.0344827586206895,1.0
BANTE,2016,Janvier,1,0.0,0.0
BANTE,2016,Février,2,0.0,0.0
BANTE,2016,Mars,3,38.03333333333333,4.0
BANTE,2016,Avril,4,105.96000000000001,5.0
BANTE,2016,Mai,5,105.96000000000001,5.0
BANTE,2016,Juin,6,94.35833333333333,6.0
BANTE,2016,Juillet,7,149.75,8.0
BANTE,2016,Août,8,163.14833333333334,9.0
BANTE,2016,Septembre,9,133.43333333333334,8.0
BANTE,2016,Octobre,10,27.549999999999997,3.0
BANTE,2016,Novembre,11,0.0,0.0
BANTE,2016,Décembre,12,0.0,0.0
DASSA-ZOUME,2016,Janvier,1,0.0,0.0
DASSA-ZOUME,2016,Février,2,0.0,0.0
DASSA-ZOUME,2016,Mars,3,85.99,4.0
DASSA-ZOUME,2016,Avril,4,114.94,4.0
DASSA-ZOUME,2016,Mai,5,114.94,4.0
DASSA-ZOUME,2016,Juin,6,160.92000000000002,7.0
DASSA-ZOUME,2016,Juillet,7,83.19999999999999,5.0
DASSA-ZOUME,2016,Août,8,142.0,6.0
DASSA-ZOUME,2016,Septembre,9,119.57,12.0
DASSA-ZOUME,2016,Octobre,10,19.798000000000002,5.0
DASSA-ZOUME,2016,Novembre,11,4.4,1.0
DASSA-ZOUME,2016,Décembre,12,0.0,0.0
GLAZOUE,2016,Janvier,1,0.0,0.0
GLAZOUE,2016,Février,2,0.0,0.0
GLAZOUE,2016,Mars,3,50.333333333333336,4.0
GLAZOUE,2016,Avril,4,118.5,6.0
GLAZOUE,2016,Mai,5,118.5,6.0
GLAZOUE,2016,Juin,6,86.83333333333334,8.0
GLAZOUE,2016,Juillet,7,119.63333333333334,8.0
GLAZOUE,2016,Août,8,180.53333333333333,7.0
GLAZOUE,2016,Septembre,9,106.13333333333333,7.0
GLAZOUE,2016,Octobre,10,75.2,5.0
GLAZOUE,2016,Novembre,11,0.0,0.0
GLAZOUE,2016,Décembre,12,0.0,0.0
OUESSE,2016,Janvier,1,0.0,0.0
OUESSE,2016,Février,2,0.0,0.0
OUESSE,2016,Mars,3,115.54,5.0
OUESSE,2016,Avril,4,135.54,8.0
OUESSE,2016,Mai,5,135.54,8.0
OUESSE,2016,Juin,6,118.57999999999998,9.0
OUESSE,2016,Juillet,7,229.26,11.0
OUESSE,2016,Août,8,139.72,8.0
OUESSE,2016,Septembre,9,169.6,9.0
OUESSE,2016,Octobre,10,65.94,6.0
OUESSE,2016,Novembre,11,0.0,0.0
OUESSE,2016,Décembre,12,0.0,0.0
SAVALOU,2016,Janvier,1,0.0,0.0
SAVALOU,2016,Février,2,0.0,0.0
SAVALOU,2016,Mars,3,74.0909090909091,3.0
SAVALOU,2016,Avril,4,82.70833333333333,6.0
SAVALOU,2016,Mai,5,82.70833333333333,6.0
SAVALOU,2016,Juin,6,95.0909090909091,6.0
SAVALOU,2016,Juillet,7,135.22727272727272,7.0
SAVALOU,2016,Août,8,171.86363636363637,9.0
SAVALOU,2016,Septembre,9,80.5909090909091,8.0
SAVALOU,2016,Octobre,10,55.18181818181819,5.0
SAVALOU,2016,Novembre,11,0.0,0.0
SAVALOU,2016,Décembre,12,0.0,0.0
SAVE,2016,Janvier,1,0.0,0.0
SAVE,2016,Février,2,0.0,0.0
SAVE,2016,Mars,3,35.4,4.0
SAVE,2016,Avril,4,65.1,6.0
SAVE,2016,Mai,5,65.1,6.0
SAVE,2016,Juin,6,71.8,9.0
SAVE,2016,Juillet,7,129.5,12.0
SAVE,2016,Août,8,173.60000000000002,8.0
SAVE,2016,Septembre,9,71.2,16.0
SAVE,2016,Octobre,10,103.70000000000002,9.0
SAVE,2016,Novembre,11,0.0,0.0
SAVE,2016,Décembre,12,0.0,0.0
DEPART. COLLINES,2016,Janvier,1,0.0,0.0
DEPART. COLLINES,2016,Février,2,0.0,0.0
DEPART. COLLINES,2016,Mars,3,70.83125,4.0
DEPART. COLLINES,2016,Avril,4,103.0741935483871,6.0
DEPART. COLLINES,2016,Mai,5,103.0741935483871,6.0
DEPART. COLLINES,2016,Juin,6,107.80483870967743,8.0
DEPART. COLLINES,2016,Juillet,7,142.66206896551728,7.0
DEPART. COLLINES,2016,Août,8,161.07064516129032,8.0
DEPART. COLLINES,2016,Septembre,9,113.63064516129032,9.0
DEPART. COLLINES,2016,Octobre,10,50.74292712066905,5.0
DEPART. COLLINES,2016,Novembre,11,0.8148148148148148,1.0
DEPART. COLLINES,2016,Décembre,12,0.0,0.0
ATHIEME,2016,Janvier,1,0.0,0.0
ATHIEME,2016,Février,2,0.0,0.0
ATHIEME,2016,Mars,3,102.155,5.0
ATHIEME,2016,Avril,4,142.85000000000002,6.0
ATHIEME,2016,Mai,5,77.10000000000001,4.0
ATHIEME,2016,Juin,6,55.266666666666666,5.0
ATHIEME,2016,Juillet,7,121.3,4.0
ATHIEME,2016,Août,8,22.933333333333334,2.0
ATHIEME,2016,Septembre,9,155.3,14.0
ATHIEME,2016,Octobre,10,132.3,12.0
ATHIEME,2016,Novembre,11,17.575000000000003,2.0
ATHIEME,2016,Décembre,12,0.0,0.0
BOPA,2016,Janvier,1,0.0,0.0
BOPA,2016,Février,2,0.0,0.0
BOPA,2016,Mars,3,70.44999999999999,4.0
BOPA,2016,Avril,4,90.55,6.0
BOPA,2016,Mai,5,164.75,7.0
BOPA,2016,Juin,6,171.45,7.0
BOPA,2016,Juillet,7,120.0,3.0
BOPA,2016,Août,8,10.85,2.0
BOPA,2016,Septembre,9,101.7,5.0
BOPA,2016,Octobre,10,121.4,8.0
BOPA,2016,Novembre,11,72.44999999999999,4.0
BOPA,2016,Décembre,12,20.15,1.0
COME,2016,Janvier,1,0.0,0.0
COME,2016,Février,2,0.0,0.0
COME,2016,Mars,3,138.55,4.0
COME,2016,Avril,4,116.5,5.0
COME,2016,Mai,5,73.80000000000001,5.0
COME,2016,Juin,6,187.5,6.0
COME,2016,Juillet,7,22.25,2.0
COME,2016,Août,8,14.95,2.0
COME,2016,Septembre,9,143.1,8.0
COME,2016,Octobre,10,150.7,8.0
COME,2016,Novembre,11,37.800000000000004,4.0
COME,2016,Décembre,12,32.85,1.0
GRAND-POPO,2016,Janvier,1,0.0,0.0
GRAND-POPO,2016,Février,2,0.0,0.0
GRAND-POPO,2016,Mars,3,155.86666666666667,6.0
GRAND-POPO,2016,Avril,4,86.33333333333333,5.0
GRAND-POPO,2016,Mai,5,125.60000000000001,8.0
GRAND-POPO,2016,Juin,6,157.4,8.0
GRAND-POPO,2016,Juillet,7,87.19999999999999,5.0
GRAND-POPO,2016,Août,8,54.333333333333336,3.0
GRAND-POPO,2016,Septembre,9,92.43333333333334,6.0
GRAND-POPO,2016,Octobre,10,123.6,4.0
GRAND-POPO,2016,Novembre,11,54.666666666666664,4.0
GRAND-POPO,2016,Décembre,12,0.0,0.0
HOUEYOGBE,2016,Janvier,1,0.0,0.0
HOUEYOGBE,2016,Février,2,0.0,0.0
HOUEYOGBE,2016,Mars,3,87.4275,4.0
HOUEYOGBE,2016,Avril,4,133.375,5.0
HOUEYOGBE,2016,Mai,5,139.95,6.0
HOUEYOGBE,2016,Juin,6,145.25,6.0
HOUEYOGBE,2016,Juillet,7,34.75,2.0
HOUEYOGBE,2016,Août,8,24.875,2.0
HOUEYOGBE,2016,Septembre,9,95.0,5.0
HOUEYOGBE,2016,Octobre,10,59.625,8.0
HOUEYOGBE,2016,Novembre,11,26.049999999999997,4.0
HOUEYOGBE,2016,Décembre,12,4.199999999999999,1.0
LOKOSSA,2016,Janvier,1,0.0,0.0
LOKOSSA,2016,Février,2,0.0,0.0
LOKOSSA,2016,Mars,3,79.75,5.0
LOKOSSA,2016,Avril,4,95.92500000000001,7.0
LOKOSSA,2016,Mai,5,70.6,5.0
LOKOSSA,2016,Juin,6,123.0,9.0
LOKOSSA,2016,Juillet,7,110.7,7.0
LOKOSSA,2016,Août,8,18.55,4.0
LOKOSSA,2016,Septembre,9,150.575,11.0
LOKOSSA,2016,Octobre,10,109.50500000000001,8.0
LOKOSSA,2016,Novembre,11,120.6,5.0
LOKOSSA,2016,Décembre,12,0.0,0.0
DEPART. MONO,2016,Janvier,1,0.0,0.0
DEPART. MONO,2016,Février,2,0.0,0.0
DEPART. MONO,2016,Mars,3,104.09199346405228,6.0
DEPART. MONO,2016,Avril,4,110.35294117647058,7.0
DEPART. MONO,2016,Mai,5,107.5111111111111,6.0
DEPART. MONO,2016,Juin,6,130.80555555555557,7.0
DEPART. MONO,2016,Juillet,7,80.2888544891641,5.0
DEPART. MONO,2016,Août,8,25.394444444444442,4.0
DEPART. MONO,2016,Septembre,9,121.16470588235295,9.0
DEPART. MONO,2016,Octobre,10,109.34235294117647,8.0
DEPART. MONO,2016,Novembre,11,46.58823529411765,5.0
DEPART. MONO,2016,Décembre,12,6.463157894736842,1.0
APLAHOUE,2016,Janvier,1,0.0,0.0
APLAHOUE,2016,Février,2,0.0,0.0
APLAHOUE,2016,Mars,3,121.13333333333333,6.0
APLAHOUE,2016,Avril,4,121.64999999999999,6.0
APLAHOUE,2016,Mai,5,180.55,10.0
APLAHOUE,2016,Juin,6,260.3833333333334,11.0
APLAHOUE,2016,Juillet,7,122.35,5.0
APLAHOUE,2016,Août,8,46.0,3.0
APLAHOUE,2016,Septembre,9,247.12666666666667,13.0
APLAHOUE,2016,Octobre,10,58.516666666666666,4.0
APLAHOUE,2016,Novembre,11,42.96666666666667,4.0
APLAHOUE,2016,Décembre,12,0.0,0.0
DJAKOTOMEY,2016,Janvier,1,0.0,0.0
DJAKOTOMEY,2016,Février,2,0.0,0.0
DJAKOTOMEY,2016,Mars,3,120.75,4.0
DJAKOTOMEY,2016,Avril,4,102.35,7.0
DJAKOTOMEY,2016,Mai,5,128.75,5.0
DJAKOTOMEY,2016,Juin,6,210.52499999999998,9.0
DJAKOTOMEY,2016,Juillet,7,148.0,6.0
DJAKOTOMEY,2016,Août,8,38.375,3.0
DJAKOTOMEY,2016,Septembre,9,165.25,9.0
DJAKOTOMEY,2016,Octobre,10,174.6,6.0
DJAKOTOMEY,2016,Novembre,11,0.0,0.0
DJAKOTOMEY,2016,Décembre,12,0.0,0.0
DOGBO,2016,Janvier,1,0.0,0.0
DOGBO,2016,Février,2,1.4333333333333333,1.0
DOGBO,2016,Mars,3,127.53333333333333,7.0
DOGBO,2016,Avril,4,98.33333333333334,5.0
DOGBO,2016,Mai,5,98.86666666666667,6.0
DOGBO,2016,Juin,6,112.6,9.0
DOGBO,2016,Juillet,7,213.0,6.0
DOGBO,2016,Août,8,13.7,2.0
DOGBO,2016,Septembre,9,125.5,10.0
DOGBO,2016,Octobre,10,84.7,9.0
DOGBO,2016,Novembre,11,9.133333333333333,1.0
DOGBO,2016,Décembre,12,0.0,0.0
KLOUEKANME,2016,Janvier,1,0.0,0.0
KLOUEKANME,2016,Février,2,0.0,0.0
KLOUEKANME,2016,Mars,3,114.88,6.0
KLOUEKANME,2016,Avril,4,67.2,3.0
KLOUEKANME,2016,Mai,5,105.69999999999999,6.0
KLOUEKANME,2016,Juin,6,171.842,9.0
KLOUEKANME,2016,Juillet,7,159.68,3.0
KLOUEKANME,2016,Août,8,66.874,5.0
KLOUEKANME,2016,Septembre,9,80.22,5.0
KLOUEKANME,2016,Octobre,10,152.9,10.0
KLOUEKANME,2016,Novembre,11,13.98,1.0
KLOUEKANME,2016,Décembre,12,0.0,0.0
LALO,2016,Janvier,1,0.0,0.0
LALO,2016,Février,2,0.0,0.0
LALO,2016,Mars,3,113.75,7.0
LALO,2016,Avril,4,157.05,7.0
LALO,2016,Mai,5,127.5,5.0
LALO,2016,Juin,6,196.0,10.0
LALO,2016,Juillet,7,110.25,7.0
LALO,2016,Août,8,30.25,3.0
LALO,2016,Septembre,9,110.0,6.0
LALO,2016,Octobre,10,67.5,7.0
LALO,2016,Novembre,11,0.0,0.0
LALO,2016,Décembre,12,0.0,0.0
TOVIKLIN,2016,Janvier,1,0.0,0.0
TOVIKLIN,2016,Février,2,0.0,0.0
TOVIKLIN,2016,Mars,3,88.0,5.0
TOVIKLIN,2016,Avril,4,102.19999999999999,7.0
TOVIKLIN,2016,Mai,5,32.7,4.0
TOVIKLIN,2016,Juin,6,167.83333333333337,10.0
TOVIKLIN,2016,Juillet,7,87.16666666666666,6.0
TOVIKLIN,2016,Août,8,36.5,6.0
TOVIKLIN,2016,Septembre,9,189.15000000000003,9.0
TOVIKLIN,2016,Octobre,10,40.36666666666667,6.0
TOVIKLIN,2016,Novembre,11,0.0,0.0
TOVIKLIN,2016,Décembre,12,0.0,0.0
DEPART. COUFFO,2016,Janvier,1,0.0,0.0
DEPART. COUFFO,2016,Février,2,0.172,1.0
DEPART. COUFFO,2016,Mars,3,115.43199999999999,7.0
DEPART. COUFFO,2016,Avril,4,108.20399999999998,7.0
DEPART. COUFFO,2016,Mai,5,121.25999999999999,6.0
DEPART. COUFFO,2016,Juin,6,195.5564,10.0
DEPART. COUFFO,2016,Juillet,7,138.64,6.0
DEPART. COUFFO,2016,Août,8,41.4188,5.0
DEPART. COUFFO,2016,Septembre,9,157.1524,9.0
DEPART. COUFFO,2016,Octobre,10,97.868,7.0
DEPART. COUFFO,2016,Novembre,11,13.657692307692308,3.0
DEPART. COUFFO,2016,Décembre,12,0.0,0.0
ADJARRA,2016,Janvier,1,20.0,1.0
ADJARRA,2016,Février,2,0.0,0.0
ADJARRA,2016,Mars,3,169.0,4.0
ADJARRA,2016,Avril,4,163.5,3.0
ADJARRA,2016,Mai,5,89.0,5.0
ADJARRA,2016,Juin,6,192.0,6.0
ADJARRA,2016,Juillet,7,10.0,1.0
ADJARRA,2016,Août,8,48.0,1.0
ADJARRA,2016,Septembre,9,249.5,6.0
ADJARRA,2016,Octobre,10,276.0,9.0
ADJARRA,2016,Novembre,11,98.0,5.0
ADJARRA,2016,Décembre,12,6.0,1.0
ADJOHOUN,2016,Janvier,1,0.0,0.0
ADJOHOUN,2016,Février,2,0.0,0.0
ADJOHOUN,2016,Mars,3,137.48,4.0
ADJOHOUN,2016,Avril,4,123.7,6.0
ADJOHOUN,2016,Mai,5,206.2,13.0
ADJOHOUN,2016,Juin,6,142.29999999999998,9.0
ADJOHOUN,2016,Juillet,7,123.10000000000001,8.0
ADJOHOUN,2016,Août,8,13.7,5.0
ADJOHOUN,2016,Septembre,9,106.80000000000001,11.0
ADJOHOUN,2016,Octobre,10,184.39999999999998,11.0
ADJOHOUN,2016,Novembre,11,0.0,0.0
ADJOHOUN,2016,Décembre,12,0.0,0.0
AGUEGUES,2016,Janvier,1,28.6,1.0
AGUEGUES,2016,Février,2,0.0,0.0
AGUEGUES,2016,Mars,3,69.1,3.0
AGUEGUES,2016,Avril,4,109.4,5.0
AGUEGUES,2016,Mai,5,163.5,8.0
AGUEGUES,2016,Juin,6,86.4,5.0
AGUEGUES,2016,Juillet,7,25.6,1.0
AGUEGUES,2016,Août,8,0.0,0.0
AGUEGUES,2016,Septembre,9,153.0,9.0
AGUEGUES,2016,Octobre,10,312.5,11.0
AGUEGUES,2016,Novembre,11,124.8,4.0
AGUEGUES,2016,Décembre,12,5.6,1.0
AKPRO-MISSERETE,2016,Janvier,1,24.75,1.0
AKPRO-MISSERETE,2016,Février,2,0.0,0.0
AKPRO-MISSERETE,2016,Mars,3,58.5,3.0
AKPRO-MISSERETE,2016,Avril,4,124.9,5.0
AKPRO-MISSERETE,2016,Mai,5,235.5,9.0
AKPRO-MISSERETE,2016,Juin,6,170.5,5.5
AKPRO-MISSERETE,2016,Juillet,7,0.0,0.0
AKPRO-MISSERETE,2016,Août,8,29.0,3.0
AKPRO-MISSERETE,2016,Septembre,9,165.5,5.0
AKPRO-MISSERETE,2016,Octobre,10,167.5,8.0
AKPRO-MISSERETE,2016,Novembre,11,31.5,2.0
AKPRO-MISSERETE,2016,Décembre,12,0.0,0.0
AVRANKOU,2016,Janvier,1,4.4,1.0
AVRANKOU,2016,Février,2,0.0,0.0
AVRANKOU,2016,Mars,3,127.0,6.0
AVRANKOU,2016,Avril,4,106.69999999999999,4.0
AVRANKOU,2016,Mai,5,297.6,9.0
AVRANKOU,2016,Juin,6,156.0,8.0
AVRANKOU,2016,Juillet,7,2.1,2.0
AVRANKOU,2016,Août,8,20.700000000000003,9.0
AVRANKOU,2016,Septembre,9,222.0,14.0
AVRANKOU,2016,Octobre,10,268.9,15.0
AVRANKOU,2016,Novembre,11,28.5,2.0
AVRANKOU,2016,Décembre,12,0.0,0.0
BONOU,2016,Janvier,1,0.0,0.0
BONOU,2016,Février,2,5.5,0.5
BONOU,2016,Mars,3,108.5,5.5
BONOU,2016,Avril,4,117.15,5.5
BONOU,2016,Mai,5,258.05,10.5
BONOU,2016,Juin,6,223.0,8.5
BONOU,2016,Juillet,7,104.55000000000001,6.0
BONOU,2016,Août,8,49.7,4.5
BONOU,2016,Septembre,9,122.15,6.0
BONOU,2016,Octobre,10,78.65,5.5
BONOU,2016,Novembre,11,0.0,0.0
BONOU,2016,Décembre,12,6.0,0.5
DANGBO,2016,Janvier,1,11.7,1.0
DANGBO,2016,Février,2,0.0,0.0
DANGBO,2016,Mars,3,65.5,4.0
DANGBO,2016,Avril,4,189.5,7.0
DANGBO,2016,Mai,5,139.20999999999998,10.0
DANGBO,2016,Juin,6,53.5,7.0
DANGBO,2016,Juillet,7,103.0,7.0
DANGBO,2016,Août,8,28.5,3.0
DANGBO,2016,Septembre,9,65.7,7.0
DANGBO,2016,Octobre,10,274.7,13.0
DANGBO,2016,Novembre,11,32.5,3.0
DANGBO,2016,Décembre,12,0.0,0.0
PORTO-NOVO,2016,Janvier,1,25.4,1.0
PORTO-NOVO,2016,Février,2,0.0,0.0
PORTO-NOVO,2016,Mars,3,139.65,7.5
PORTO-NOVO,2016,Avril,4,127.08,6.5
PORTO-NOVO,2016,Mai,5,136.85,7.0
PORTO-NOVO,2016,Juin,6,170.1,8.0
PORTO-NOVO,2016,Juillet,7,40.15,1.0
PORTO-NOVO,2016,Août,8,14.9,3.5
PORTO-NOVO,2016,Septembre,9,166.35,12.0
PORTO-NOVO,2016,Octobre,10,338.15,11.5
PORTO-NOVO,2016,Novembre,11,57.9,4.0
PORTO-NOVO,2016,Décembre,12,0.0,0.0
SEME-PODJI,2016,Janvier,1,30.75,1.0
SEME-PODJI,2016,Février,2,0.0,0.0
SEME-PODJI,2016,Mars,3,118.25,6.0
SEME-PODJI,2016,Avril,4,111.45,3.5
SEME-PODJI,2016,Mai,5,87.5,10.0
SEME-PODJI,2016,Juin,6,192.05,12.0
SEME-PODJI,2016,Juillet,7,84.25,2.0
SEME-PODJI,2016,Août,8,23.35,4.5
SEME-PODJI,2016,Septembre,9,278.75,13.0
SEME-PODJI,2016,Octobre,10,309.7,11.0
SEME-PODJI,2016,Novembre,11,111.9,5.0
SEME-PODJI,2016,Décembre,12,0.0,0.0
DEPART. OUEME,2016,Janvier,1,16.178571428571427,0.7142857142857143
DEPART. OUEME,2016,Février,2,0.7857142857142857,1.0
DEPART. OUEME,2016,Mars,3,111.09714285714286,4.928571428571429
DEPART. OUEME,2016,Avril,4,126.9757142857143,5.142857142857143
DEPART. OUEME,2016,Mai,5,181.25071428571428,9.357142857142858
DEPART. OUEME,2016,Juin,6,163.12857142857143,8.0
DEPART. OUEME,2016,Juillet,7,60.34285714285715,3.2142857142857144
DEPART. OUEME,2016,Août,8,25.607142857142858,3.857142857142857
DEPART. OUEME,2016,Septembre,9,169.2357142857143,9.285714285714286
DEPART. OUEME,2016,Octobre,10,234.92142857142855,10.142857142857142
DEPART. OUEME,2016,Novembre,11,49.028571428571425,2.5714285714285716
DEPART. OUEME,2016,Décembre,12,1.6857142857142857,0.21428571428571427
ADJA-OUERE,2016,Janvier,1,0.0,0.0
ADJA-OUERE,2016,Février,2,0.0,0.0
ADJA-OUERE,2016,Mars,3,89.39999999999999,3.0
ADJA-OUERE,2016,Avril,4,100.39999999999999,4.0
ADJA-OUERE,2016,Mai,5,234.63333333333333,7.666666666666667
ADJA-OUERE,2016,Juin,6,245.5333333333333,9.666666666666666
ADJA-OUERE,2016,Juillet,7,31.166666666666668,2.6666666666666665
ADJA-OUERE,2016,Août,8,56.0,4.0
ADJA-OUERE,2016,Septembre,9,110.06666666666666,11.0
ADJA-OUERE,2016,Octobre,10,126.39999999999999,8.0
ADJA-OUERE,2016,Novembre,11,0.0,0.0
ADJA-OUERE,2016,Décembre,12,0.0,0.0
IFANGNI,2016,Janvier,1,12.0,1.0
IFANGNI,2016,Février,2,0.0,0.0
IFANGNI,2016,Mars,3,104.4,5.0
IFANGNI,2016,Avril,4,114.9,4.0
IFANGNI,2016,Mai,5,218.0,8.0
IFANGNI,2016,Juin,6,91.9,6.0
IFANGNI,2016,Juillet,7,93.0,3.0
IFANGNI,2016,Août,8,26.5,3.0
IFANGNI,2016,Septembre,9,78.2,4.0
IFANGNI,2016,Octobre,10,202.5,9.0
IFANGNI,2016,Novembre,11,0.0,0.0
IFANGNI,2016,Décembre,12,0.0,0.0
KETOU,2016,Janvier,1,0.0,0.0
KETOU,2016,Février,2,0.0,0.0
KETOU,2016,Mars,3,140.8,6.0
KETOU,2016,Avril,4,138.4,4.8
KETOU,2016,Mai,5,218.6,9.6
KETOU,2016,Juin,6,154.8,7.2
KETOU,2016,Juillet,7,33.0,3.6
KETOU,2016,Août,8,47.4,2.6
KETOU,2016,Septembre,9,172.0,9.6
KETOU,2016,Octobre,10,208.6,7.4
KETOU,2016,Novembre,11,0.0,0.0
KETOU,2016,Décembre,12,0.0,0.0
POBE,2016,Janvier,1,0.0,0.0
POBE,2016,Février,2,0.0,0.0
POBE,2016,Mars,3,93.2,4.5
POBE,2016,Avril,4,83.21666666666665,5.833333333333333
POBE,2016,Mai,5,219.6833333333333,13.333333333333334
POBE,2016,Juin,6,204.43333333333337,9.666666666666666
POBE,2016,Juillet,7,64.26666666666667,4.333333333333333
POBE,2016,Août,8,32.583333333333336,3.5
POBE,2016,Septembre,9,119.25,8.666666666666666
POBE,2016,Octobre,10,165.5666666666667,11.166666666666666
POBE,2016,Novembre,11,0.0,0.0
POBE,2016,Décembre,12,0.0,0.0
SAKETE,2016,Janvier,1,21.099999999999998,1.6666666666666667
SAKETE,2016,Février,2,0.0,0.0
SAKETE,2016,Mars,3,101.26666666666667,5.333333333333333
SAKETE,2016,Avril,4,49.03333333333333,3.6666666666666665
SAKETE,2016,Mai,5,223.5,11.666666666666666
SAKETE,2016,Juin,6,110.3,7.333333333333333
SAKETE,2016,Juillet,7,112.43333333333334,5.0
SAKETE,2016,Août,8,44.6,4.333333333333333
SAKETE,2016,Septembre,9,132.26666666666665,9.666666666666666
SAKETE,2016,Octobre,10,220.5,12.333333333333334
SAKETE,2016,Novembre,11,41.1,3.0
SAKETE,2016,Décembre,12,6.1000000000000005,1.0
DEPART. PLATEAU,2016,Janvier,1,4.183333333333334,0.3333333333333333
DEPART. PLATEAU,2016,Février,2,0.0,0.0
DEPART. PLATEAU,2016,Mars,3,107.75555555555555,4.833333333333333
DEPART. PLATEAU,2016,Avril,4,97.47222222222223,4.777777777777778
DEPART. PLATEAU,2016,Mai,5,222.41666666666669,10.777777777777779
DEPART. PLATEAU,2016,Juin,6,175.55555555555554,8.38888888888889
DEPART. PLATEAU,2016,Juillet,7,59.6888888888889,3.888888888888889
DEPART. PLATEAU,2016,Août,8,42.266666666666666,3.4444444444444446
DEPART. PLATEAU,2016,Septembre,9,132.26111111111112,9.222222222222221
DEPART. PLATEAU,2016,Octobre,10,182.2,9.666666666666666
DEPART. PLATEAU,2016,Novembre,11,6.85,0.5
DEPART. PLATEAU,2016,Décembre,12,1.0166666666666666,0.16666666666666666
ABOMEY-CALAVI,2016,Janvier,1,0.0,0.0
ABOMEY-CALAVI,2016,Février,2,0.0,0.0
ABOMEY-CALAVI,2016,Mars,3,44.9,2.0
ABOMEY-CALAVI,2016,Avril,4,127.0,3.0
ABOMEY-CALAVI,2016,Mai,5,154.02,4.0
ABOMEY-CALAVI,2016,Juin,6,87.18,8.0
ABOMEY-CALAVI,2016,Juillet,7,41.97,3.0
ABOMEY-CALAVI,2016,Août,8,16.5,3.0
ABOMEY-CALAVI,2016,Septembre,9,115.80000000000001,8.0
ABOMEY-CALAVI,2016,Octobre,10,110.65,6.0
ABOMEY-CALAVI,2016,Novembre,11,25.0,2.0
ABOMEY-CALAVI,2016,Décembre,12,12.0,1.0
ALLADA,2016,Janvier,1,6.4,0.5
ALLADA,2016,Février,2,0.0,0.0
ALLADA,2016,Mars,3,65.4,2.0
ALLADA,2016,Avril,4,41.55,1.5
ALLADA,2016,Mai,5,125.35,5.5
ALLADA,2016,Juin,6,163.0,9.5
ALLADA,2016,Juillet,7,87.4,8.5
ALLADA,2016,Août,8,35.75,5.0
ALLADA,2016,Septembre,9,260.25,14.0
ALLADA,2016,Octobre,10,129.5,10.0
ALLADA,2016,Novembre,11,42.7,2.5
ALLADA,2016,Décembre,12,38.75,2.0
KPOMASSE,2016,Janvier,1,0.0,0.0
KPOMASSE,2016,Février,2,0.0,0.0
KPOMASSE,2016,Mars,3,220.0,3.0
KPOMASSE,2016,Avril,4,72.0,4.0
KPOMASSE,2016,Mai,5,78.5,5.0
KPOMASSE,2016,Juin,6,238.5,5.0
KPOMASSE,2016,Juillet,7,52.5,3.0
KPOMASSE,2016,Août,8,28.0,3.0
KPOMASSE,2016,Septembre,9,148.0,6.0
KPOMASSE,2016,Octobre,10,444.0,8.0
KPOMASSE,2016,Novembre,11,52.5,5.0
KPOMASSE,2016,Décembre,12,7.5,1.0
OUIDAH,2016,Janvier,1,0.0,0.0
OUIDAH,2016,Février,2,0.0,0.0
OUIDAH,2016,Mars,3,101.3,3.6666666666666665
OUIDAH,2016,Avril,4,142.5666666666667,7.333333333333333
OUIDAH,2016,Mai,5,282.06666666666666,10.333333333333334
OUIDAH,2016,Juin,6,125.60000000000001,6.666666666666667
OUIDAH,2016,Juillet,7,47.96666666666667,2.6666666666666665
OUIDAH,2016,Août,8,24.933333333333334,3.0
OUIDAH,2016,Septembre,9,63.166666666666664,5.0
OUIDAH,2016,Octobre,10,168.33333333333334,5.333333333333333
OUIDAH,2016,Novembre,11,80.0,4.666666666666667
OUIDAH,2016,Décembre,12,12.533333333333333,2.0
SO-AVA,2016,Janvier,1,0.0,0.0
SO-AVA,2016,Février,2,0.0,0.0
SO-AVA,2016,Mars,3,232.0,3.0
SO-AVA,2016,Avril,4,135.62,4.0
SO-AVA,2016,Mai,5,191.89,9.0
SO-AVA,2016,Juin,6,182.29000000000002,8.0
SO-AVA,2016,Juillet,7,118.0,1.0
SO-AVA,2016,Août,8,24.18,2.0
SO-AVA,2016,Septembre,9,107.84,2.0
SO-AVA,2016,Octobre,10,188.37,3.0
SO-AVA,2016,Novembre,11,37.0,2.0
SO-AVA,2016,Décembre,12,14.0,1.0
TOFFO,2016,Janvier,1,0.0,0.0
TOFFO,2016,Février,2,0.0,0.0
TOFFO,2016,Mars,3,83.91,3.142857142857143
TOFFO,2016,Avril,4,126.27000000000001,4.142857142857143
TOFFO,2016,Mai,5,129.42000000000002,6.285714285714286
TOFFO,2016,Juin,6,89.14142857142858,4.285714285714286
TOFFO,2016,Juillet,7,46.88428571428572,1.5714285714285714
TOFFO,2016,Août,8,30.165714285714284,1.7142857142857142
TOFFO,2016,Septembre,9,135.06,5.714285714285714
TOFFO,2016,Octobre,10,89.02857142857144,4.857142857142857
TOFFO,2016,Novembre,11,35.36142857142857,2.4285714285714284
TOFFO,2016,Décembre,12,0.0,0.0
TORI-BOSSITO,2016,Janvier,1,22.5,0.5
TORI-BOSSITO,2016,Février,2,0.0,0.0
TORI-BOSSITO,2016,Mars,3,118.9,4.5
TORI-BOSSITO,2016,Avril,4,176.25,6.0
TORI-BOSSITO,2016,Mai,5,138.75,7.0
TORI-BOSSITO,2016,Juin,6,149.0,7.5
TORI-BOSSITO,2016,Juillet,7,50.25,2.5
TORI-BOSSITO,2016,Août,8,17.25,3.0
TORI-BOSSITO,2016,Septembre,9,132.475,8.0
TORI-BOSSITO,2016,Octobre,10,117.0,5.0
TORI-BOSSITO,2016,Novembre,11,181.625,8.5
TORI-BOSSITO,2016,Décembre,12,0.0,0.0
ZE,2016,Janvier,1,26.4,1.0
ZE,2016,Février,2,0.0,0.0
ZE,2016,Mars,3,183.60000000000002,4.0
ZE,2016,Avril,4,136.2,5.0
ZE,2016,Mai,5,211.0,6.0
ZE,2016,Juin,6,117.6,5.0
ZE,2016,Juillet,7,28.0,2.0
ZE,2016,Août,8,18.0,2.0
ZE,2016,Septembre,9,80.4,5.0
ZE,2016,Octobre,10,163.2,8.0
ZE,2016,Novembre,11,62.4,3.0
ZE,2016,Décembre,12,0.0,0.0
DEPART. ATLANTIQUE,2016,Janvier,1,4.677777777777777,0.16666666666666666
DEPART. ATLANTIQUE,2016,Février,2,0.0,0.0
DEPART. ATLANTIQUE,2016,Mars,3,107.79833333333335,3.2222222222222223
DEPART. ATLANTIQUE,2016,Avril,4,123.2227777777778,4.555555555555555
DEPART. ATLANTIQUE,2016,Mai,5,161.9861111111111,6.888888888888889
DEPART. ATLANTIQUE,2016,Juin,6,125.02000000000001,6.111111111111111
DEPART. ATLANTIQUE,2016,Juillet,7,54.88111111111112,2.7777777777777777
DEPART. ATLANTIQUE,2016,Août,8,26.591111111111115,2.611111111111111
DEPART. ATLANTIQUE,2016,Septembre,9,131.80055555555555,6.666666666666667
DEPART. ATLANTIQUE,2016,Octobre,10,140.41222222222223,5.833333333333333
DEPART. ATLANTIQUE,2016,Novembre,11,61.837777777777774,3.611111111111111
DEPART. ATLANTIQUE,2016,Décembre,12,8.255555555555556,0.7222222222222222
COTONOU,2016,Janvier,1,0.0,0.0
COTONOU,2016,Février,2,0.0,0.0
COTONOU,2016,Mars,3,55.5,5.0
COTONOU,2016,Avril,4,79.75,5.0
COTONOU,2016,Mai,5,191.25,8.0
COTONOU,2016,Juin,6,217.9,8.0
COTONOU,2016,Juillet,7,35.1,1.0
COTONOU,2016,Août,8,30.13,2.0
COTONOU,2016,Septembre,9,6.25,1.0
COTONOU,2016,Octobre,10,206.25,6.0
COTONOU,2016,Novembre,11,28.13,2.0
COTONOU,2016,Décembre,12,0.0,0.0
DEPART. LITTORAL,2016,Janvier,1,0.0,0.0
DEPART. LITTORAL,2016,Février,2,0.0,0.0
DEPART. LITTORAL,2016,Mars,3,55.5,5.0
DEPART. LITTORAL,2016,Avril,4,79.75,5.0
DEPART. LITTORAL,2016,Mai,5,191.25,8.0
DEPART. LITTORAL,2016,Juin,6,217.9,8.0
DEPART. LITTORAL,2016,Juillet,7,35.1,1.0
DEPART. LITTORAL,2016,Août,8,30.13,2.0
DEPART. LITTORAL,2016,Septembre,9,6.25,1.0
DEPART. LITTORAL,2016,Octobre,10,206.25,6.0
DEPART. LITTORAL,2016,Novembre,11,28.13,2.0
DEPART. LITTORAL,2016,Décembre,12,0.0,0.0
BENIN,2016,Janvier,1,3.038961038961039,0.15151515151515152
BENIN,2016,Février,2,1.0730451621207924,0.13636363636363635
BENIN,2016,Mars,3,78.98972778736413,3.6901669758812625
BENIN,2016,Avril,4,100.41380193399671,4.932158317872604
BENIN,2016,Mai,5,119.46719253115899,5.803710575139147
BENIN,2016,Juin,6,144.51881808811677,8.075572047000618
BENIN,2016,Juillet,7,122.96752613234902,6.764131106988249
BENIN,2016,Août,8,118.09025289375752,6.839579468150897
BENIN,2016,Septembre,9,198.87136647551586,10.930488559059986
BENIN,2016,Octobre,10,116.06524865648737,6.318947827064709
BENIN,2016,Novembre,11,20.06066790352505,1.2739641311069883
BENIN,2016,Décembre,12,2.5326839826839826,0.2012987012987013
BEMBEREKE,2017,Janvier,1,0.0,0.0
BEMBEREKE,2017,Février,2,0.0,0.0
BEMBEREKE,2017,Mars,3,21.65,2.0
BEMBEREKE,2017,Avril,4,67.75,0.0
BEMBEREKE,2017,Mai,5,104.75,8.0
BEMBEREKE,2017,Juin,6,195.08,9.0
BEMBEREKE,2017,Juillet,7,283.76,11.0
BEMBEREKE,2017,Août,8,258.78,10.0
BEMBEREKE,2017,Septembre,9,271.96,11.0
BEMBEREKE,2017,Octobre,10,83.24,4.0
BEMBEREKE,2017,Novembre,11,0.0,0.0
BEMBEREKE,2017,Décembre,12,0.0,0.0
KALALE,2017,Janvier,1,0.0,0.0
KALALE,2017,Février,2,0.0,0.0
KALALE,2017,Mars,3,0.0,0.0
KALALE,2017,Avril,4,44.33,0.0
KALALE,2017,Mai,5,140.5,8.0
KALALE,2017,Juin,6,287.67,10.0
KALALE,2017,Juillet,7,293.0,11.0
KALALE,2017,Août,8,310.0,9.0
KALALE,2017,Septembre,9,253.67,8.0
KALALE,2017,Octobre,10,50.0,2.0
KALALE,2017,Novembre,11,0.0,0.0
KALALE,2017,Décembre,12,0.0,0.0
N'DALI,2017,Janvier,1,0.0,0.0
N'DALI,2017,Février,2,0.0,0.0
N'DALI,2017,Mars,3,0.0,0.0
N'DALI,2017,Avril,4,118.43,0.0
N'DALI,2017,Mai,5,131.94,7.0
N'DALI,2017,Juin,6,224.43,9.0
N'DALI,2017,Juillet,7,162.5,6.0
N'DALI,2017,Août,8,276.75,10.0
N'DALI,2017,Septembre,9,182.8,9.0
N'DALI,2017,Octobre,10,55.96,6.0
N'DALI,2017,Novembre,11,0.0,0.0
N'DALI,2017,Décembre,12,0.0,0.0
NIKKI,2017,Janvier,1,0.0,0.0
NIKKI,2017,Février,2,0.0,0.0
NIKKI,2017,Mars,3,0.0,0.0
NIKKI,2017,Avril,4,32.72,2.0
NIKKI,2017,Mai,5,174.39,7.0
NIKKI,2017,Juin,6,175.56,11.0
NIKKI,2017,Juillet,7,195.0,12.0
NIKKI,2017,Août,8,244.18,10.0
NIKKI,2017,Septembre,9,191.74,9.0
NIKKI,2017,Octobre,10,35.06,3.0
NIKKI,2017,Novembre,11,0.0,0.0
NIKKI,2017,Décembre,12,0.0,0.0
PARAKOU,2017,Janvier,1,0.0,0.0
PARAKOU,2017,Février,2,0.0,0.0
PARAKOU,2017,Mars,3,0.0,0.0
PARAKOU,2017,Avril,4,90.14,0.0
PARAKOU,2017,Mai,5,118.9,9.0
PARAKOU,2017,Juin,6,246.78,9.0
PARAKOU,2017,Juillet,7,158.71,7.0
PARAKOU,2017,Août,8,171.8,9.0
PARAKOU,2017,Septembre,9,155.0,8.0
PARAKOU,2017,Octobre,10,38.8,2.0
PARAKOU,2017,Novembre,11,0.0,0.0
PARAKOU,2017,Décembre,12,0.0,0.0
PERERE,2017,Janvier,1,0.0,0.0
PERERE,2017,Février,2,0.0,0.0
PERERE,2017,Mars,3,0.0,0.0
PERERE,2017,Avril,4,62.0,0.0
PERERE,2017,Mai,5,188.0,8.0
PERERE,2017,Juin,6,125.0,8.0
PERERE,2017,Juillet,7,408.0,15.0
PERERE,2017,Août,8,175.0,5.0
PERERE,2017,Septembre,9,101.0,6.0
PERERE,2017,Octobre,10,10.0,1.0
PERERE,2017,Novembre,11,0.0,0.0
PERERE,2017,Décembre,12,0.0,0.0
SINENDE,2017,Janvier,1,0.0,0.0
SINENDE,2017,Février,2,0.0,0.0
SINENDE,2017,Mars,3,0.0,0.0
SINENDE,2017,Avril,4,61.6,0.0
SINENDE,2017,Mai,5,98.45,4.0
SINENDE,2017,Juin,6,199.67,9.0
SINENDE,2017,Juillet,7,266.0,10.0
SINENDE,2017,Août,8,257.0,9.0
SINENDE,2017,Septembre,9,281.0,8.0
SINENDE,2017,Octobre,10,52.0,3.0
SINENDE,2017,Novembre,11,0.0,0.0
SINENDE,2017,Décembre,12,0.0,0.0
TCHAOUROU,2017,Janvier,1,0.0,0.0
TCHAOUROU,2017,Février,2,0.0,0.0
TCHAOUROU,2017,Mars,3,0.0,0.0
TCHAOUROU,2017,Avril,4,0.0,0.0
TCHAOUROU,2017,Mai,5,142.67,10.0
TCHAOUROU,2017,Juin,6,228.24,12.0
TCHAOUROU,2017,Juillet,7,258.5,7.0
TCHAOUROU,2017,Août,8,177.25,9.0
TCHAOUROU,2017,Septembre,9,146.46,8.0
TCHAOUROU,2017,Octobre,10,17.61,1.0
TCHAOUROU,2017,Novembre,11,0.0,0.0
TCHAOUROU,2017,Décembre,12,0.0,0.0
DEPART. BORGOU,2017,Janvier,1,0.0,0.0
DEPART. BORGOU,2017,Février,2,0.0,0.0
DEPART. BORGOU,2017,Mars,3,2.70625,0.25
DEPART. BORGOU,2017,Avril,4,59.62125,0.25
DEPART. BORGOU,2017,Mai,5,137.45,7.625
DEPART. BORGOU,2017,Juin,6,210.30375,9.625
DEPART. BORGOU,2017,Juillet,7,253.18375,9.875
DEPART. BORGOU,2017,Août,8,233.845,8.875
DEPART. BORGOU,2017,Septembre,9,197.95375,8.375
DEPART. BORGOU,2017,Octobre,10,42.83375,2.75
DEPART. BORGOU,2017,Novembre,11,0.0,0.0
DEPART. BORGOU,2017,Décembre,12,0.0,0.0
BANIKOARA,2017,Janvier,1,0.0,0.0
BANIKOARA,2017,Février,2,0.0,0.0
BANIKOARA,2017,Mars,3,0.0,0.0
BANIKOARA,2017,Avril,4,0.0,0.0
BANIKOARA,2017,Mai,5,0.0,0.0
BANIKOARA,2017,Juin,6,183.87857142857143,12.0
BANIKOARA,2017,Juillet,7,91.42,4.0
BANIKOARA,2017,Août,8,0.0,0.0
BANIKOARA,2017,Septembre,9,0.0,0.0
BANIKOARA,2017,Octobre,10,0.0,0.0
BANIKOARA,2017,Novembre,11,0.0,0.0
BANIKOARA,2017,Décembre,12,0.0,0.0
GOGOUNOU,2017,Janvier,1,0.0,0.0
GOGOUNOU,2017,Février,2,0.0,0.0
GOGOUNOU,2017,Mars,3,0.0,0.0
GOGOUNOU,2017,Avril,4,0.0,0.0
GOGOUNOU,2017,Mai,5,108.81666666666666,6.0
GOGOUNOU,2017,Juin,6,281.94,13.0
GOGOUNOU,2017,Juillet,7,142.67,8.0
GOGOUNOU,2017,Août,8,167.25,7.0
GOGOUNOU,2017,Septembre,9,0.0,0.0
GOGOUNOU,2017,Octobre,10,0.0,0.0
GOGOUNOU,2017,Novembre,11,0.0,0.0
GOGOUNOU,2017,Décembre,12,0.0,0.0
KANDI,2017,Janvier,1,0.0,0.0
KANDI,2017,Février,2,0.0,0.0
KANDI,2017,Mars,3,0.0,0.0
KANDI,2017,Avril,4,0.0,0.0
KANDI,2017,Mai,5,176.5,10.0
KANDI,2017,Juin,6,199.57142857142856,10.0
KANDI,2017,Juillet,7,126.0,4.0
KANDI,2017,Août,8,0.0,0.0
KANDI,2017,Septembre,9,0.0,0.0
KANDI,2017,Octobre,10,0.0,0.0
KANDI,2017,Novembre,11,0.0,0.0
KANDI,2017,Décembre,12,0.0,0.0
KARIMAMA,2017,Janvier,1,0.0,0.0
KARIMAMA,2017,Février,2,0.0,0.0
KARIMAMA,2017,Mars,3,0.0,0.0
KARIMAMA,2017,Avril,4,0.0,0.0
KARIMAMA,2017,Mai,5,82.65,6.0
KARIMAMA,2017,Juin,6,70.0,4.0
KARIMAMA,2017,Juillet,7,34.2,4.0
KARIMAMA,2017,Août,8,132.18,7.0
KARIMAMA,2017,Septembre,9,0.0,0.0
KARIMAMA,2017,Octobre,10,0.0,0.0
KARIMAMA,2017,Novembre,11,0.0,0.0
KARIMAMA,2017,Décembre,12,0.0,0.0
MALANVILLE,2017,Janvier,1,0.0,0.0
MALANVILLE,2017,Février,2,0.0,0.0
MALANVILLE,2017,Mars,3,0.0,0.0
MALANVILLE,2017,Avril,4,0.0,0.0
MALANVILLE,2017,Mai,5,0.0,0.0
MALANVILLE,2017,Juin,6,130.4,8.0
MALANVILLE,2017,Juillet,7,60.449999999999996,2.0
MALANVILLE,2017,Août,8,158.29999999999998,7.0
MALANVILLE,2017,Septembre,9,0.0,0.0
MALANVILLE,2017,Octobre,10,0.0,0.0
MALANVILLE,2017,Novembre,11,0.0,0.0
MALANVILLE,2017,Décembre,12,0.0,0.0
SEGBANA,2017,Janvier,1,0.0,0.0
SEGBANA,2017,Février,2,0.0,0.0
SEGBANA,2017,Mars,3,0.0,0.0
SEGBANA,2017,Avril,4,0.0,0.0
SEGBANA,2017,Mai,5,162.0,5.0
SEGBANA,2017,Juin,6,294.02,15.0
SEGBANA,2017,Juillet,7,53.0,2.0
SEGBANA,2017,Août,8,215.0,6.0
SEGBANA,2017,Septembre,9,0.0,0.0
SEGBANA,2017,Octobre,10,0.0,0.0
SEGBANA,2017,Novembre,11,0.0,0.0
SEGBANA,2017,Décembre,12,0.0,0.0
DEPART. ALIBORI,2017,Janvier,1,0.0,0.0
DEPART. ALIBORI,2017,Février,2,0.0,0.0
DEPART. ALIBORI,2017,Mars,3,0.0,0.0
DEPART. ALIBORI,2017,Avril,4,0.0,0.0
DEPART. ALIBORI,2017,Mai,5,102.71890756302521,6.0
DEPART. ALIBORI,2017,Juin,6,211.58939560439558,11.0
DEPART. ALIBORI,2017,Juillet,7,74.15,4.0
DEPART. ALIBORI,2017,Août,8,140.57368421052632,6.0
DEPART. ALIBORI,2017,Septembre,9,0.0,0.0
DEPART. ALIBORI,2017,Octobre,10,0.0,0.0
DEPART. ALIBORI,2017,Novembre,11,0.0,0.0
DEPART. ALIBORI,2017,Décembre,12,0.0,0.0
BOUKOUMBE,2017,Janvier,1,0.0,0.0
BOUKOUMBE,2017,Février,2,0.0,0.0
BOUKOUMBE,2017,Mars,3,0.0,0.0
BOUKOUMBE,2017,Avril,4,71.65,6.0
BOUKOUMBE,2017,Mai,5,69.1,4.0
BOUKOUMBE,2017,Juin,6,150.13,15.0
BOUKOUMBE,2017,Juillet,7,128.0,11.0
BOUKOUMBE,2017,Août,8,206.0,8.0
BOUKOUMBE,2017,Septembre,9,153.58,10.0
BOUKOUMBE,2017,Octobre,10,119.2,6.0
BOUKOUMBE,2017,Novembre,11,0.0,0.0
BOUKOUMBE,2017,Décembre,12,0.0,0.0
COBLY,2017,Janvier,1,0.0,0.0
COBLY,2017,Février,2,0.0,0.0
COBLY,2017,Mars,3,0.0,0.0
COBLY,2017,Avril,4,41.83,3.0
COBLY,2017,Mai,5,90.83,4.0
COBLY,2017,Juin,6,124.33,9.0
COBLY,2017,Juillet,7,258.63,10.0
COBLY,2017,Août,8,188.4,9.0
COBLY,2017,Septembre,9,118.37,6.0
COBLY,2017,Octobre,10,76.5,3.0
COBLY,2017,Novembre,11,0.0,0.0
COBLY,2017,Décembre,12,0.0,0.0
KEROU,2017,Janvier,1,0.0,0.0
KEROU,2017,Février,2,0.0,0.0
KEROU,2017,Mars,3,0.0,0.0
KEROU,2017,Avril,4,5.7,1.0
KEROU,2017,Mai,5,129.11,9.0
KEROU,2017,Juin,6,158.1,11.0
KEROU,2017,Juillet,7,200.42,15.0
KEROU,2017,Août,8,167.06,11.0
KEROU,2017,Septembre,9,146.17,11.0
KEROU,2017,Octobre,10,72.07,4.0
KEROU,2017,Novembre,11,0.0,0.0
KEROU,2017,Décembre,12,0.0,0.0
KOUANDE,2017,Janvier,1,0.0,0.0
KOUANDE,2017,Février,2,0.0,0.0
KOUANDE,2017,Mars,3,0.0,0.0
KOUANDE,2017,Avril,4,76.65,6.0
KOUANDE,2017,Mai,5,125.92,9.0
KOUANDE,2017,Juin,6,187.39,11.0
KOUANDE,2017,Juillet,7,280.08,15.0
KOUANDE,2017,Août,8,205.81,12.0
KOUANDE,2017,Septembre,9,167.38,12.0
KOUANDE,2017,Octobre,10,69.11,4.0
KOUANDE,2017,Novembre,11,0.0,0.0
KOUANDE,2017,Décembre,12,0.0,0.0
MATERI,2017,Janvier,1,0.0,0.0
MATERI,2017,Février,2,0.0,0.0
MATERI,2017,Mars,3,0.0,0.0
MATERI,2017,Avril,4,84.0,4.0
MATERI,2017,Mai,5,179.2,8.0
MATERI,2017,Juin,6,150.1,8.0
MATERI,2017,Juillet,7,222.1,6.0
MATERI,2017,Août,8,133.6,10.0
MATERI,2017,Septembre,9,159.1,8.0
MATERI,2017,Octobre,10,0.0,0.0
MATERI,2017,Novembre,11,0.0,0.0
MATERI,2017,Décembre,12,0.0,0.0
NATITINGOU,2017,Janvier,1,0.0,0.0
NATITINGOU,2017,Février,2,0.0,0.0
NATITINGOU,2017,Mars,3,0.0,0.0
NATITINGOU,2017,Avril,4,21.5,4.0
NATITINGOU,2017,Mai,5,197.3,5.0
NATITINGOU,2017,Juin,6,193.8,12.0
NATITINGOU,2017,Juillet,7,232.0,14.0
NATITINGOU,2017,Août,8,177.1,10.0
NATITINGOU,2017,Septembre,9,112.9,7.0
NATITINGOU,2017,Octobre,10,0.0,0.0
NATITINGOU,2017,Novembre,11,0.0,0.0
NATITINGOU,2017,Décembre,12,0.0,0.0
PEHUNCO,2017,Janvier,1,0.0,0.0
PEHUNCO,2017,Février,2,0.0,0.0
PEHUNCO,2017,Mars,3,0.0,0.0
PEHUNCO,2017,Avril,4,81.66,5.0
PEHUNCO,2017,Mai,5,80.24,7.0
PEHUNCO,2017,Juin,6,227.45,13.0
PEHUNCO,2017,Juillet,7,245.11,13.0
PEHUNCO,2017,Août,8,206.0,15.0
PEHUNCO,2017,Septembre,9,192.24,14.0
PEHUNCO,2017,Octobre,10,0.0,0.0
PEHUNCO,2017,Novembre,11,0.0,0.0
PEHUNCO,2017,Décembre,12,0.0,0.0
TANGUIETA,2017,Janvier,1,0.0,0.0
TANGUIETA,2017,Février,2,0.0,0.0
TANGUIETA,2017,Mars,3,0.0,0.0
TANGUIETA,2017,Avril,4,40.7,5.0
TANGUIETA,2017,Mai,5,45.18,7.0
TANGUIETA,2017,Juin,6,229.0,20.0
TANGUIETA,2017,Juillet,7,254.7,15.0
TANGUIETA,2017,Août,8,188.9,17.0
TANGUIETA,2017,Septembre,9,114.8,17.0
TANGUIETA,2017,Octobre,10,89.0,5.0
TANGUIETA,2017,Novembre,11,0.0,0.0
TANGUIETA,2017,Décembre,12,0.0,0.0
TOUCOUNTOUNA,2017,Janvier,1,0.0,0.0
TOUCOUNTOUNA,2017,Février,2,0.0,0.0
TOUCOUNTOUNA,2017,Mars,3,0.0,0.0
TOUCOUNTOUNA,2017,Avril,4,30.55,5.0
TOUCOUNTOUNA,2017,Mai,5,46.4,5.0
TOUCOUNTOUNA,2017,Juin,6,176.9,12.0
TOUCOUNTOUNA,2017,Juillet,7,234.15,12.0
TOUCOUNTOUNA,2017,Août,8,177.1,10.0
TOUCOUNTOUNA,2017,Septembre,9,171.1,13.0
TOUCOUNTOUNA,2017,Octobre,10,33.85,1.0
TOUCOUNTOUNA,2017,Novembre,11,0.0,0.0
TOUCOUNTOUNA,2017,Décembre,12,0.0,0.0
DEPART. ATACORA,2017,Janvier,1,0.0,0.0
DEPART. ATACORA,2017,Février,2,0.0,0.0
DEPART. ATACORA,2017,Mars,3,0.0,0.0
DEPART. ATACORA,2017,Avril,4,50.47,4.0
DEPART. ATACORA,2017,Mai,5,107.03,6.0
DEPART. ATACORA,2017,Juin,6,177.47,12.0
DEPART. ATACORA,2017,Juillet,7,228.36,12.0
DEPART. ATACORA,2017,Août,8,183.33,11.0
DEPART. ATACORA,2017,Septembre,9,148.4,11.0
DEPART. ATACORA,2017,Octobre,10,51.08,3.0
DEPART. ATACORA,2017,Novembre,11,0.0,0.0
DEPART. ATACORA,2017,Décembre,12,0.0,0.0
BASSILA,2017,Janvier,1,0.0,0.0
BASSILA,2017,Février,2,0.0,0.0
BASSILA,2017,Mars,3,0.0,
BASSILA,2017,Avril,4,73.0,5.0
BASSILA,2017,Mai,5,118.5,6.0
BASSILA,2017,Juin,6,298.4,9.0
BASSILA,2017,Juillet,7,370.5,12.0
BASSILA,2017,Août,8,390.5,13.0
BASSILA,2017,Septembre,9,40.5,4.0
BASSILA,2017,Octobre,10,0.0,0.0
BASSILA,2017,Novembre,11,0.0,0.0
BASSILA,2017,Décembre,12,0.0,0.0
COPARGO,2017,Janvier,1,0.0,0.0
COPARGO,2017,Février,2,0.0,0.0
COPARGO,2017,Mars,3,14.85,3.0
COPARGO,2017,Avril,4,70.22,7.0
COPARGO,2017,Mai,5,116.7,10.0
COPARGO,2017,Juin,6,223.28,10.0
COPARGO,2017,Juillet,7,239.72,13.0
COPARGO,2017,Août,8,174.6,11.0
COPARGO,2017,Septembre,9,59.65,15.0
COPARGO,2017,Octobre,10,11.0,1.0
COPARGO,2017,Novembre,11,0.0,0.0
COPARGO,2017,Décembre,12,0.0,0.0
DJOUGOU,2017,Janvier,1,0.0,0.0
DJOUGOU,2017,Février,2,0.0,0.0
DJOUGOU,2017,Mars,3,0.0,
DJOUGOU,2017,Avril,4,93.35,6.0
DJOUGOU,2017,Mai,5,89.37,7.0
DJOUGOU,2017,Juin,6,120.34,7.0
DJOUGOU,2017,Juillet,7,260.27,15.0
DJOUGOU,2017,Août,8,206.84,14.0
DJOUGOU,2017,Septembre,9,105.72,9.0
DJOUGOU,2017,Octobre,10,0.0,0.0
DJOUGOU,2017,Novembre,11,0.0,0.0
DJOUGOU,2017,Décembre,12,0.0,0.0
OUAKE,2017,Janvier,1,0.0,0.0
OUAKE,2017,Février,2,0.0,0.0
OUAKE,2017,Mars,3,22.0,1.0
OUAKE,2017,Avril,4,130.5,7.0
OUAKE,2017,Mai,5,170.0,9.0
OUAKE,2017,Juin,6,225.5,10.0
OUAKE,2017,Juillet,7,259.0,12.0
OUAKE,2017,Août,8,292.5,12.0
OUAKE,2017,Septembre,9,130.0,8.0
OUAKE,2017,Octobre,10,0.0,0.0
OUAKE,2017,Novembre,11,0.0,0.0
OUAKE,2017,Décembre,12,0.0,0.0
DEPART. DONGA,2017,Janvier,1,0.0,0.0
DEPART. DONGA,2017,Février,2,0.0,0.0
DEPART. DONGA,2017,Mars,3,12.28,2.0
DEPART. DONGA,2017,Avril,4,88.62,6.0
DEPART. DONGA,2017,Mai,5,112.84,8.0
DEPART. DONGA,2017,Juin,6,183.1,9.0
DEPART. DONGA,2017,Juillet,7,259.74,14.0
DEPART. DONGA,2017,Août,8,251.05,13.0
DEPART. DONGA,2017,Septembre,9,96.11,10.0
DEPART. DONGA,2017,Octobre,10,26.22,3.0
DEPART. DONGA,2017,Novembre,11,0.0,0.0
DEPART. DONGA,2017,Décembre,12,0.0,0.0
ABOMEY,2017,Janvier,1,0.0,0.0
ABOMEY,2017,Février,2,17.3,2.0
ABOMEY,2017,Mars,3,28.8,1.0
ABOMEY,2017,Avril,4,93.7,4.0
ABOMEY,2017,Mai,5,119.5,7.0
ABOMEY,2017,Juin,6,295.0,8.0
ABOMEY,2017,Juillet,7,0.0,0.0
ABOMEY,2017,Août,8,0.0,0.0
ABOMEY,2017,Septembre,9,0.0,0.0
ABOMEY,2017,Octobre,10,0.0,0.0
ABOMEY,2017,Novembre,11,0.0,0.0
ABOMEY,2017,Décembre,12,0.0,0.0
AGBANGNIZOUN,2017,Janvier,1,0.0,0.0
AGBANGNIZOUN,2017,Février,2,0.0,0.0
AGBANGNIZOUN,2017,Mars,3,24.0,2.0
AGBANGNIZOUN,2017,Avril,4,112.0,5.0
AGBANGNIZOUN,2017,Mai,5,168.0,9.0
AGBANGNIZOUN,2017,Juin,6,163.0,11.0
AGBANGNIZOUN,2017,Juillet,7,0.0,0.0
AGBANGNIZOUN,2017,Août,8,0.0,0.0
AGBANGNIZOUN,2017,Septembre,9,0.0,0.0
AGBANGNIZOUN,2017,Octobre,10,0.0,0.0
AGBANGNIZOUN,2017,Novembre,11,0.0,0.0
AGBANGNIZOUN,2017,Décembre,12,0.0,0.0
BOHICON,2017,Janvier,1,9.2,2.0
BOHICON,2017,Février,2,12.8,2.0
BOHICON,2017,Mars,3,65.5,2.0
BOHICON,2017,Avril,4,66.0,4.0
BOHICON,2017,Mai,5,178.0,7.0
BOHICON,2017,Juin,6,315.0,9.0
BOHICON,2017,Juillet,7,72.0,11.0
BOHICON,2017,Août,8,115.1,10.0
BOHICON,2017,Septembre,9,55.5,9.0
BOHICON,2017,Octobre,10,71.9,7.0
BOHICON,2017,Novembre,11,50.6,5.0
BOHICON,2017,Décembre,12,0.0,0.0
COVE,2017,Janvier,1,0.0,0.0
COVE,2017,Février,2,49.0,3.0
COVE,2017,Mars,3,158.0,3.0
COVE,2017,Avril,4,69.0,3.0
COVE,2017,Mai,5,106.3,6.0
COVE,2017,Juin,6,144.5,7.0
COVE,2017,Juillet,7,0.0,0.0
COVE,2017,Août,8,0.0,0.0
COVE,2017,Septembre,9,0.0,0.0
COVE,2017,Octobre,10,0.0,0.0
COVE,2017,Novembre,11,0.0,0.0
COVE,2017,Décembre,12,0.0,0.0
DJIDJA,2017,Janvier,1,0.0,0.0
DJIDJA,2017,Février,2,44.0,2.0
DJIDJA,2017,Mars,3,187.0,0.0
DJIDJA,2017,Avril,4,99.0,6.0
DJIDJA,2017,Mai,5,495.0,11.0
DJIDJA,2017,Juin,6,350.8,16.0
DJIDJA,2017,Juillet,7,105.8,5.0
DJIDJA,2017,Août,8,95.45,3.0
DJIDJA,2017,Septembre,9,160.1,6.0
DJIDJA,2017,Octobre,10,0.0,0.0
DJIDJA,2017,Novembre,11,18.95,2.0
DJIDJA,2017,Décembre,12,0.0,0.0
OUINHI,2017,Janvier,1,0.0,0.0
OUINHI,2017,Février,2,0.0,0.0
OUINHI,2017,Mars,3,20.5,4.0
OUINHI,2017,Avril,4,175.0,9.0
OUINHI,2017,Mai,5,209.9,7.0
OUINHI,2017,Juin,6,237.1,10.0
OUINHI,2017,Juillet,7,118.5,2.0
OUINHI,2017,Août,8,54.0,3.0
OUINHI,2017,Septembre,9,69.5,4.0
OUINHI,2017,Octobre,10,0.0,0.0
OUINHI,2017,Novembre,11,0.0,0.0
OUINHI,2017,Décembre,12,0.0,0.0
ZAGNANADO,2017,Janvier,1,0.0,0.0
ZAGNANADO,2017,Février,2,15.0,2.0
ZAGNANADO,2017,Mars,3,80.0,4.0
ZAGNANADO,2017,Avril,4,120.0,12.0
ZAGNANADO,2017,Mai,5,189.0,13.0
ZAGNANADO,2017,Juin,6,103.0,11.0
ZAGNANADO,2017,Juillet,7,0.0,0.0
ZAGNANADO,2017,Août,8,0.0,0.0
ZAGNANADO,2017,Septembre,9,0.0,0.0
ZAGNANADO,2017,Octobre,10,0.0,0.0
ZAGNANADO,2017,Novembre,11,0.0,0.0
ZAGNANADO,2017,Décembre,12,0.0,0.0
ZA-KPOTA,2017,Janvier,1,0.0,0.0
ZA-KPOTA,2017,Février,2,11.0,1.0
ZA-KPOTA,2017,Mars,3,26.0,2.0
ZA-KPOTA,2017,Avril,4,50.0,2.0
ZA-KPOTA,2017,Mai,5,215.0,7.0
ZA-KPOTA,2017,Juin,6,250.0,7.0
ZA-KPOTA,2017,Juillet,7,0.0,0.0
ZA-KPOTA,2017,Août,8,0.0,0.0
ZA-KPOTA,2017,Septembre,9,0.0,0.0
ZA-KPOTA,2017,Octobre,10,0.0,0.0
ZA-KPOTA,2017,Novembre,11,0.0,0.0
ZA-KPOTA,2017,Décembre,12,0.0,0.0
ZOGBODOMEY,2017,Janvier,1,0.0,0.0
ZOGBODOMEY,2017,Février,2,0.0,0.0
ZOGBODOMEY,2017,Mars,3,138.0,7.0
ZOGBODOMEY,2017,Avril,4,153.0,5.0
ZOGBODOMEY,2017,Mai,5,119.0,10.0
ZOGBODOMEY,2017,Juin,6,212.0,11.0
ZOGBODOMEY,2017,Juillet,7,150.0,17.0
ZOGBODOMEY,2017,Août,8,13.0,4.0
ZOGBODOMEY,2017,Septembre,9,32.0,3.0
ZOGBODOMEY,2017,Octobre,10,0.0,0.0
ZOGBODOMEY,2017,Novembre,11,0.0,0.0
ZOGBODOMEY,2017,Décembre,12,0.0,0.0
DEPART. ZOU,2017,Janvier,1,1.02,0.0
DEPART. ZOU,2017,Février,2,16.57,1.0
DEPART. ZOU,2017,Mars,3,80.87,3.0
DEPART. ZOU,2017,Avril,4,104.19,6.0
DEPART. ZOU,2017,Mai,5,199.97,9.0
DEPART. ZOU,2017,Juin,6,230.04,10.0
DEPART. ZOU,2017,Juillet,7,49.59,4.0
DEPART. ZOU,2017,Août,8,30.84,2.0
DEPART. ZOU,2017,Septembre,9,35.23,2.0
DEPART. ZOU,2017,Octobre,10,7.99,1.0
DEPART. ZOU,2017,Novembre,11,7.73,1.0
DEPART. ZOU,2017,Décembre,12,0.0,0.0
BANTE,2017,Janvier,1,3.5,1.0
BANTE,2017,Février,2,8.0,1.0
BANTE,2017,Mars,3,19.25,1.0
BANTE,2017,Avril,4,32.0,4.0
BANTE,2017,Mai,5,78.1,4.0
BANTE,2017,Juin,6,148.7,7.0
BANTE,2017,Juillet,7,225.0,11.0
BANTE,2017,Août,8,123.5,9.0
BANTE,2017,Septembre,9,85.0,6.0
BANTE,2017,Octobre,10,35.0,5.0
BANTE,2017,Novembre,11,0.0,0.0
BANTE,2017,Décembre,12,0.0,0.0
DASSA-ZOUME,2017,Janvier,1,0.0,0.0
DASSA-ZOUME,2017,Février,2,0.0,0.0
DASSA-ZOUME,2017,Mars,3,78.74,3.4
DASSA-ZOUME,2017,Avril,4,115.14,2.6
DASSA-ZOUME,2017,Mai,5,160.94,6.4
DASSA-ZOUME,2017,Juin,6,156.2,6.6
DASSA-ZOUME,2017,Juillet,7,83.2,3.8
DASSA-ZOUME,2017,Août,8,142.0,5.8
DASSA-ZOUME,2017,Septembre,9,119.57,10.0
DASSA-ZOUME,2017,Octobre,10,0.0,0.0
DASSA-ZOUME,2017,Novembre,11,0.0,0.0
DASSA-ZOUME,2017,Décembre,12,0.0,0.0
GLAZOUE,2017,Janvier,1,51.0,2.0
GLAZOUE,2017,Février,2,0.0,0.0
GLAZOUE,2017,Mars,3,28.3,2.0
GLAZOUE,2017,Avril,4,58.17,3.0
GLAZOUE,2017,Mai,5,156.57,5.0
GLAZOUE,2017,Juin,6,226.67,8.0
GLAZOUE,2017,Juillet,7,160.0,5.0
GLAZOUE,2017,Août,8,130.83,5.0
GLAZOUE,2017,Septembre,9,77.6,5.0
GLAZOUE,2017,Octobre,10,0.0,0.0
GLAZOUE,2017,Novembre,11,0.0,0.0
GLAZOUE,2017,Décembre,12,0.0,0.0
OUESSE,2017,Janvier,1,11.85,2.0
OUESSE,2017,Février,2,0.0,0.0
OUESSE,2017,Mars,3,23.5,1.6
OUESSE,2017,Avril,4,114.6,5.8
OUESSE,2017,Mai,5,174.7,7.3
OUESSE,2017,Juin,6,170.7,11.0
OUESSE,2017,Juillet,7,185.7,9.0
OUESSE,2017,Août,8,230.7,10.0
OUESSE,2017,Septembre,9,166.9,7.7
OUESSE,2017,Octobre,10,55.1,3.0
OUESSE,2017,Novembre,11,0.0,0.0
OUESSE,2017,Décembre,12,0.0,0.0
SAVALOU,2017,Janvier,1,0.0,0.0
SAVALOU,2017,Février,2,0.0,0.0
SAVALOU,2017,Mars,3,70.3,3.0
SAVALOU,2017,Avril,4,85.6,7.0
SAVALOU,2017,Mai,5,112.8,7.0
SAVALOU,2017,Juin,6,254.2,12.0
SAVALOU,2017,Juillet,7,160.9,8.0
SAVALOU,2017,Août,8,194.25,11.0
SAVALOU,2017,Septembre,9,80.59,8.0
SAVALOU,2017,Octobre,10,0.0,0.0
SAVALOU,2017,Novembre,11,0.0,0.0
SAVALOU,2017,Décembre,12,0.0,0.0
SAVE,2017,Janvier,1,4.1,2.0
SAVE,2017,Février,2,0.0,0.0
SAVE,2017,Mars,3,50.6,6.0
SAVE,2017,Avril,4,14.1,6.0
SAVE,2017,Mai,5,143.9,15.0
SAVE,2017,Juin,6,228.7,15.0
SAVE,2017,Juillet,7,163.0,14.0
SAVE,2017,Août,8,155.4,15.0
SAVE,2017,Septembre,9,79.0,14.0
SAVE,2017,Octobre,10,0.0,0.0
SAVE,2017,Novembre,11,0.0,0.0
SAVE,2017,Décembre,12,0.0,0.0
DEPART. COLLINES,2017,Janvier,1,11.74,1.0
DEPART. COLLINES,2017,Février,2,1.33,0.0
DEPART. COLLINES,2017,Mars,3,45.12,3.0
DEPART. COLLINES,2017,Avril,4,69.94,5.0
DEPART. COLLINES,2017,Mai,5,137.84,7.0
DEPART. COLLINES,2017,Juin,6,197.53,10.0
DEPART. COLLINES,2017,Juillet,7,162.97,8.0
DEPART. COLLINES,2017,Août,8,162.78,9.0
DEPART. COLLINES,2017,Septembre,9,101.44,8.0
DEPART. COLLINES,2017,Octobre,10,15.02,1.0
DEPART. COLLINES,2017,Novembre,11,0.0,0.0
DEPART. COLLINES,2017,Décembre,12,0.0,0.0
ATHIEME,2017,Janvier,1,0.0,0.0
ATHIEME,2017,Février,2,16.3,3.0
ATHIEME,2017,Mars,3,44.35,4.0
ATHIEME,2017,Avril,4,151.6,8.0
ATHIEME,2017,Mai,5,59.15,8.0
ATHIEME,2017,Juin,6,146.95,13.0
ATHIEME,2017,Juillet,7,176.65,6.0
ATHIEME,2017,Août,8,39.85,7.0
ATHIEME,2017,Septembre,9,109.0,5.0
ATHIEME,2017,Octobre,10,74.3,5.0
ATHIEME,2017,Novembre,11,70.8,4.0
ATHIEME,2017,Décembre,12,0.0,0.0
BOPA,2017,Janvier,1,80.5,1.0
BOPA,2017,Février,2,5.7,1.0
BOPA,2017,Mars,3,15.9,2.0
BOPA,2017,Avril,4,107.8,8.0
BOPA,2017,Mai,5,82.4,8.0
BOPA,2017,Juin,6,198.4,15.0
BOPA,2017,Juillet,7,206.9,5.0
BOPA,2017,Août,8,22.8,4.0
BOPA,2017,Septembre,9,84.1,7.0
BOPA,2017,Octobre,10,54.3,8.0
BOPA,2017,Novembre,11,81.55,9.0
BOPA,2017,Décembre,12,13.6,2.0
COME,2017,Janvier,1,4.1,1.0
COME,2017,Février,2,3.6,1.0
COME,2017,Mars,3,58.5,3.0
COME,2017,Avril,4,67.8,7.0
COME,2017,Mai,5,117.2,10.0
COME,2017,Juin,6,204.3,15.0
COME,2017,Juillet,7,309.1,12.0
COME,2017,Août,8,58.9,10.0
COME,2017,Septembre,9,92.1,7.0
COME,2017,Octobre,10,52.7,5.0
COME,2017,Novembre,11,95.5,4.0
COME,2017,Décembre,12,0.0,0.0
GRAND-POPO,2017,Janvier,1,0.0,0.0
GRAND-POPO,2017,Février,2,6.8,1.0
GRAND-POPO,2017,Mars,3,30.65,3.0
GRAND-POPO,2017,Avril,4,93.05,5.0
GRAND-POPO,2017,Mai,5,165.35,9.0
GRAND-POPO,2017,Juin,6,238.35,9.0
GRAND-POPO,2017,Juillet,7,310.55,6.0
GRAND-POPO,2017,Août,8,32.45,3.0
GRAND-POPO,2017,Septembre,9,68.15,4.0
GRAND-POPO,2017,Octobre,10,47.25,4.0
GRAND-POPO,2017,Novembre,11,29.15,4.0
GRAND-POPO,2017,Décembre,12,0.4,1.0
HOUEYOGBE,2017,Janvier,1,0.0,0.0
HOUEYOGBE,2017,Février,2,0.0,0.0
HOUEYOGBE,2017,Mars,3,20.7,1.0
HOUEYOGBE,2017,Avril,4,67.3,6.0
HOUEYOGBE,2017,Mai,5,108.9,8.0
HOUEYOGBE,2017,Juin,6,109.0,6.0
HOUEYOGBE,2017,Juillet,7,208.3,4.0
HOUEYOGBE,2017,Août,8,25.2,4.0
HOUEYOGBE,2017,Septembre,9,42.6,3.0
HOUEYOGBE,2017,Octobre,10,55.0,8.0
HOUEYOGBE,2017,Novembre,11,68.2,4.0
HOUEYOGBE,2017,Décembre,12,0.0,0.0
LOKOSSA,2017,Janvier,1,7.75,1.0
LOKOSSA,2017,Février,2,35.3,2.0
LOKOSSA,2017,Mars,3,100.25,9.0
LOKOSSA,2017,Avril,4,187.75,9.0
LOKOSSA,2017,Mai,5,200.5,9.0
LOKOSSA,2017,Juin,6,159.5,12.0
LOKOSSA,2017,Juillet,7,100.5,7.0
LOKOSSA,2017,Août,8,65.35,6.0
LOKOSSA,2017,Septembre,9,131.35,8.0
LOKOSSA,2017,Octobre,10,95.75,6.0
LOKOSSA,2017,Novembre,11,35.55,4.0
LOKOSSA,2017,Décembre,12,6.3,1.0
DEPART. MONO,2017,Janvier,1,12.51,1.0
DEPART. MONO,2017,Février,2,14.71,3.0
DEPART. MONO,2017,Mars,3,49.51,6.0
DEPART. MONO,2017,Avril,4,123.08,8.0
DEPART. MONO,2017,Mai,5,128.72,10.0
DEPART. MONO,2017,Juin,6,177.92,12.0
DEPART. MONO,2017,Juillet,7,211.08,7.0
DEPART. MONO,2017,Août,8,42.47,8.0
DEPART. MONO,2017,Septembre,9,90.06,7.0
DEPART. MONO,2017,Octobre,10,66.29,8.0
DEPART. MONO,2017,Novembre,11,58.65,6.0
DEPART. MONO,2017,Décembre,12,2.96,1.0
APLAHOUE,2017,Janvier,1,11.3,1.0
APLAHOUE,2017,Février,2,3.3,1.0
APLAHOUE,2017,Mars,3,31.5,6.0
APLAHOUE,2017,Avril,4,140.9,6.0
APLAHOUE,2017,Mai,5,86.7,9.0
APLAHOUE,2017,Juin,6,210.0,12.0
APLAHOUE,2017,Juillet,7,110.3,10.0
APLAHOUE,2017,Août,8,53.8,7.0
APLAHOUE,2017,Septembre,9,160.0,7.0
APLAHOUE,2017,Octobre,10,122.33333333333333,7.333333333333333
APLAHOUE,2017,Novembre,11,61.333333333333336,4.666666666666667
APLAHOUE,2017,Décembre,12,43.666666666666664,2.6666666666666665
DJAKOTOMEY,2017,Janvier,1,6.0,3.0
DJAKOTOMEY,2017,Février,2,2.5,2.0
DJAKOTOMEY,2017,Mars,3,60.0,6.0
DJAKOTOMEY,2017,Avril,4,123.0,7.0
DJAKOTOMEY,2017,Mai,5,82.0,9.0
DJAKOTOMEY,2017,Juin,6,166.0,12.0
DJAKOTOMEY,2017,Juillet,7,93.0,8.0
DJAKOTOMEY,2017,Août,8,61.0,8.0
DJAKOTOMEY,2017,Septembre,9,142.0,9.0
DJAKOTOMEY,2017,Octobre,10,102.0,7.0
DJAKOTOMEY,2017,Novembre,11,12.5,7.0
DJAKOTOMEY,2017,Décembre,12,9.5,4.0
DOGBO,2017,Janvier,1,6.0,2.0
DOGBO,2017,Février,2,2.0,1.0
DOGBO,2017,Mars,3,74.7,7.0
DOGBO,2017,Avril,4,133.4,7.0
DOGBO,2017,Mai,5,91.0,11.0
DOGBO,2017,Juin,6,134.4,13.0
DOGBO,2017,Juillet,7,72.8,8.0
DOGBO,2017,Août,8,58.8,6.0
DOGBO,2017,Septembre,9,133.4,8.0
DOGBO,2017,Octobre,10,110.0,7.0
DOGBO,2017,Novembre,11,23.666666666666668,7.0
DOGBO,2017,Décembre,12,20.333333333333332,2.6666666666666665
KLOUEKANME,2017,Janvier,1,5.0,1.0
KLOUEKANME,2017,Février,2,3.0,2.0
KLOUEKANME,2017,Mars,3,75.0,6.0
KLOUEKANME,2017,Avril,4,151.2,7.0
KLOUEKANME,2017,Mai,5,142.0,13.0
KLOUEKANME,2017,Juin,6,186.0,12.0
KLOUEKANME,2017,Juillet,7,109.0,10.0
KLOUEKANME,2017,Août,8,77.0,9.0
KLOUEKANME,2017,Septembre,9,165.0,8.0
KLOUEKANME,2017,Octobre,10,92.75,4.0
KLOUEKANME,2017,Novembre,11,13.25,7.0
KLOUEKANME,2017,Décembre,12,23.25,4.0
LALO,2017,Janvier,1,11.0,3.0
LALO,2017,Février,2,5.0,2.0
LALO,2017,Mars,3,62.0,7.0
LALO,2017,Avril,4,142.0,8.0
LALO,2017,Mai,5,110.0,11.0
LALO,2017,Juin,6,186.0,12.0
LALO,2017,Juillet,7,86.0,9.0
LALO,2017,Août,8,85.0,8.0
LALO,2017,Septembre,9,158.0,8.0
LALO,2017,Octobre,10,95.0,7.0
LALO,2017,Novembre,11,13.0,7.0
LALO,2017,Décembre,12,22.0,4.0
TOVIKLIN,2017,Janvier,1,5.0,3.0
TOVIKLIN,2017,Février,2,2.0,2.0
TOVIKLIN,2017,Mars,3,74.0,6.0
TOVIKLIN,2017,Avril,4,130.0,7.0
TOVIKLIN,2017,Mai,5,80.0,11.0
TOVIKLIN,2017,Juin,6,170.0,12.0
TOVIKLIN,2017,Juillet,7,81.0,9.0
TOVIKLIN,2017,Août,8,88.0,9.0
TOVIKLIN,2017,Septembre,9,139.0,8.0
TOVIKLIN,2017,Octobre,10,85.5,8.0
TOVIKLIN,2017,Novembre,11,13.0,7.0
TOVIKLIN,2017,Décembre,12,44.0,4.0
DEPART. COUFFO,2017,Janvier,1,7.383333333333333,2.1666666666666665
DEPART. COUFFO,2017,Février,2,2.966666666666667,1.6666666666666667
DEPART. COUFFO,2017,Mars,3,62.86666666666667,6.333333333333333
DEPART. COUFFO,2017,Avril,4,136.75,7.0
DEPART. COUFFO,2017,Mai,5,98.61666666666667,10.666666666666666
DEPART. COUFFO,2017,Juin,6,175.4,12.166666666666666
DEPART. COUFFO,2017,Juillet,7,92.01666666666667,9.0
DEPART. COUFFO,2017,Août,8,70.60000000000001,7.833333333333333
DEPART. COUFFO,2017,Septembre,9,149.56666666666666,8.0
DEPART. COUFFO,2017,Octobre,10,101.26388888888887,6.722222222222221
DEPART. COUFFO,2017,Novembre,11,22.791666666666668,6.611111111111112
DEPART. COUFFO,2017,Décembre,12,27.125,3.5555555555555554
ADJARRA,2017,Janvier,1,10.0,1.0
ADJARRA,2017,Février,2,0.0,0.0
ADJARRA,2017,Mars,3,66.0,3.0
ADJARRA,2017,Avril,4,130.0,3.0
ADJARRA,2017,Mai,5,228.0,12.0
ADJARRA,2017,Juin,6,325.0,15.0
ADJARRA,2017,Juillet,7,198.0,10.0
ADJARRA,2017,Août,8,49.0,7.0
ADJARRA,2017,Septembre,9,123.0,4.0
ADJARRA,2017,Octobre,10,65.0,3.0
ADJARRA,2017,Novembre,11,60.0,2.0
ADJARRA,2017,Décembre,12,71.0,4.0
ADJOHOUN,2017,Janvier,1,24.0,1.0
ADJOHOUN,2017,Février,2,24.0,1.0
ADJOHOUN,2017,Mars,3,44.0,3.0
ADJOHOUN,2017,Avril,4,77.0,4.0
ADJOHOUN,2017,Mai,5,139.0,9.0
ADJOHOUN,2017,Juin,6,319.0,11.0
ADJOHOUN,2017,Juillet,7,197.0,7.0
ADJOHOUN,2017,Août,8,81.0,7.0
ADJOHOUN,2017,Septembre,9,75.0,4.0
ADJOHOUN,2017,Octobre,10,61.0,5.0
ADJOHOUN,2017,Novembre,11,41.0,1.0
ADJOHOUN,2017,Décembre,12,28.0,1.0
AGUEGUES,2017,Janvier,1,6.0,1.0
AGUEGUES,2017,Février,2,12.0,1.0
AGUEGUES,2017,Mars,3,85.0,3.0
AGUEGUES,2017,Avril,4,151.0,5.0
AGUEGUES,2017,Mai,5,150.0,6.0
AGUEGUES,2017,Juin,6,99.0,9.0
AGUEGUES,2017,Juillet,7,193.0,11.0
AGUEGUES,2017,Août,8,61.0,4.0
AGUEGUES,2017,Septembre,9,134.0,6.0
AGUEGUES,2017,Octobre,10,107.0,4.0
AGUEGUES,2017,Novembre,11,25.0,2.0
AGUEGUES,2017,Décembre,12,15.0,2.0
AKPRO-MISSERETE,2017,Janvier,1,30.0,2.0
AKPRO-MISSERETE,2017,Février,2,6.0,1.0
AKPRO-MISSERETE,2017,Mars,3,158.0,5.0
AKPRO-MISSERETE,2017,Avril,4,209.0,6.0
AKPRO-MISSERETE,2017,Mai,5,120.0,7.0
AKPRO-MISSERETE,2017,Juin,6,421.0,18.0
AKPRO-MISSERETE,2017,Juillet,7,157.0,12.0
AKPRO-MISSERETE,2017,Août,8,24.0,2.0
AKPRO-MISSERETE,2017,Septembre,9,83.0,4.0
AKPRO-MISSERETE,2017,Octobre,10,29.0,3.0
AKPRO-MISSERETE,2017,Novembre,11,11.0,1.0
AKPRO-MISSERETE,2017,Décembre,12,5.0,1.0
AVRANKOU,2017,Janvier,1,15.0,1.0
AVRANKOU,2017,Février,2,0.0,0.0
AVRANKOU,2017,Mars,3,48.0,2.0
AVRANKOU,2017,Avril,4,64.0,4.0
AVRANKOU,2017,Mai,5,171.0,10.0
AVRANKOU,2017,Juin,6,274.0,19.0
AVRANKOU,2017,Juillet,7,146.0,10.0
AVRANKOU,2017,Août,8,92.0,6.0
AVRANKOU,2017,Septembre,9,160.0,8.0
AVRANKOU,2017,Octobre,10,57.0,6.0
AVRANKOU,2017,Novembre,11,23.0,5.0
AVRANKOU,2017,Décembre,12,64.0,4.0
BONOU,2017,Janvier,1,11.0,1.0
BONOU,2017,Février,2,6.0,1.0
BONOU,2017,Mars,3,13.0,1.0
BONOU,2017,Avril,4,55.0,4.0
BONOU,2017,Mai,5,140.0,9.0
BONOU,2017,Juin,6,239.0,17.0
BONOU,2017,Juillet,7,97.0,8.0
BONOU,2017,Août,8,94.0,5.0
BONOU,2017,Septembre,9,145.0,5.0
BONOU,2017,Octobre,10,103.0,4.0
BONOU,2017,Novembre,11,31.0,2.0
BONOU,2017,Décembre,12,35.0,1.0
DANGBO,2017,Janvier,1,11.0,2.0
DANGBO,2017,Février,2,5.0,2.0
DANGBO,2017,Mars,3,32.0,4.0
DANGBO,2017,Avril,4,119.0,5.0
DANGBO,2017,Mai,5,162.0,9.0
DANGBO,2017,Juin,6,335.0,14.0
DANGBO,2017,Juillet,7,309.0,10.0
DANGBO,2017,Août,8,86.0,4.0
DANGBO,2017,Septembre,9,77.0,5.0
DANGBO,2017,Octobre,10,57.0,5.0
DANGBO,2017,Novembre,11,22.0,2.0
DANGBO,2017,Décembre,12,13.0,2.0
PORTO-NOVO,2017,Janvier,1,30.0,2.0
PORTO-NOVO,2017,Février,2,2.0,1.0
PORTO-NOVO,2017,Mars,3,73.0,7.0
PORTO-NOVO,2017,Avril,4,147.0,7.0
PORTO-NOVO,2017,Mai,5,226.0,11.0
PORTO-NOVO,2017,Juin,6,241.0,12.0
PORTO-NOVO,2017,Juillet,7,306.0,11.0
PORTO-NOVO,2017,Août,8,78.0,6.0
PORTO-NOVO,2017,Septembre,9,159.0,7.0
PORTO-NOVO,2017,Octobre,10,94.0,6.0
PORTO-NOVO,2017,Novembre,11,174.0,6.0
PORTO-NOVO,2017,Décembre,12,43.0,2.0
SEME-PODJI,2017,Janvier,1,18.0,2.0
SEME-PODJI,2017,Février,2,7.0,1.0
SEME-PODJI,2017,Mars,3,136.0,7.0
SEME-PODJI,2017,Avril,4,109.0,6.0
SEME-PODJI,2017,Mai,5,236.0,11.0
SEME-PODJI,2017,Juin,6,544.0,21.0
SEME-PODJI,2017,Juillet,7,246.0,13.0
SEME-PODJI,2017,Août,8,23.0,8.0
SEME-PODJI,2017,Septembre,9,172.0,10.0
SEME-PODJI,2017,Octobre,10,63.0,4.0
SEME-PODJI,2017,Novembre,11,47.0,7.0
SEME-PODJI,2017,Décembre,12,24.0,3.0
DEPART. OUEME,2017,Janvier,1,19.0,1.0
DEPART. OUEME,2017,Février,2,9.0,1.0
DEPART. OUEME,2017,Mars,3,75.0,4.0
DEPART. OUEME,2017,Avril,4,116.0,5.0
DEPART. OUEME,2017,Mai,5,171.0,9.0
DEPART. OUEME,2017,Juin,6,325.0,15.0
DEPART. OUEME,2017,Juillet,7,203.0,10.0
DEPART. OUEME,2017,Août,8,65.0,6.0
DEPART. OUEME,2017,Septembre,9,122.0,6.0
DEPART. OUEME,2017,Octobre,10,70.0,4.0
DEPART. OUEME,2017,Novembre,11,52.0,3.0
DEPART. OUEME,2017,Décembre,12,31.0,2.0
ADJA-OUERE,2017,Janvier,1,66.9,2.0
ADJA-OUERE,2017,Février,2,18.0,1.5
ADJA-OUERE,2017,Mars,3,112.2,3.0
ADJA-OUERE,2017,Avril,4,127.75,5.5
ADJA-OUERE,2017,Mai,5,197.05,8.5
ADJA-OUERE,2017,Juin,6,198.8,8.5
ADJA-OUERE,2017,Juillet,7,93.9,2.5
ADJA-OUERE,2017,Août,8,88.75,5.0
ADJA-OUERE,2017,Septembre,9,81.25,2.5
ADJA-OUERE,2017,Octobre,10,39.35,2.5
ADJA-OUERE,2017,Novembre,11,47.45,2.5
ADJA-OUERE,2017,Décembre,12,0.0,0.0
IFANGNI,2017,Janvier,1,4.0,1.0
IFANGNI,2017,Février,2,0.0,0.0
IFANGNI,2017,Mars,3,79.0,3.0
IFANGNI,2017,Avril,4,66.5,3.0
IFANGNI,2017,Mai,5,51.0,2.0
IFANGNI,2017,Juin,6,358.2,11.0
IFANGNI,2017,Juillet,7,173.3,4.0
IFANGNI,2017,Août,8,29.0,3.0
IFANGNI,2017,Septembre,9,140.7,5.0
IFANGNI,2017,Octobre,10,62.5,4.0
IFANGNI,2017,Novembre,11,47.9,3.0
IFANGNI,2017,Décembre,12,0.0,0.0
KETOU,2017,Janvier,1,0.0,0.0
KETOU,2017,Février,2,3.4,0.6
KETOU,2017,Mars,3,42.8,3.6
KETOU,2017,Avril,4,166.0,7.0
KETOU,2017,Mai,5,94.0,4.8
KETOU,2017,Juin,6,257.0,9.8
KETOU,2017,Juillet,7,118.8,6.6
KETOU,2017,Août,8,54.0,4.0
KETOU,2017,Septembre,9,100.2,10.6
KETOU,2017,Octobre,10,75.4,4.8
KETOU,2017,Novembre,11,3.0,0.6
KETOU,2017,Décembre,12,0.0,0.0
POBE,2017,Janvier,1,20.83,1.0
POBE,2017,Février,2,0.0,0.0
POBE,2017,Mars,3,51.47,7.0
POBE,2017,Avril,4,158.0,10.0
POBE,2017,Mai,5,173.87,17.0
POBE,2017,Juin,6,219.33,16.0
POBE,2017,Juillet,7,120.67,7.0
POBE,2017,Août,8,97.47,12.0
POBE,2017,Septembre,9,110.2,12.0
POBE,2017,Octobre,10,61.17,4.0
POBE,2017,Novembre,11,3.67,0.0
POBE,2017,Décembre,12,0.0,0.0
SAKETE,2017,Janvier,1,0.0,0.0
SAKETE,2017,Février,2,39.45,2.25
SAKETE,2017,Mars,3,58.26,4.25
SAKETE,2017,Avril,4,124.3,6.0
SAKETE,2017,Mai,5,117.63,8.5
SAKETE,2017,Juin,6,193.95,9.5
SAKETE,2017,Juillet,7,93.43,5.75
SAKETE,2017,Août,8,73.5,7.0
SAKETE,2017,Septembre,9,97.06,4.75
SAKETE,2017,Octobre,10,42.94,3.5
SAKETE,2017,Novembre,11,15.25,1.75
SAKETE,2017,Décembre,12,0.0,0.0
DEPART. PLATEAU,2017,Janvier,1,13.35,0.53
DEPART. PLATEAU,2017,Février,2,14.05,1.0
DEPART. PLATEAU,2017,Mars,3,60.32,4.27
DEPART. PLATEAU,2017,Avril,4,141.55,6.87
DEPART. PLATEAU,2017,Mai,5,127.15,8.6
DEPART. PLATEAU,2017,Juin,6,231.64,10.93
DEPART. PLATEAU,2017,Juillet,7,112.72,5.73
DEPART. PLATEAU,2017,Août,8,70.86,6.4
DEPART. PLATEAU,2017,Septembre,9,101.54,7.87
DEPART. PLATEAU,2017,Octobre,10,58.23,3.87
DEPART. PLATEAU,2017,Novembre,11,15.32,1.27
DEPART. PLATEAU,2017,Décembre,12,0.0,0.0
ABOMEY-CALAVI,2017,Janvier,1,15.0,3.0
ABOMEY-CALAVI,2017,Février,2,0.0,0.0
ABOMEY-CALAVI,2017,Mars,3,144.0,3.0
ABOMEY-CALAVI,2017,Avril,4,146.0,7.0
ABOMEY-CALAVI,2017,Mai,5,200.0,7.0
ABOMEY-CALAVI,2017,Juin,6,125.0,6.0
ABOMEY-CALAVI,2017,Juillet,7,70.0,3.0
ABOMEY-CALAVI,2017,Août,8,0.0,0.0
ABOMEY-CALAVI,2017,Septembre,9,52.0,2.0
ABOMEY-CALAVI,2017,Octobre,10,116.0,4.0
ABOMEY-CALAVI,2017,Novembre,11,43.0,2.0
ABOMEY-CALAVI,2017,Décembre,12,0.0,0.0
ALLADA,2017,Janvier,1,10.0,2.0
ALLADA,2017,Février,2,0.0,0.0
ALLADA,2017,Mars,3,158.0,4.0
ALLADA,2017,Avril,4,175.0,6.0
ALLADA,2017,Mai,5,200.0,7.0
ALLADA,2017,Juin,6,135.0,5.0
ALLADA,2017,Juillet,7,75.0,3.0
ALLADA,2017,Août,8,30.0,5.0
ALLADA,2017,Septembre,9,24.63,3.0
ALLADA,2017,Octobre,10,125.0,5.0
ALLADA,2017,Novembre,11,83.0,6.0
ALLADA,2017,Décembre,12,0.0,0.0
KPOMASSE,2017,Janvier,1,0.0,0.0
KPOMASSE,2017,Février,2,0.0,0.0
KPOMASSE,2017,Mars,3,136.0,4.0
KPOMASSE,2017,Avril,4,173.0,5.0
KPOMASSE,2017,Mai,5,210.0,5.0
KPOMASSE,2017,Juin,6,125.0,7.0
KPOMASSE,2017,Juillet,7,35.0,3.0
KPOMASSE,2017,Août,8,0.0,0.0
KPOMASSE,2017,Septembre,9,90.5,5.0
KPOMASSE,2017,Octobre,10,151.0,6.0
KPOMASSE,2017,Novembre,11,64.0,6.0
KPOMASSE,2017,Décembre,12,0.0,0.0
OUIDAH,2017,Janvier,1,0.0,0.0
OUIDAH,2017,Février,2,0.0,0.0
OUIDAH,2017,Mars,3,124.0,4.0
OUIDAH,2017,Avril,4,151.5,5.5
OUIDAH,2017,Mai,5,205.0,8.5
OUIDAH,2017,Juin,6,157.5,4.5
OUIDAH,2017,Juillet,7,45.5,2.5
OUIDAH,2017,Août,8,25.3,4.5
OUIDAH,2017,Septembre,9,132.55,7.5
OUIDAH,2017,Octobre,10,147.1,7.0
OUIDAH,2017,Novembre,11,75.05,6.5
OUIDAH,2017,Décembre,12,0.0,0.0
SO-AVA,2017,Janvier,1,9.0,2.0
SO-AVA,2017,Février,2,0.0,0.0
SO-AVA,2017,Mars,3,150.0,5.0
SO-AVA,2017,Avril,4,166.0,7.0
SO-AVA,2017,Mai,5,200.0,9.0
SO-AVA,2017,Juin,6,140.0,8.0
SO-AVA,2017,Juillet,7,75.0,4.0
SO-AVA,2017,Août,8,16.0,3.0
SO-AVA,2017,Septembre,9,232.38,8.0
SO-AVA,2017,Octobre,10,120.0,4.0
SO-AVA,2017,Novembre,11,77.0,7.0
SO-AVA,2017,Décembre,12,0.0,0.0
TOFFO,2017,Janvier,1,5.0,0.5
TOFFO,2017,Février,2,0.0,0.0
TOFFO,2017,Mars,3,125.0,4.5
TOFFO,2017,Avril,4,139.5,5.5
TOFFO,2017,Mai,5,200.5,9.0
TOFFO,2017,Juin,6,150.5,8.5
TOFFO,2017,Juillet,7,46.0,5.0
TOFFO,2017,Août,8,22.5,3.5
TOFFO,2017,Septembre,9,76.5,4.0
TOFFO,2017,Octobre,10,171.03,7.5
TOFFO,2017,Novembre,11,88.5,5.0
TOFFO,2017,Décembre,12,0.0,0.0
TORI-BOSSITO,2017,Janvier,1,7.5,1.0
TORI-BOSSITO,2017,Février,2,0.0,0.0
TORI-BOSSITO,2017,Mars,3,145.0,7.0
TORI-BOSSITO,2017,Avril,4,147.0,7.0
TORI-BOSSITO,2017,Mai,5,217.0,9.5
TORI-BOSSITO,2017,Juin,6,176.0,10.0
TORI-BOSSITO,2017,Juillet,7,72.75,5.0
TORI-BOSSITO,2017,Août,8,26.5,4.0
TORI-BOSSITO,2017,Septembre,9,83.8,2.5
TORI-BOSSITO,2017,Octobre,10,276.975,11.0
TORI-BOSSITO,2017,Novembre,11,123.0,7.0
TORI-BOSSITO,2017,Décembre,12,0.0,0.0
ZE,2017,Janvier,1,19.6,4.0
ZE,2017,Février,2,0.0,0.0
ZE,2017,Mars,3,153.0,6.0
ZE,2017,Avril,4,138.0,6.0
ZE,2017,Mai,5,213.5,9.0
ZE,2017,Juin,6,193.0,10.0
ZE,2017,Juillet,7,90.0,3.0
ZE,2017,Août,8,0.0,0.0
ZE,2017,Septembre,9,58.0,7.0
ZE,2017,Octobre,10,162.0,6.0
ZE,2017,Novembre,11,130.8,6.0
ZE,2017,Décembre,12,0.0,0.0
DEPART. ATLANTIQUE,2017,Janvier,1,7.145454545454545,1.2727272727272727
DEPART. ATLANTIQUE,2017,Février,2,0.0,0.0
DEPART. ATLANTIQUE,2017,Mars,3,139.0,4.818181818181818
DEPART. ATLANTIQUE,2017,Avril,4,152.1818181818182,6.090909090909091
DEPART. ATLANTIQUE,2017,Mai,5,206.22727272727272,8.272727272727273
DEPART. ATLANTIQUE,2017,Juin,6,153.27272727272728,7.454545454545454
DEPART. ATLANTIQUE,2017,Juillet,7,61.22727272727273,3.727272727272727
DEPART. ATLANTIQUE,2017,Août,8,17.69090909090909,2.909090909090909
DEPART. ATLANTIQUE,2017,Septembre,9,94.83727272727273,4.818181818181818
DEPART. ATLANTIQUE,2017,Octobre,10,169.47363636363636,6.909090909090909
DEPART. ATLANTIQUE,2017,Novembre,11,88.26363636363637,5.818181818181818
DEPART. ATLANTIQUE,2017,Décembre,12,0.0,0.0
COTONOU,2017,Janvier,1,8.5,4.0
COTONOU,2017,Février,2,0.0,0.0
COTONOU,2017,Mars,3,67.0,8.0
COTONOU,2017,Avril,4,69.8,8.0
COTONOU,2017,Mai,5,178.0,15.0
COTONOU,2017,Juin,6,487.0,23.0
COTONOU,2017,Juillet,7,193.0,13.0
COTONOU,2017,Août,8,102.1,13.0
COTONOU,2017,Septembre,9,156.7,12.0
COTONOU,2017,Octobre,10,21.0,5.0
COTONOU,2017,Novembre,11,47.0,8.0
COTONOU,2017,Décembre,12,15.2,1.0
DEPART. LITTORAL,2017,Janvier,1,8.5,4.0
DEPART. LITTORAL,2017,Février,2,0.0,0.0
DEPART. LITTORAL,2017,Mars,3,67.0,8.0
DEPART. LITTORAL,2017,Avril,4,69.8,8.0
DEPART. LITTORAL,2017,Mai,5,178.0,15.0
DEPART. LITTORAL,2017,Juin,6,487.0,23.0
DEPART. LITTORAL,2017,Juillet,7,193.0,13.0
DEPART. LITTORAL,2017,Août,8,102.1,13.0
DEPART. LITTORAL,2017,Septembre,9,156.7,12.0
DEPART. LITTORAL,2017,Octobre,10,21.0,5.0
DEPART. LITTORAL,2017,Novembre,11,47.0,8.0
DEPART. LITTORAL,2017,Décembre,12,15.2,1.0
BENIN,2017,Janvier,1,6.720732323232323,0.9141161616161616
BENIN,2017,Février,2,4.885555555555555,0.638888888888889
BENIN,2017,Mars,3,49.55607638888889,3.4726262626262625
BENIN,2017,Avril,4,92.6835890151515,5.1842424242424245
BENIN,2017,Mai,5,142.29690391308037,8.763699494949494
BENIN,2017,Juin,6,230.02215607309358,11.848017676767677
BENIN,2017,Juillet,7,158.41980744949495,8.361022727272728
BENIN,2017,Août,8,114.26163277511962,7.834785353535355
BENIN,2017,Septembre,9,107.81980744949495,7.088598484848485
BENIN,2017,Octobre,10,52.45010627104377,3.770942760942761
BENIN,2017,Novembre,11,24.312941919191918,2.641607744107744
BENIN,2017,Décembre,12,6.357083333333333,0.6296296296296297
BEMBEREKE,2018,Janvier,1,0.0,0.0
BEMBEREKE,2018,Février,2,0.0,0.0
BEMBEREKE,2018,Mars,3,0.0,0.0
BEMBEREKE,2018,Avril,4,21.0,2.0
BEMBEREKE,2018,Mai,5,82.55000000000001,4.0
BEMBEREKE,2018,Juin,6,110.5,7.0
BEMBEREKE,2018,Juillet,7,284.975,12.0
BEMBEREKE,2018,Août,8,399.525,9.0
BEMBEREKE,2018,Septembre,9,354.125,12.0
BEMBEREKE,2018,Octobre,10,65.525,5.0
BEMBEREKE,2018,Novembre,11,0.0,0.0
BEMBEREKE,2018,Décembre,12,0.0,0.0
KALALE,2018,Janvier,1,0.0,0.0
KALALE,2018,Février,2,10.99,2.0
KALALE,2018,Mars,3,0.0,0.0
KALALE,2018,Avril,4,24.0,2.0
KALALE,2018,Mai,5,77.5,6.0
KALALE,2018,Juin,6,111.5,7.0
KALALE,2018,Juillet,7,284.0,10.0
KALALE,2018,Août,8,438.5,13.0
KALALE,2018,Septembre,9,484.03499999999997,13.0
KALALE,2018,Octobre,10,195.25,6.0
KALALE,2018,Novembre,11,0.0,0.0
KALALE,2018,Décembre,12,0.0,0.0
N'DALI,2018,Janvier,1,0.0,0.0
N'DALI,2018,Février,2,15.166666666666666,3.0
N'DALI,2018,Mars,3,0.0,0.0
N'DALI,2018,Avril,4,37.666666666666664,3.0
N'DALI,2018,Mai,5,64.0,5.0
N'DALI,2018,Juin,6,78.0,7.0
N'DALI,2018,Juillet,7,275.5,10.0
N'DALI,2018,Août,8,348.1666666666667,12.0
N'DALI,2018,Septembre,9,337.66666666666663,14.0
N'DALI,2018,Octobre,10,70.0,4.0
N'DALI,2018,Novembre,11,0.0,0.0
N'DALI,2018,Décembre,12,0.0,0.0
NIKKI,2018,Janvier,1,0.0,0.0
NIKKI,2018,Février,2,4.5,2.0
NIKKI,2018,Mars,3,0.0,0.0
NIKKI,2018,Avril,4,75.75,5.0
NIKKI,2018,Mai,5,84.25,5.0
NIKKI,2018,Juin,6,147.625,7.0
NIKKI,2018,Juillet,7,268.0,14.0
NIKKI,2018,Août,8,342.5,10.0
NIKKI,2018,Septembre,9,252.675,14.0
NIKKI,2018,Octobre,10,112.0,5.0
NIKKI,2018,Novembre,11,0.0,0.0
NIKKI,2018,Décembre,12,0.0,0.0
PARAKOU,2018,Janvier,1,0.0,0.0
PARAKOU,2018,Février,2,11.214285714285715,4.0
PARAKOU,2018,Mars,3,0.0,0.0
PARAKOU,2018,Avril,4,27.299999999999997,4.0
PARAKOU,2018,Mai,5,60.62285714285715,7.0
PARAKOU,2018,Juin,6,134.12857142857143,8.0
PARAKOU,2018,Juillet,7,276.1657142857143,12.0
PARAKOU,2018,Août,8,277.0,10.0
PARAKOU,2018,Septembre,9,259.1142857142857,13.0
PARAKOU,2018,Octobre,10,106.0,6.0
PARAKOU,2018,Novembre,11,0.0,0.0
PARAKOU,2018,Décembre,12,0.0,0.0
PERERE,2018,Janvier,1,0.0,0.0
PERERE,2018,Février,2,9.0,2.0
PERERE,2018,Mars,3,0.0,0.0
PERERE,2018,Avril,4,46.0,4.0
PERERE,2018,Mai,5,23.0,1.0
PERERE,2018,Juin,6,61.0,6.0
PERERE,2018,Juillet,7,303.0,12.0
PERERE,2018,Août,8,365.0,12.0
PERERE,2018,Septembre,9,393.0,13.0
PERERE,2018,Octobre,10,70.0,3.0
PERERE,2018,Novembre,11,0.0,0.0
PERERE,2018,Décembre,12,0.0,0.0
SINENDE,2018,Janvier,1,0.0,0.0
SINENDE,2018,Février,2,20.8,4.0
SINENDE,2018,Mars,3,0.0,0.0
SINENDE,2018,Avril,4,45.839999999999996,4.0
SINENDE,2018,Mai,5,111.72,8.0
SINENDE,2018,Juin,6,130.2,9.0
SINENDE,2018,Juillet,7,248.3,10.0
SINENDE,2018,Août,8,378.9,10.0
SINENDE,2018,Septembre,9,271.56,9.0
SINENDE,2018,Octobre,10,116.6,5.0
SINENDE,2018,Novembre,11,0.0,0.0
SINENDE,2018,Décembre,12,0.0,0.0
TCHAOUROU,2018,Janvier,1,0.0,0.0
TCHAOUROU,2018,Février,2,13.333333333333334,4.0
TCHAOUROU,2018,Mars,3,0.0,0.0
TCHAOUROU,2018,Avril,4,26.333333333333336,4.0
TCHAOUROU,2018,Mai,5,61.16666666666667,6.0
TCHAOUROU,2018,Juin,6,146.26666666666665,9.0
TCHAOUROU,2018,Juillet,7,273.6666666666667,13.0
TCHAOUROU,2018,Août,8,216.33333333333334,7.0
TCHAOUROU,2018,Septembre,9,286.0966666666667,12.0
TCHAOUROU,2018,Octobre,10,38.96666666666667,2.0
TCHAOUROU,2018,Novembre,11,0.0,0.0
TCHAOUROU,2018,Décembre,12,0.0,0.0
DEPART. BORGOU,2018,Janvier,1,0.0,0.0
DEPART. BORGOU,2018,Février,2,9.92015306122449,4.0
DEPART. BORGOU,2018,Mars,3,0.0,0.0
DEPART. BORGOU,2018,Avril,4,38.97107142857143,5.0
DEPART. BORGOU,2018,Mai,5,79.58105442176871,7.0
DEPART. BORGOU,2018,Juin,6,120.39000850340136,8.0
DEPART. BORGOU,2018,Juillet,7,275.78597789115645,12.0
DEPART. BORGOU,2018,Août,8,339.5544642857143,11.0
DEPART. BORGOU,2018,Septembre,9,309.3168792517007,13.0
DEPART. BORGOU,2018,Octobre,10,100.51577380952384,6.0
DEPART. BORGOU,2018,Novembre,11,0.0,0.0
DEPART. BORGOU,2018,Décembre,12,0.0,0.0
BANIKOARA,2018,Janvier,1,0.0,0.0
BANIKOARA,2018,Février,2,0.0,0.0
BANIKOARA,2018,Mars,3,0.0,0.0
BANIKOARA,2018,Avril,4,0.0,0.0
BANIKOARA,2018,Mai,5,84.78,3.0
BANIKOARA,2018,Juin,6,134.57833333333335,7.0
BANIKOARA,2018,Juillet,7,283.99333333333334,13.0
BANIKOARA,2018,Août,8,383.5,16.0
BANIKOARA,2018,Septembre,9,220.5,13.0
BANIKOARA,2018,Octobre,10,74.5,4.666666666666667
BANIKOARA,2018,Novembre,11,0.0,0.0
BANIKOARA,2018,Décembre,12,0.0,0.0
GOGOUNOU,2018,Janvier,1,0.0,0.0
GOGOUNOU,2018,Février,2,0.0,0.0
GOGOUNOU,2018,Mars,3,0.0,0.0
GOGOUNOU,2018,Avril,4,0.0,0.0
GOGOUNOU,2018,Mai,5,116.4,6.0
GOGOUNOU,2018,Juin,6,124.83333333333333,9.0
GOGOUNOU,2018,Juillet,7,192.47,14.0
GOGOUNOU,2018,Août,8,309.5833333333333,14.0
GOGOUNOU,2018,Septembre,9,279.93,13.0
GOGOUNOU,2018,Octobre,10,83.69666666666666,6.0
GOGOUNOU,2018,Novembre,11,0.0,0.0
GOGOUNOU,2018,Décembre,12,0.0,0.0
KANDI,2018,Janvier,1,0.0,0.0
KANDI,2018,Février,2,0.0,0.0
KANDI,2018,Mars,3,0.0,0.0
KANDI,2018,Avril,4,0.0,0.0
KANDI,2018,Mai,5,62.5,4.0
KANDI,2018,Juin,6,120.0125,7.0
KANDI,2018,Juillet,7,221.0,10.0
KANDI,2018,Août,8,227.875,11.0
KANDI,2018,Septembre,9,223.75,12.0
KANDI,2018,Octobre,10,76.0,5.0
KANDI,2018,Novembre,11,0.0,0.0
KANDI,2018,Décembre,12,0.0,0.0
KARIMAMA,2018,Janvier,1,0.0,0.0
KARIMAMA,2018,Février,2,0.0,0.0
KARIMAMA,2018,Mars,3,0.0,0.0
KARIMAMA,2018,Avril,4,0.0,0.0
KARIMAMA,2018,Mai,5,55.0,4.0
KARIMAMA,2018,Juin,6,98.0,3.0
KARIMAMA,2018,Juillet,7,197.5,8.0
KARIMAMA,2018,Août,8,234.0,8.0
KARIMAMA,2018,Septembre,9,217.0,12.0
KARIMAMA,2018,Octobre,10,74.8,5.0
KARIMAMA,2018,Novembre,11,0.0,0.0
KARIMAMA,2018,Décembre,12,0.0,0.0
MALANVILLE,2018,Janvier,1,0.0,0.0
MALANVILLE,2018,Février,2,0.0,0.0
MALANVILLE,2018,Mars,3,0.0,0.0
MALANVILLE,2018,Avril,4,0.0,0.0
MALANVILLE,2018,Mai,5,88.85,6.0
MALANVILLE,2018,Juin,6,136.5,7.0
MALANVILLE,2018,Juillet,7,293.3,10.0
MALANVILLE,2018,Août,8,382.5,11.0
MALANVILLE,2018,Septembre,9,191.75,14.0
MALANVILLE,2018,Octobre,10,80.5,3.5
MALANVILLE,2018,Novembre,11,0.0,0.0
MALANVILLE,2018,Décembre,12,0.0,0.0
SEGBANA,2018,Janvier,1,0.0,0.0
SEGBANA,2018,Février,2,0.0,0.0
SEGBANA,2018,Mars,3,0.0,0.0
SEGBANA,2018,Avril,4,0.0,0.0
SEGBANA,2018,Mai,5,81.3,8.0
SEGBANA,2018,Juin,6,192.2,13.0
SEGBANA,2018,Juillet,7,344.4,20.0
SEGBANA,2018,Août,8,426.09999999999997,18.0
SEGBANA,2018,Septembre,9,204.5,11.0
SEGBANA,2018,Octobre,10,50.0,3.0
SEGBANA,2018,Novembre,11,0.0,0.0
SEGBANA,2018,Décembre,12,0.0,0.0
DEPART. ALIBORI,2018,Janvier,1,0.0,0.0
DEPART. ALIBORI,2018,Février,2,0.0,0.0
DEPART. ALIBORI,2018,Mars,3,0.0,0.0
DEPART. ALIBORI,2018,Avril,4,0.0,0.0
DEPART. ALIBORI,2018,Mai,5,83.64000000000001,5.0
DEPART. ALIBORI,2018,Juin,6,130.89529411764707,9.0
DEPART. ALIBORI,2018,Juillet,7,252.5805882352941,13.0
DEPART. ALIBORI,2018,Août,8,327.4323529411765,15.0
DEPART. ALIBORI,2018,Septembre,9,227.22294117647058,13.0
DEPART. ALIBORI,2018,Octobre,10,85.6661111111111,7.0
DEPART. ALIBORI,2018,Novembre,11,0.0,0.0
DEPART. ALIBORI,2018,Décembre,12,0.0,0.0
BOUKOUMBE,2018,Janvier,1,0.0,0.0
BOUKOUMBE,2018,Février,2,28.4,4.0
BOUKOUMBE,2018,Mars,3,32.1,3.0
BOUKOUMBE,2018,Avril,4,34.5,2.0
BOUKOUMBE,2018,Mai,5,155.56,2.0
BOUKOUMBE,2018,Juin,6,70.78999999999999,8.0
BOUKOUMBE,2018,Juillet,7,103.6,5.0
BOUKOUMBE,2018,Août,8,142.9,7.0
BOUKOUMBE,2018,Septembre,9,106.5,6.0
BOUKOUMBE,2018,Octobre,10,58.300000000000004,7.0
BOUKOUMBE,2018,Novembre,11,0.0,0.0
BOUKOUMBE,2018,Décembre,12,0.0,0.0
COBLY,2018,Janvier,1,0.0,0.0
COBLY,2018,Février,2,25.0,1.0
COBLY,2018,Mars,3,22.0,2.0
COBLY,2018,Avril,4,9.0,1.0
COBLY,2018,Mai,5,156.6,6.0
COBLY,2018,Juin,6,26.5,4.0
COBLY,2018,Juillet,7,192.65,7.0
COBLY,2018,Août,8,262.5,9.0
COBLY,2018,Septembre,9,296.7,19.0
COBLY,2018,Octobre,10,139.0,11.0
COBLY,2018,Novembre,11,0.0,0.0
COBLY,2018,Décembre,12,0.0,0.0
KEROU,2018,Janvier,1,0.0,0.0
KEROU,2018,Février,2,7.4,2.0
KEROU,2018,Mars,3,84.3,2.0
KEROU,2018,Avril,4,16.2,2.0
KEROU,2018,Mai,5,189.8,8.0
KEROU,2018,Juin,6,121.50000000000001,7.0
KEROU,2018,Juillet,7,234.8,14.0
KEROU,2018,Août,8,327.7,18.0
KEROU,2018,Septembre,9,116.3,12.0
KEROU,2018,Octobre,10,100.1,7.0
KEROU,2018,Novembre,11,0.0,0.0
KEROU,2018,Décembre,12,0.0,0.0
KOUANDE,2018,Janvier,1,0.0,0.0
KOUANDE,2018,Février,2,25.3,2.0
KOUANDE,2018,Mars,3,26.8,2.0
KOUANDE,2018,Avril,4,87.71000000000001,5.0
KOUANDE,2018,Mai,5,73.2,7.0
KOUANDE,2018,Juin,6,68.9,9.0
KOUANDE,2018,Juillet,7,208.39999999999998,15.0
KOUANDE,2018,Août,8,260.3,17.0
KOUANDE,2018,Septembre,9,226.0,17.0
KOUANDE,2018,Octobre,10,103.10000000000001,10.0
KOUANDE,2018,Novembre,11,0.0,0.0
KOUANDE,2018,Décembre,12,0.0,0.0
MATERI,2018,Janvier,1,0.0,0.0
MATERI,2018,Février,2,26.8,1.0
MATERI,2018,Mars,3,19.4,3.0
MATERI,2018,Avril,4,10.5,1.0
MATERI,2018,Mai,5,166.9,6.0
MATERI,2018,Juin,6,129.9,9.0
MATERI,2018,Juillet,7,172.8,9.0
MATERI,2018,Août,8,386.62,11.0
MATERI,2018,Septembre,9,285.7,12.0
MATERI,2018,Octobre,10,78.75999999999999,7.0
MATERI,2018,Novembre,11,0.0,0.0
MATERI,2018,Décembre,12,0.0,0.0
NATITINGOU,2018,Janvier,1,0.0,0.0
NATITINGOU,2018,Février,2,4.2,1.0
NATITINGOU,2018,Mars,3,0.0,0.0
NATITINGOU,2018,Avril,4,0.0,0.0
NATITINGOU,2018,Mai,5,187.0,10.0
NATITINGOU,2018,Juin,6,126.5,5.0
NATITINGOU,2018,Juillet,7,84.0,9.0
NATITINGOU,2018,Août,8,249.9,12.0
NATITINGOU,2018,Septembre,9,223.0,11.0
NATITINGOU,2018,Octobre,10,57.0,5.0
NATITINGOU,2018,Novembre,11,0.0,0.0
NATITINGOU,2018,Décembre,12,0.0,0.0
PEHUNCO,2018,Janvier,1,0.0,0.0
PEHUNCO,2018,Février,2,5.6,2.0
PEHUNCO,2018,Mars,3,28.900000000000002,4.0
PEHUNCO,2018,Avril,4,39.7,4.0
PEHUNCO,2018,Mai,5,176.2,10.0
PEHUNCO,2018,Juin,6,135.8,9.0
PEHUNCO,2018,Juillet,7,308.40000000000003,15.0
PEHUNCO,2018,Août,8,368.9,19.0
PEHUNCO,2018,Septembre,9,194.0,13.0
PEHUNCO,2018,Octobre,10,42.5,4.0
PEHUNCO,2018,Novembre,11,0.0,0.0
PEHUNCO,2018,Décembre,12,0.0,0.0
TANGUIETA,2018,Janvier,1,0.0,0.0
TANGUIETA,2018,Février,2,7.6,1.0
TANGUIETA,2018,Mars,3,27.3,4.0
TANGUIETA,2018,Avril,4,33.9,4.0
TANGUIETA,2018,Mai,5,157.0,10.0
TANGUIETA,2018,Juin,6,74.9,8.0
TANGUIETA,2018,Juillet,7,282.5,15.0
TANGUIETA,2018,Août,8,192.89999999999998,17.0
TANGUIETA,2018,Septembre,9,192.2,15.0
TANGUIETA,2018,Octobre,10,32.2,4.0
TANGUIETA,2018,Novembre,11,0.0,0.0
TANGUIETA,2018,Décembre,12,0.0,0.0
TOUCOUNTOUNA,2018,Janvier,1,0.0,0.0
TOUCOUNTOUNA,2018,Février,2,5.0,1.0
TOUCOUNTOUNA,2018,Mars,3,0.0,0.0
TOUCOUNTOUNA,2018,Avril,4,9.2,1.0
TOUCOUNTOUNA,2018,Mai,5,187.0,10.0
TOUCOUNTOUNA,2018,Juin,6,119.19999999999999,10.0
TOUCOUNTOUNA,2018,Juillet,7,180.68,9.0
TOUCOUNTOUNA,2018,Août,8,233.2,10.0
TOUCOUNTOUNA,2018,Septembre,9,251.4,12.0
TOUCOUNTOUNA,2018,Octobre,10,82.7,3.0
TOUCOUNTOUNA,2018,Novembre,11,0.0,0.0
TOUCOUNTOUNA,2018,Décembre,12,0.0,0.0
DEPART. ATACORA,2018,Janvier,1,0.0,0.0
DEPART. ATACORA,2018,Février,2,20.046666666666667,3.0
DEPART. ATACORA,2018,Mars,3,28.2,3.0
DEPART. ATACORA,2018,Avril,4,26.745555555555555,3.0
DEPART. ATACORA,2018,Mai,5,162.59833333333336,8.0
DEPART. ATACORA,2018,Juin,6,97.11000000000001,9.0
DEPART. ATACORA,2018,Juillet,7,196.42555555555555,13.0
DEPART. ATACORA,2018,Août,8,269.43555555555554,15.0
DEPART. ATACORA,2018,Septembre,9,210.20000000000002,15.0
DEPART. ATACORA,2018,Octobre,10,78.23444444444445,8.0
DEPART. ATACORA,2018,Novembre,11,0.0,0.0
DEPART. ATACORA,2018,Décembre,12,0.0,0.0
BASSILA,2018,Janvier,1,0.0,0.0
BASSILA,2018,Février,2,16.0,2.0
BASSILA,2018,Mars,3,12.0,2.0
BASSILA,2018,Avril,4,38.0,2.0
BASSILA,2018,Mai,5,94.0,7.0
BASSILA,2018,Juin,6,105.13333333333333,10.0
BASSILA,2018,Juillet,7,215.39999999999998,16.0
BASSILA,2018,Août,8,221.71666666666667,13.0
BASSILA,2018,Septembre,9,297.3333333333333,17.0
BASSILA,2018,Octobre,10,77.13333333333333,8.0
BASSILA,2018,Novembre,11,0.0,0.0
BASSILA,2018,Décembre,12,0.0,0.0
COPARGO,2018,Janvier,1,0.0,0.0
COPARGO,2018,Février,2,10.333333333333334,1.0
COPARGO,2018,Mars,3,12.0,2.0
COPARGO,2018,Avril,4,38.0,2.0
COPARGO,2018,Mai,5,67.4388888888889,7.0
COPARGO,2018,Juin,6,143.25388888888887,11.0
COPARGO,2018,Juillet,7,233.8884615384615,14.0
COPARGO,2018,Août,8,229.50576923076923,12.0
COPARGO,2018,Septembre,9,248.9333333333333,14.0
COPARGO,2018,Octobre,10,82.39545454545454,8.0
COPARGO,2018,Novembre,11,0.0,0.0
COPARGO,2018,Décembre,12,0.0,0.0
DJOUGOU,2018,Janvier,1,0.0,0.0
DJOUGOU,2018,Février,2,15.0,1.0
DJOUGOU,2018,Mars,3,12.0,2.0
DJOUGOU,2018,Avril,4,38.0,2.0
DJOUGOU,2018,Mai,5,51.333333333333336,4.0
DJOUGOU,2018,Juin,6,163.89999999999998,10.0
DJOUGOU,2018,Juillet,7,308.89,13.0
DJOUGOU,2018,Août,8,289.02,12.0
DJOUGOU,2018,Septembre,9,237.04000000000002,11.0
DJOUGOU,2018,Octobre,10,82.25000000000001,8.0
DJOUGOU,2018,Novembre,11,0.0,0.0
DJOUGOU,2018,Décembre,12,0.0,0.0
OUAKE,2018,Janvier,1,0.0,0.0
OUAKE,2018,Février,2,0.0,0.0
OUAKE,2018,Mars,3,0.0,0.0
OUAKE,2018,Avril,4,0.0,0.0
OUAKE,2018,Mai,5,78.6,6.0
OUAKE,2018,Juin,6,77.35000000000001,8.0
OUAKE,2018,Juillet,7,87.4,3.0
OUAKE,2018,Août,8,150.7,8.0
OUAKE,2018,Septembre,9,235.2,12.0
OUAKE,2018,Octobre,10,72.0,7.0
OUAKE,2018,Novembre,11,0.0,0.0
OUAKE,2018,Décembre,12,0.0,0.0
DEPART. DONGA,2018,Janvier,1,0.0,0.0
DEPART. DONGA,2018,Février,2,10.333333333333334,1.0
DEPART. DONGA,2018,Mars,3,12.0,2.0
DEPART. DONGA,2018,Avril,4,38.0,2.0
DEPART. DONGA,2018,Mai,5,67.4388888888889,7.0
DEPART. DONGA,2018,Juin,6,143.25388888888887,11.0
DEPART. DONGA,2018,Juillet,7,233.8884615384615,14.0
DEPART. DONGA,2018,Août,8,229.50576923076923,12.0
DEPART. DONGA,2018,Septembre,9,248.9333333333333,14.0
DEPART. DONGA,2018,Octobre,10,82.39545454545454,8.0
DEPART. DONGA,2018,Novembre,11,0.0,0.0
DEPART. DONGA,2018,Décembre,12,0.0,0.0
ABOMEY,2018,Janvier,1,0.0,0.0
ABOMEY,2018,Février,2,39.7,3.0
ABOMEY,2018,Mars,3,26.62,3.0
ABOMEY,2018,Avril,4,85.58,4.0
ABOMEY,2018,Mai,5,120.2,7.0
ABOMEY,2018,Juin,6,214.29,7.0
ABOMEY,2018,Juillet,7,95.1,10.0
ABOMEY,2018,Août,8,78.1,7.0
ABOMEY,2018,Septembre,9,62.5,7.0
ABOMEY,2018,Octobre,10,141.5,10.0
ABOMEY,2018,Novembre,11,16.2,1.0
ABOMEY,2018,Décembre,12,0.0,0.0
AGBANGNIZOUN,2018,Janvier,1,0.0,0.0
AGBANGNIZOUN,2018,Février,2,27.41,2.0
AGBANGNIZOUN,2018,Mars,3,95.89,6.0
AGBANGNIZOUN,2018,Avril,4,144.5,8.0
AGBANGNIZOUN,2018,Mai,5,199.2,12.0
AGBANGNIZOUN,2018,Juin,6,202.01,11.0
AGBANGNIZOUN,2018,Juillet,7,108.0,11.0
AGBANGNIZOUN,2018,Août,8,131.4,9.0
AGBANGNIZOUN,2018,Septembre,9,202.5,10.0
AGBANGNIZOUN,2018,Octobre,10,164.0,10.0
AGBANGNIZOUN,2018,Novembre,11,18.3,3.0
AGBANGNIZOUN,2018,Décembre,12,0.0,0.0
BOHICON,2018,Janvier,1,0.0,0.0
BOHICON,2018,Février,2,102.39,5.0
BOHICON,2018,Mars,3,112.6,6.0
BOHICON,2018,Avril,4,142.6,4.0
BOHICON,2018,Mai,5,204.4,11.0
BOHICON,2018,Juin,6,244.9,9.0
BOHICON,2018,Juillet,7,109.6,9.0
BOHICON,2018,Août,8,72.22,6.0
BOHICON,2018,Septembre,9,292.2,16.0
BOHICON,2018,Octobre,10,140.2,13.0
BOHICON,2018,Novembre,11,19.4,4.0
BOHICON,2018,Décembre,12,0.0,0.0
COVE,2018,Janvier,1,0.0,0.0
COVE,2018,Février,2,16.0,2.0
COVE,2018,Mars,3,82.92,5.0
COVE,2018,Avril,4,104.8,6.0
COVE,2018,Mai,5,160.53,7.0
COVE,2018,Juin,6,165.0,8.0
COVE,2018,Juillet,7,73.9,5.0
COVE,2018,Août,8,128.96,9.0
COVE,2018,Septembre,9,200.6,12.0
COVE,2018,Octobre,10,94.1,7.0
COVE,2018,Novembre,11,17.3,2.0
COVE,2018,Décembre,12,0.0,0.0
DJIDJA,2018,Janvier,1,0.0,0.0
DJIDJA,2018,Février,2,106.4,2.0
DJIDJA,2018,Mars,3,162.5,4.0
DJIDJA,2018,Avril,4,146.9,5.0
DJIDJA,2018,Mai,5,388.7,9.0
DJIDJA,2018,Juin,6,291.0,10.0
DJIDJA,2018,Juillet,7,214.0,9.0
DJIDJA,2018,Août,8,114.15,7.0
DJIDJA,2018,Septembre,9,238.7,9.0
DJIDJA,2018,Octobre,10,110.71,5.0
DJIDJA,2018,Novembre,11,29.4,2.0
DJIDJA,2018,Décembre,12,0.0,0.0
OUINHI,2018,Janvier,1,0.0,0.0
OUINHI,2018,Février,2,16.05,3.0
OUINHI,2018,Mars,3,89.57,6.0
OUINHI,2018,Avril,4,135.21,7.0
OUINHI,2018,Mai,5,154.7,8.0
OUINHI,2018,Juin,6,199.2,7.0
OUINHI,2018,Juillet,7,82.2,5.0
OUINHI,2018,Août,8,72.6,5.0
OUINHI,2018,Septembre,9,176.7,8.0
OUINHI,2018,Octobre,10,137.9,8.0
OUINHI,2018,Novembre,11,16.0,2.0
OUINHI,2018,Décembre,12,0.0,0.0
ZAGNANADO,2018,Janvier,1,0.0,0.0
ZAGNANADO,2018,Février,2,25.02,3.0
ZAGNANADO,2018,Mars,3,47.39,3.0
ZAGNANADO,2018,Avril,4,138.9,6.0
ZAGNANADO,2018,Mai,5,163.96,9.0
ZAGNANADO,2018,Juin,6,158.7,8.0
ZAGNANADO,2018,Juillet,7,73.1,5.0
ZAGNANADO,2018,Août,8,115.66,6.0
ZAGNANADO,2018,Septembre,9,247.2,11.0
ZAGNANADO,2018,Octobre,10,109.04,7.0
ZAGNANADO,2018,Novembre,11,14.8,1.0
ZAGNANADO,2018,Décembre,12,0.0,0.0
ZA-KPOTA,2018,Janvier,1,0.0,0.0
ZA-KPOTA,2018,Février,2,23.66,4.0
ZA-KPOTA,2018,Mars,3,93.86,8.0
ZA-KPOTA,2018,Avril,4,141.8,7.0
ZA-KPOTA,2018,Mai,5,172.1,11.0
ZA-KPOTA,2018,Juin,6,170.76,9.0
ZA-KPOTA,2018,Juillet,7,131.1,5.0
ZA-KPOTA,2018,Août,8,95.6,5.0
ZA-KPOTA,2018,Septembre,9,301.3,15.0
ZA-KPOTA,2018,Octobre,10,112.5,9.0
ZA-KPOTA,2018,Novembre,11,13.7,2.0
ZA-KPOTA,2018,Décembre,12,0.0,0.0
ZOGBODOMEY,2018,Janvier,1,0.0,0.0
ZOGBODOMEY,2018,Février,2,39.85,3.0
ZOGBODOMEY,2018,Mars,3,106.99,5.0
ZOGBODOMEY,2018,Avril,4,114.2,8.0
ZOGBODOMEY,2018,Mai,5,151.38,9.0
ZOGBODOMEY,2018,Juin,6,152.34,9.0
ZOGBODOMEY,2018,Juillet,7,100.0,8.0
ZOGBODOMEY,2018,Août,8,98.9,7.0
ZOGBODOMEY,2018,Septembre,9,229.8,12.0
ZOGBODOMEY,2018,Octobre,10,111.6,8.0
ZOGBODOMEY,2018,Novembre,11,23.2,1.0
ZOGBODOMEY,2018,Décembre,12,0.0,0.0
DEPART. ZOU,2018,Janvier,1,0.0,0.0
DEPART. ZOU,2018,Février,2,44.053333333333335,3.0
DEPART. ZOU,2018,Mars,3,90.92666666666668,5.111111111111111
DEPART. ZOU,2018,Avril,4,128.27666666666667,6.111111111111111
DEPART. ZOU,2018,Mai,5,190.57444444444445,9.222222222222221
DEPART. ZOU,2018,Juin,6,199.79999999999998,8.666666666666666
DEPART. ZOU,2018,Juillet,7,109.66666666666669,7.444444444444445
DEPART. ZOU,2018,Août,8,100.84333333333333,6.777777777777778
DEPART. ZOU,2018,Septembre,9,216.83333333333334,11.11111111111111
DEPART. ZOU,2018,Octobre,10,124.61666666666666,8.555555555555555
DEPART. ZOU,2018,Novembre,11,18.7,2.0
DEPART. ZOU,2018,Décembre,12,0.0,0.0
BANTE,2018,Janvier,1,0.0,0.0
BANTE,2018,Février,2,30.25,2.0
BANTE,2018,Mars,3,1.4,1.0
BANTE,2018,Avril,4,98.3,4.0
BANTE,2018,Mai,5,98.3,4.0
BANTE,2018,Juin,6,86.93,6.0
BANTE,2018,Juillet,7,63.65,7.0
BANTE,2018,Août,8,309.05,11.0
BANTE,2018,Septembre,9,180.85,11.0
BANTE,2018,Octobre,10,94.6,5.0
BANTE,2018,Novembre,11,0.0,0.0
BANTE,2018,Décembre,12,0.0,0.0
DASSA-ZOUME,2018,Janvier,1,0.0,0.0
DASSA-ZOUME,2018,Février,2,2.0,1.0
DASSA-ZOUME,2018,Mars,3,24.75,2.0
DASSA-ZOUME,2018,Avril,4,22.75,3.0
DASSA-ZOUME,2018,Mai,5,22.75,3.0
DASSA-ZOUME,2018,Juin,6,123.155,5.0
DASSA-ZOUME,2018,Juillet,7,173.8,8.0
DASSA-ZOUME,2018,Août,8,160.1,10.0
DASSA-ZOUME,2018,Septembre,9,390.59999999999997,13.0
DASSA-ZOUME,2018,Octobre,10,105.15,6.0
DASSA-ZOUME,2018,Novembre,11,12.8,1.0
DASSA-ZOUME,2018,Décembre,12,0.0,0.0
GLAZOUE,2018,Janvier,1,0.0,0.0
GLAZOUE,2018,Février,2,22.0,1.0
GLAZOUE,2018,Mars,3,29.866666666666667,4.0
GLAZOUE,2018,Avril,4,45.46666666666667,4.0
GLAZOUE,2018,Mai,5,45.46666666666667,4.0
GLAZOUE,2018,Juin,6,134.83333333333334,7.0
GLAZOUE,2018,Juillet,7,110.83333333333333,7.0
GLAZOUE,2018,Août,8,236.41,12.0
GLAZOUE,2018,Septembre,9,237.16666666666669,12.0
GLAZOUE,2018,Octobre,10,125.36666666666667,7.0
GLAZOUE,2018,Novembre,11,2.8666666666666667,1.0
GLAZOUE,2018,Décembre,12,0.0,0.0
OUESSE,2018,Janvier,1,0.0,0.0
OUESSE,2018,Février,2,43.766666666666666,3.0
OUESSE,2018,Mars,3,71.86666666666667,3.0
OUESSE,2018,Avril,4,73.65,6.0
OUESSE,2018,Mai,5,73.65,6.0
OUESSE,2018,Juin,6,97.89999999999999,7.0
OUESSE,2018,Juillet,7,209.36666666666665,9.0
OUESSE,2018,Août,8,149.02,10.0
OUESSE,2018,Septembre,9,223.71000000000004,9.0
OUESSE,2018,Octobre,10,85.0,5.0
OUESSE,2018,Novembre,11,7.833333333333333,1.0
OUESSE,2018,Décembre,12,0.0,0.0
SAVALOU,2018,Janvier,1,0.0,0.0
SAVALOU,2018,Février,2,0.0,0.0
SAVALOU,2018,Mars,3,39.833333333333336,5.0
SAVALOU,2018,Avril,4,81.66666666666667,4.0
SAVALOU,2018,Mai,5,81.66666666666667,4.0
SAVALOU,2018,Juin,6,126.66666666666666,7.0
SAVALOU,2018,Juillet,7,307.3333333333333,10.0
SAVALOU,2018,Août,8,229.0,9.0
SAVALOU,2018,Septembre,9,180.33333333333334,5.0
SAVALOU,2018,Octobre,10,80.33333333333333,4.0
SAVALOU,2018,Novembre,11,0.0,0.0
SAVALOU,2018,Décembre,12,0.0,0.0
SAVE,2018,Janvier,1,0.0,0.0
SAVE,2018,Février,2,0.0,0.0
SAVE,2018,Mars,3,103.0,2.0
SAVE,2018,Avril,4,37.8,2.0
SAVE,2018,Mai,5,37.8,2.0
SAVE,2018,Juin,6,64.0,5.0
SAVE,2018,Juillet,7,155.0,6.0
SAVE,2018,Août,8,212.21,8.0
SAVE,2018,Septembre,9,236.0,12.0
SAVE,2018,Octobre,10,133.5,6.0
SAVE,2018,Novembre,11,0.0,0.0
SAVE,2018,Décembre,12,0.0,0.0
DEPART. COLLINES,2018,Janvier,1,0.0,0.0
DEPART. COLLINES,2018,Février,2,18.7,3.0
DEPART. COLLINES,2018,Mars,3,41.42857142857143,4.0
DEPART. COLLINES,2018,Avril,4,63.01785714285714,4.0
DEPART. COLLINES,2018,Mai,5,63.01785714285714,4.0
DEPART. COLLINES,2018,Juin,6,111.59785714285715,7.0
DEPART. COLLINES,2018,Juillet,7,179.46428571428572,8.0
DEPART. COLLINES,2018,Août,8,213.84285714285713,11.0
DEPART. COLLINES,2018,Septembre,9,235.89499999999998,11.0
DEPART. COLLINES,2018,Octobre,10,100.36428571428573,5.0
DEPART. COLLINES,2018,Novembre,11,4.121428571428572,1.0
DEPART. COLLINES,2018,Décembre,12,0.0,0.0
ATHIEME,2018,Janvier,1,0.0,0.0
ATHIEME,2018,Février,2,52.5,3.0
ATHIEME,2018,Mars,3,43.7,4.0
ATHIEME,2018,Avril,4,42.599999999999994,3.0
ATHIEME,2018,Mai,5,68.3,9.0
ATHIEME,2018,Juin,6,207.39999999999998,9.0
ATHIEME,2018,Juillet,7,86.60000000000001,14.0
ATHIEME,2018,Août,8,37.3,10.0
ATHIEME,2018,Septembre,9,123.6,14.0
ATHIEME,2018,Octobre,10,165.7,15.0
ATHIEME,2018,Novembre,11,43.5,4.0
ATHIEME,2018,Décembre,12,0.0,0.0
BOPA,2018,Janvier,1,0.0,0.0
BOPA,2018,Février,2,120.80000000000001,5.0
BOPA,2018,Mars,3,98.97999999999999,7.0
BOPA,2018,Avril,4,86.84,3.0
BOPA,2018,Mai,5,121.03999999999999,20.0
BOPA,2018,Juin,6,126.94,7.0
BOPA,2018,Juillet,7,67.95,8.0
BOPA,2018,Août,8,59.675,8.0
BOPA,2018,Septembre,9,84.925,9.0
BOPA,2018,Octobre,10,171.66666666666666,11.0
BOPA,2018,Novembre,11,24.125,4.0
BOPA,2018,Décembre,12,0.0,0.0
COME,2018,Janvier,1,37.0,1.0
COME,2018,Février,2,79.0,4.0
COME,2018,Mars,3,70.65,5.0
COME,2018,Avril,4,136.5,5.0
COME,2018,Mai,5,136.25,9.0
COME,2018,Juin,6,210.5,9.0
COME,2018,Juillet,7,58.00000000000001,5.0
COME,2018,Août,8,42.666666666666664,4.0
COME,2018,Septembre,9,104.33333333333333,6.0
COME,2018,Octobre,10,214.66666666666669,9.0
COME,2018,Novembre,11,15.666666666666666,5.0
COME,2018,Décembre,12,0.0,0.0
GRAND-POPO,2018,Janvier,1,0.0,0.0
GRAND-POPO,2018,Février,2,88.0,3.0
GRAND-POPO,2018,Mars,3,65.25,5.0
GRAND-POPO,2018,Avril,4,103.66666666666666,6.0
GRAND-POPO,2018,Mai,5,136.425,9.0
GRAND-POPO,2018,Juin,6,92.65,6.0
GRAND-POPO,2018,Juillet,7,41.93333333333333,4.0
GRAND-POPO,2018,Août,8,34.475,3.0
GRAND-POPO,2018,Septembre,9,101.65,5.0
GRAND-POPO,2018,Octobre,10,217.66666666666663,9.0
GRAND-POPO,2018,Novembre,11,23.0,4.0
GRAND-POPO,2018,Décembre,12,0.0,0.0
HOUEYOGBE,2018,Janvier,1,0.0,0.0
HOUEYOGBE,2018,Février,2,124.0,4.0
HOUEYOGBE,2018,Mars,3,75.5,5.0
HOUEYOGBE,2018,Avril,4,77.0,3.0
HOUEYOGBE,2018,Mai,5,82.5,8.0
HOUEYOGBE,2018,Juin,6,97.0,7.0
HOUEYOGBE,2018,Juillet,7,90.5,7.0
HOUEYOGBE,2018,Août,8,105.0,7.0
HOUEYOGBE,2018,Septembre,9,108.0,10.0
HOUEYOGBE,2018,Octobre,10,323.0,12.0
HOUEYOGBE,2018,Novembre,11,22.0,4.0
HOUEYOGBE,2018,Décembre,12,0.0,0.0
LOKOSSA,2018,Janvier,1,0.0,0.0
LOKOSSA,2018,Février,2,65.85,2.0
LOKOSSA,2018,Mars,3,69.45,4.0
LOKOSSA,2018,Avril,4,74.575,4.0
LOKOSSA,2018,Mai,5,109.575,6.0
LOKOSSA,2018,Juin,6,115.875,6.0
LOKOSSA,2018,Juillet,7,34.791666666666664,7.0
LOKOSSA,2018,Août,8,71.17500000000001,9.0
LOKOSSA,2018,Septembre,9,126.375,10.0
LOKOSSA,2018,Octobre,10,198.6,12.0
LOKOSSA,2018,Novembre,11,46.0,3.0
LOKOSSA,2018,Décembre,12,0.0,0.0
DEPART. MONO,2018,Janvier,1,0.0,0.0
DEPART. MONO,2018,Février,2,103.62000000000002,4.0
DEPART. MONO,2018,Mars,3,80.61666666666666,5.0
DEPART. MONO,2018,Avril,4,77.42500000000001,4.0
DEPART. MONO,2018,Mai,5,106.4,11.0
DEPART. MONO,2018,Juin,6,124.96666666666667,7.0
DEPART. MONO,2018,Juillet,7,61.60454545454545,8.0
DEPART. MONO,2018,Août,8,70.06363636363636,8.0
DEPART. MONO,2018,Septembre,9,107.70909090909089,10.0
DEPART. MONO,2018,Octobre,10,212.11,12.0
DEPART. MONO,2018,Novembre,11,29.714285714285715,4.0
DEPART. MONO,2018,Décembre,12,0.0,0.0
APLAHOUE,2018,Janvier,1,0.0,0.0
APLAHOUE,2018,Février,2,60.95,3.0
APLAHOUE,2018,Mars,3,108.0,7.0
APLAHOUE,2018,Avril,4,134.44,7.0
APLAHOUE,2018,Mai,5,161.46,8.0
APLAHOUE,2018,Juin,6,114.84,8.0
APLAHOUE,2018,Juillet,7,199.16,10.0
APLAHOUE,2018,Août,8,104.5,10.0
APLAHOUE,2018,Septembre,9,218.0,12.0
APLAHOUE,2018,Octobre,10,117.66,9.0
APLAHOUE,2018,Novembre,11,15.440000000000001,2.0
APLAHOUE,2018,Décembre,12,0.0,0.0
DJAKOTOMEY,2018,Janvier,1,0.0,0.0
DJAKOTOMEY,2018,Février,2,26.5,3.0
DJAKOTOMEY,2018,Mars,3,83.4,6.0
DJAKOTOMEY,2018,Avril,4,101.20000000000002,5.0
DJAKOTOMEY,2018,Mai,5,202.79999999999998,10.0
DJAKOTOMEY,2018,Juin,6,93.57999999999998,8.0
DJAKOTOMEY,2018,Juillet,7,67.14,11.0
DJAKOTOMEY,2018,Août,8,103.9,7.0
DJAKOTOMEY,2018,Septembre,9,180.4,11.0
DJAKOTOMEY,2018,Octobre,10,115.03999999999999,10.0
DJAKOTOMEY,2018,Novembre,11,7.4,2.0
DJAKOTOMEY,2018,Décembre,12,0.0,0.0
DOGBO,2018,Janvier,1,0.0,0.0
DOGBO,2018,Février,2,45.56666666666666,2.0
DOGBO,2018,Mars,3,143.66,7.0
DOGBO,2018,Avril,4,100.92,7.0
DOGBO,2018,Mai,5,139.484,7.0
DOGBO,2018,Juin,6,168.96,8.0
DOGBO,2018,Juillet,7,43.96,7.0
DOGBO,2018,Août,8,71.79999999999998,6.0
DOGBO,2018,Septembre,9,83.44,8.0
DOGBO,2018,Octobre,10,121.38,9.0
DOGBO,2018,Novembre,11,17.88,4.0
DOGBO,2018,Décembre,12,0.0,0.0
KLOUEKANME,2018,Janvier,1,0.0,0.0
KLOUEKANME,2018,Février,2,45.73333333333333,2.0
KLOUEKANME,2018,Mars,3,61.03,3.0
KLOUEKANME,2018,Avril,4,48.31,2.0
KLOUEKANME,2018,Mai,5,184.38,5.0
KLOUEKANME,2018,Juin,6,73.43333333333334,6.0
KLOUEKANME,2018,Juillet,7,69.06666666666666,6.0
KLOUEKANME,2018,Août,8,94.3,7.0
KLOUEKANME,2018,Septembre,9,110.13666666666666,10.0
KLOUEKANME,2018,Octobre,10,91.06666666666668,9.0
KLOUEKANME,2018,Novembre,11,12.700000000000001,2.0
KLOUEKANME,2018,Décembre,12,0.0,0.0
LALO,2018,Janvier,1,0.0,0.0
LALO,2018,Février,2,16.0,3.0
LALO,2018,Mars,3,103.0,5.0
LALO,2018,Avril,4,70.0,4.0
LALO,2018,Mai,5,179.0,7.0
LALO,2018,Juin,6,99.0,3.0
LALO,2018,Juillet,7,156.0,5.0
LALO,2018,Août,8,175.0,5.0
LALO,2018,Septembre,9,196.0,10.0
LALO,2018,Octobre,10,82.0,5.0
LALO,2018,Novembre,11,33.0,2.0
LALO,2018,Décembre,12,0.0,0.0
TOVIKLIN,2018,Janvier,1,0.0,0.0
TOVIKLIN,2018,Février,2,40.0,3.0
TOVIKLIN,2018,Mars,3,95.75,6.0
TOVIKLIN,2018,Avril,4,100.00000000000001,5.0
TOVIKLIN,2018,Mai,5,169.375,7.0
TOVIKLIN,2018,Juin,6,75.25,6.0
TOVIKLIN,2018,Juillet,7,47.833333333333336,5.0
TOVIKLIN,2018,Août,8,64.25,6.0
TOVIKLIN,2018,Septembre,9,202.625,9.0
TOVIKLIN,2018,Octobre,10,94.75,6.0
TOVIKLIN,2018,Novembre,11,13.25,3.0
TOVIKLIN,2018,Décembre,12,0.0,0.0
DEPART. COUFFO,2018,Janvier,1,0.0,0.0
DEPART. COUFFO,2018,Février,2,44.37456140350878,5.0
DEPART. COUFFO,2018,Mars,3,105.82523809523809,6.0
DEPART. COUFFO,2018,Avril,4,104.8147619047619,6.0
DEPART. COUFFO,2018,Mai,5,169.5047619047619,9.0
DEPART. COUFFO,2018,Juin,6,109.0086956521739,8.0
DEPART. COUFFO,2018,Juillet,7,91.55797101449275,8.0
DEPART. COUFFO,2018,Août,8,91.99565217391304,8.0
DEPART. COUFFO,2018,Septembre,9,162.87434782608693,11.0
DEPART. COUFFO,2018,Octobre,10,109.03399209486165,9.0
DEPART. COUFFO,2018,Novembre,11,14.691304347826089,3.0
DEPART. COUFFO,2018,Décembre,12,0.0,0.0
ADJARRA,2018,Janvier,1,0.0,0.0
ADJARRA,2018,Février,2,61.7,2.0
ADJARRA,2018,Mars,3,45.5,5.0
ADJARRA,2018,Avril,4,94.5,4.0
ADJARRA,2018,Mai,5,165.7,8.0
ADJARRA,2018,Juin,6,209.6,7.0
ADJARRA,2018,Juillet,7,154.65,7.0
ADJARRA,2018,Août,8,77.2,4.0
ADJARRA,2018,Septembre,9,199.75,14.5
ADJARRA,2018,Octobre,10,192.0,8.0
ADJARRA,2018,Novembre,11,78.0,5.0
ADJARRA,2018,Décembre,12,0.0,0.0
ADJOHOUN,2018,Janvier,1,0.0,0.0
ADJOHOUN,2018,Février,2,91.4,3.5
ADJOHOUN,2018,Mars,3,31.1,3.0
ADJOHOUN,2018,Avril,4,54.25,3.5
ADJOHOUN,2018,Mai,5,223.45,7.5
ADJOHOUN,2018,Juin,6,74.0,5.0
ADJOHOUN,2018,Juillet,7,100.425,8.0
ADJOHOUN,2018,Août,8,35.949999999999996,4.0
ADJOHOUN,2018,Septembre,9,66.4,6.0
ADJOHOUN,2018,Octobre,10,124.44999999999999,7.5
ADJOHOUN,2018,Novembre,11,49.4,3.5
ADJOHOUN,2018,Décembre,12,0.0,0.0
AGUEGUES,2018,Janvier,1,0.0,0.0
AGUEGUES,2018,Février,2,61.55,3.0
AGUEGUES,2018,Mars,3,39.5,3.0
AGUEGUES,2018,Avril,4,131.3,5.0
AGUEGUES,2018,Mai,5,257.79999999999995,12.0
AGUEGUES,2018,Juin,6,233.8,7.0
AGUEGUES,2018,Juillet,7,119.5,5.0
AGUEGUES,2018,Août,8,98.5,6.0
AGUEGUES,2018,Septembre,9,225.7,9.0
AGUEGUES,2018,Octobre,10,470.29999999999995,13.0
AGUEGUES,2018,Novembre,11,42.79,5.0
AGUEGUES,2018,Décembre,12,0.0,0.0
AKPRO-MISSERETE,2018,Janvier,1,0.0,0.0
AKPRO-MISSERETE,2018,Février,2,41.0,2.0
AKPRO-MISSERETE,2018,Mars,3,75.0,4.0
AKPRO-MISSERETE,2018,Avril,4,226.0,5.0
AKPRO-MISSERETE,2018,Mai,5,262.65,10.5
AKPRO-MISSERETE,2018,Juin,6,192.5,6.5
AKPRO-MISSERETE,2018,Juillet,7,163.5,11.5
AKPRO-MISSERETE,2018,Août,8,110.0,9.5
AKPRO-MISSERETE,2018,Septembre,9,155.0,11.5
AKPRO-MISSERETE,2018,Octobre,10,197.5,13.0
AKPRO-MISSERETE,2018,Novembre,11,38.0,6.0
AKPRO-MISSERETE,2018,Décembre,12,0.0,0.0
AVRANKOU,2018,Janvier,1,0.0,0.0
AVRANKOU,2018,Février,2,34.1,3.0
AVRANKOU,2018,Mars,3,24.0,2.0
AVRANKOU,2018,Avril,4,96.95,3.5
AVRANKOU,2018,Mai,5,230.4,10.0
AVRANKOU,2018,Juin,6,214.7,5.5
AVRANKOU,2018,Juillet,7,93.7,5.0
AVRANKOU,2018,Août,8,34.45,4.5
AVRANKOU,2018,Septembre,9,182.125,12.0
AVRANKOU,2018,Octobre,10,185.75,8.5
AVRANKOU,2018,Novembre,11,71.225,3.0
AVRANKOU,2018,Décembre,12,0.0,0.0
BONOU,2018,Janvier,1,0.0,0.0
BONOU,2018,Février,2,75.2,2.6666666666666665
BONOU,2018,Mars,3,80.44,5.0
BONOU,2018,Avril,4,120.40000000000002,5.333333333333333
BONOU,2018,Mai,5,93.90000000000002,6.0
BONOU,2018,Juin,6,122.7,4.333333333333333
BONOU,2018,Juillet,7,107.23333333333335,6.333333333333333
BONOU,2018,Août,8,90.73333333333333,6.666666666666667
BONOU,2018,Septembre,9,98.33333333333333,7.333333333333333
BONOU,2018,Octobre,10,81.55,6.333333333333333
BONOU,2018,Novembre,11,13.0,1.6666666666666667
BONOU,2018,Décembre,12,0.0,0.0
DANGBO,2018,Janvier,1,0.0,0.0
DANGBO,2018,Février,2,49.7,2.0
DANGBO,2018,Mars,3,100.4,6.0
DANGBO,2018,Avril,4,195.4,4.0
DANGBO,2018,Mai,5,130.6,6.0
DANGBO,2018,Juin,6,176.0,9.0
DANGBO,2018,Juillet,7,82.9,6.0
DANGBO,2018,Août,8,33.5,6.0
DANGBO,2018,Septembre,9,200.8,11.0
DANGBO,2018,Octobre,10,260.6,9.0
DANGBO,2018,Novembre,11,86.0,6.0
DANGBO,2018,Décembre,12,0.0,0.0
PORTO-NOVO,2018,Janvier,1,0.0,0.0
PORTO-NOVO,2018,Février,2,49.5,4.0
PORTO-NOVO,2018,Mars,3,47.0,4.0
PORTO-NOVO,2018,Avril,4,112.25,4.5
PORTO-NOVO,2018,Mai,5,243.0,9.0
PORTO-NOVO,2018,Juin,6,273.0,9.0
PORTO-NOVO,2018,Juillet,7,184.85,10.0
PORTO-NOVO,2018,Août,8,102.5,5.0
PORTO-NOVO,2018,Septembre,9,248.375,11.5
PORTO-NOVO,2018,Octobre,10,117.375,8.5
PORTO-NOVO,2018,Novembre,11,101.5,5.5
PORTO-NOVO,2018,Décembre,12,4.0,1.0
SEME-PODJI,2018,Janvier,1,0.0,0.0
SEME-PODJI,2018,Février,2,66.55,1.5
SEME-PODJI,2018,Mars,3,61.075,4.0
SEME-PODJI,2018,Avril,4,125.0,4.0
SEME-PODJI,2018,Mai,5,281.71999999999997,11.0
SEME-PODJI,2018,Juin,6,246.3,9.0
SEME-PODJI,2018,Juillet,7,87.15,4.0
SEME-PODJI,2018,Août,8,43.45,6.0
SEME-PODJI,2018,Septembre,9,265.54999999999995,11.0
SEME-PODJI,2018,Octobre,10,201.25,5.0
SEME-PODJI,2018,Novembre,11,35.3,2.0
SEME-PODJI,2018,Décembre,12,0.0,0.0
DEPART. OUEME,2018,Janvier,1,0.0,0.0
DEPART. OUEME,2018,Février,2,62.77,2.6666666666666665
DEPART. OUEME,2018,Mars,3,54.94466666666666,4.0
DEPART. OUEME,2018,Avril,4,121.96000000000001,4.4
DEPART. OUEME,2018,Mai,5,207.85599999999997,8.866666666666667
DEPART. OUEME,2018,Juin,6,186.0066666666667,6.666666666666667
DEPART. OUEME,2018,Juillet,7,128.18333333333334,7.533333333333333
DEPART. OUEME,2018,Août,8,76.12000000000002,5.866666666666666
DEPART. OUEME,2018,Septembre,9,170.62333333333333,10.2
DEPART. OUEME,2018,Octobre,10,171.20666666666662,8.266666666666667
DEPART. OUEME,2018,Novembre,11,51.926,3.8666666666666667
DEPART. OUEME,2018,Décembre,12,0.5333333333333333,0.13333333333333333
ADJA-OUERE,2018,Janvier,1,0.0,0.0
ADJA-OUERE,2018,Février,2,91.88666666666667,3.3333333333333335
ADJA-OUERE,2018,Mars,3,98.83333333333333,4.666666666666667
ADJA-OUERE,2018,Avril,4,58.5,2.0
ADJA-OUERE,2018,Mai,5,244.03333333333333,8.333333333333334
ADJA-OUERE,2018,Juin,6,140.1,6.666666666666667
ADJA-OUERE,2018,Juillet,7,198.76666666666665,7.666666666666667
ADJA-OUERE,2018,Août,8,125.26666666666667,5.666666666666667
ADJA-OUERE,2018,Septembre,9,194.5,8.333333333333334
ADJA-OUERE,2018,Octobre,10,0.0,0.0
ADJA-OUERE,2018,Novembre,11,0.0,0.0
ADJA-OUERE,2018,Décembre,12,0.0,0.0
IFANGNI,2018,Janvier,1,0.0,0.0
IFANGNI,2018,Février,2,43.2,3.0
IFANGNI,2018,Mars,3,62.900000000000006,4.0
IFANGNI,2018,Avril,4,74.3,4.0
IFANGNI,2018,Mai,5,237.60000000000002,11.0
IFANGNI,2018,Juin,6,168.3,8.0
IFANGNI,2018,Juillet,7,103.0,7.0
IFANGNI,2018,Août,8,40.8,4.0
IFANGNI,2018,Septembre,9,183.3,10.0
IFANGNI,2018,Octobre,10,0.0,0.0
IFANGNI,2018,Novembre,11,0.0,0.0
IFANGNI,2018,Décembre,12,0.0,0.0
KETOU,2018,Janvier,1,0.0,0.0
KETOU,2018,Février,2,18.666666666666668,1.6666666666666667
KETOU,2018,Mars,3,102.16666666666667,6.0
KETOU,2018,Avril,4,98.83333333333333,7.333333333333333
KETOU,2018,Mai,5,269.1333333333334,10.0
KETOU,2018,Juin,6,128.20000000000002,9.0
KETOU,2018,Juillet,7,180.13333333333333,7.333333333333333
KETOU,2018,Août,8,121.33333333333333,5.333333333333333
KETOU,2018,Septembre,9,259.09999999999997,12.333333333333334
KETOU,2018,Octobre,10,0.0,0.0
KETOU,2018,Novembre,11,0.0,0.0
KETOU,2018,Décembre,12,0.0,0.0
POBE,2018,Janvier,1,0.0,0.0
POBE,2018,Février,2,53.775000000000006,3.75
POBE,2018,Mars,3,63.075,4.25
POBE,2018,Avril,4,30.479999999999997,2.2
POBE,2018,Mai,5,160.98,7.8
POBE,2018,Juin,6,183.57999999999998,8.2
POBE,2018,Juillet,7,72.46000000000001,3.0
POBE,2018,Août,8,65.0,3.8
POBE,2018,Septembre,9,140.32,5.2
POBE,2018,Octobre,10,0.0,0.0
POBE,2018,Novembre,11,0.0,0.0
POBE,2018,Décembre,12,0.0,0.0
SAKETE,2018,Janvier,1,0.0,0.0
SAKETE,2018,Février,2,25.125,1.75
SAKETE,2018,Mars,3,87.295,5.25
SAKETE,2018,Avril,4,90.13499999999999,3.75
SAKETE,2018,Mai,5,115.6225,9.5
SAKETE,2018,Juin,6,98.8925,6.25
SAKETE,2018,Juillet,7,129.75,7.75
SAKETE,2018,Août,8,72.625,7.0
SAKETE,2018,Septembre,9,165.55,13.5
SAKETE,2018,Octobre,10,0.0,0.0
SAKETE,2018,Novembre,11,0.0,0.0
SAKETE,2018,Décembre,12,0.0,0.0
DEPART. PLATEAU,2018,Janvier,1,0.0,0.0
DEPART. PLATEAU,2018,Février,2,46.74733333333333,4.0
DEPART. PLATEAU,2018,Mars,3,84.492,7.0
DEPART. PLATEAU,2018,Avril,4,66.2025,5.0
DEPART. PLATEAU,2018,Mai,5,190.280625,11.0
DEPART. PLATEAU,2018,Juin,6,156.26241071428572,10.0
DEPART. PLATEAU,2018,Juillet,7,151.5,9.0
DEPART. PLATEAU,2018,Août,8,99.72142857142856,8.0
DEPART. PLATEAU,2018,Septembre,9,207.70714285714286,11.0
DEPART. PLATEAU,2018,Octobre,10,0.0,0.0
DEPART. PLATEAU,2018,Novembre,11,0.0,0.0
DEPART. PLATEAU,2018,Décembre,12,0.0,0.0
ABOMEY-CALAVI,2018,Janvier,1,0.0,0.0
ABOMEY-CALAVI,2018,Février,2,18.5,2.0
ABOMEY-CALAVI,2018,Mars,3,47.0,5.0
ABOMEY-CALAVI,2018,Avril,4,75.5,2.0
ABOMEY-CALAVI,2018,Mai,5,155.5,8.5
ABOMEY-CALAVI,2018,Juin,6,106.0,5.5
ABOMEY-CALAVI,2018,Juillet,7,80.0,5.0
ABOMEY-CALAVI,2018,Août,8,52.5,3.0
ABOMEY-CALAVI,2018,Septembre,9,99.5,9.0
ABOMEY-CALAVI,2018,Octobre,10,142.0,7.5
ABOMEY-CALAVI,2018,Novembre,11,54.0,4.5
ABOMEY-CALAVI,2018,Décembre,12,0.0,0.0
ALLADA,2018,Janvier,1,0.0,0.0
ALLADA,2018,Février,2,91.2,2.5
ALLADA,2018,Mars,3,66.8,6.0
ALLADA,2018,Avril,4,26.25,1.5
ALLADA,2018,Mai,5,116.35,7.0
ALLADA,2018,Juin,6,126.475,5.5
ALLADA,2018,Juillet,7,35.5,6.5
ALLADA,2018,Août,8,82.5,4.0
ALLADA,2018,Septembre,9,140.75,8.0
ALLADA,2018,Octobre,10,184.0,11.0
ALLADA,2018,Novembre,11,85.5,5.0
ALLADA,2018,Décembre,12,0.0,0.0
KPOMASSE,2018,Janvier,1,0.0,0.0
KPOMASSE,2018,Février,2,128.75,2.5
KPOMASSE,2018,Mars,3,150.75,3.0
KPOMASSE,2018,Avril,4,186.9,3.5
KPOMASSE,2018,Mai,5,174.3,7.0
KPOMASSE,2018,Juin,6,149.25,6.0
KPOMASSE,2018,Juillet,7,159.1,4.5
KPOMASSE,2018,Août,8,100.5,4.0
KPOMASSE,2018,Septembre,9,89.0,4.0
KPOMASSE,2018,Octobre,10,131.5,5.0
KPOMASSE,2018,Novembre,11,14.0,1.0
KPOMASSE,2018,Décembre,12,0.0,0.0
OUIDAH,2018,Janvier,1,0.0,0.0
OUIDAH,2018,Février,2,72.45,5.0
OUIDAH,2018,Mars,3,52.199999999999996,5.0
OUIDAH,2018,Avril,4,67.1,5.0
OUIDAH,2018,Mai,5,212.75,11.5
OUIDAH,2018,Juin,6,137.15,7.0
OUIDAH,2018,Juillet,7,56.3,4.0
OUIDAH,2018,Août,8,20.200000000000003,3.5
OUIDAH,2018,Septembre,9,91.10000000000001,11.0
OUIDAH,2018,Octobre,10,196.385,9.0
OUIDAH,2018,Novembre,11,54.15,6.5
OUIDAH,2018,Décembre,12,1.85,1.0
SO-AVA,2018,Janvier,1,0.0,0.0
SO-AVA,2018,Février,2,38.06,2.5
SO-AVA,2018,Mars,3,104.82,6.5
SO-AVA,2018,Avril,4,103.7,5.0
SO-AVA,2018,Mai,5,185.7,7.0
SO-AVA,2018,Juin,6,114.1,4.5
SO-AVA,2018,Juillet,7,182.9,4.5
SO-AVA,2018,Août,8,102.5,3.5
SO-AVA,2018,Septembre,9,122.5,6.5
SO-AVA,2018,Octobre,10,134.6,5.5
SO-AVA,2018,Novembre,11,54.0,3.0
SO-AVA,2018,Décembre,12,0.0,0.0
TOFFO,2018,Janvier,1,0.0,0.0
TOFFO,2018,Février,2,69.5,1.5
TOFFO,2018,Mars,3,138.0,4.5
TOFFO,2018,Avril,4,128.5,4.0
TOFFO,2018,Mai,5,155.5,6.0
TOFFO,2018,Juin,6,93.0,4.5
TOFFO,2018,Juillet,7,73.5,4.5
TOFFO,2018,Août,8,180.0,6.5
TOFFO,2018,Septembre,9,179.5,9.5
TOFFO,2018,Octobre,10,337.0,10.5
TOFFO,2018,Novembre,11,87.5,4.0
TOFFO,2018,Décembre,12,0.0,0.0
TORI-BOSSITO,2018,Janvier,1,0.0,0.0
TORI-BOSSITO,2018,Février,2,101.35,4.0
TORI-BOSSITO,2018,Mars,3,66.9,4.0
TORI-BOSSITO,2018,Avril,4,31.0,2.0
TORI-BOSSITO,2018,Mai,5,163.0,10.0
TORI-BOSSITO,2018,Juin,6,88.0,4.5
TORI-BOSSITO,2018,Juillet,7,56.5,5.0
TORI-BOSSITO,2018,Août,8,45.5,4.0
TORI-BOSSITO,2018,Septembre,9,111.0,6.5
TORI-BOSSITO,2018,Octobre,10,219.0,9.5
TORI-BOSSITO,2018,Novembre,11,107.5,7.5
TORI-BOSSITO,2018,Décembre,12,0.0,0.0
ZE,2018,Janvier,1,0.0,0.0
ZE,2018,Février,2,49.2,2.0
ZE,2018,Mars,3,104.9,5.0
ZE,2018,Avril,4,77.4,5.0
ZE,2018,Mai,5,126.5,7.0
ZE,2018,Juin,6,109.6,6.5
ZE,2018,Juillet,7,108.25,5.5
ZE,2018,Août,8,64.5,5.5
ZE,2018,Septembre,9,146.0,7.0625
ZE,2018,Octobre,10,128.0,10.5
ZE,2018,Novembre,11,33.75,3.0
ZE,2018,Décembre,12,0.0,0.0
DEPART. ATLANTIQUE,2018,Janvier,1,0.0,0.0
DEPART. ATLANTIQUE,2018,Février,2,78.54333333333332,3.0
DEPART. ATLANTIQUE,2018,Mars,3,83.81166666666667,4.833333333333334
DEPART. ATLANTIQUE,2018,Avril,4,80.18333333333334,3.7499999999999996
DEPART. ATLANTIQUE,2018,Mai,5,157.225,8.166666666666666
DEPART. ATLANTIQUE,2018,Juin,6,110.7625,5.333333333333333
DEPART. ATLANTIQUE,2018,Juillet,7,78.75833333333333,5.5
DEPART. ATLANTIQUE,2018,Août,8,77.45,4.083333333333333
DEPART. ATLANTIQUE,2018,Septembre,9,125.225,8.166666666666666
DEPART. ATLANTIQUE,2018,Octobre,10,196.08083333333332,8.916666666666668
DEPART. ATLANTIQUE,2018,Novembre,11,68.81666666666666,4.833333333333333
DEPART. ATLANTIQUE,2018,Décembre,12,0.30833333333333335,0.16666666666666666
COTONOU,2018,Janvier,1,0.0,0.0
COTONOU,2018,Février,2,0.0,0.0
COTONOU,2018,Mars,3,109.0,6.0
COTONOU,2018,Avril,4,61.599999999999994,5.0
COTONOU,2018,Mai,5,290.5,14.0
COTONOU,2018,Juin,6,101.0,25.0
COTONOU,2018,Juillet,7,151.29999999999998,11.0
COTONOU,2018,Août,8,87.79,6.0
COTONOU,2018,Septembre,9,154.81,8.0
COTONOU,2018,Octobre,10,169.1,12.0
COTONOU,2018,Novembre,11,76.8,7.0
COTONOU,2018,Décembre,12,0.0,0.0
DEPART. LITTORAL,2018,Janvier,1,0.0,0.0
DEPART. LITTORAL,2018,Février,2,0.0,0.0
DEPART. LITTORAL,2018,Mars,3,109.0,6.0
DEPART. LITTORAL,2018,Avril,4,61.599999999999994,5.0
DEPART. LITTORAL,2018,Mai,5,290.5,14.0
DEPART. LITTORAL,2018,Juin,6,101.0,25.0
DEPART. LITTORAL,2018,Juillet,7,151.29999999999998,11.0
DEPART. LITTORAL,2018,Août,8,87.79,6.0
DEPART. LITTORAL,2018,Septembre,9,154.81,8.0
DEPART. LITTORAL,2018,Octobre,10,169.1,12.0
DEPART. LITTORAL,2018,Novembre,11,76.8,7.0
DEPART. LITTORAL,2018,Décembre,12,0.0,0.0
BENIN,2018,Janvier,1,0.4805194805194805,0.012987012987012988
BENIN,2018,Février,2,37.05711193568335,2.2099567099567103
BENIN,2018,Mars,3,53.803658008658026,3.3528138528138522
BENIN,2018,Avril,4,71.62367965367964,3.598917748917749
BENIN,2018,Mai,5,143.58900319521746,7.553679653679653
BENIN,2018,Juin,6,136.13418779633065,7.551298701298702
BENIN,2018,Juillet,7,155.9865693829979,8.585497835497836
BENIN,2018,Août,8,168.83202297702292,8.395670995670995
BENIN,2018,Septembre,9,203.17685219542358,10.84107142857143
BENIN,2018,Octobre,10,121.4588803620622,6.98051948051948
BENIN,2018,Novembre,11,20.106190476190474,1.8073593073593075
BENIN,2018,Décembre,12,0.07597402597402597,0.025974025974025976
BEMBEREKE,2019,Janvier,1,4.56,1.0
BEMBEREKE,2019,Février,2,0.0,0.0
BEMBEREKE,2019,Mars,3,3.66,1.0
BEMBEREKE,2019,Avril,4,30.64,2.0
BEMBEREKE,2019,Mai,5,91.18,6.0
BEMBEREKE,2019,Juin,6,28.96,3.0
BEMBEREKE,2019,Juillet,7,108.12,6.0
BEMBEREKE,2019,Août,8,171.9,8.0
BEMBEREKE,2019,Septembre,9,168.0,8.0
BEMBEREKE,2019,Octobre,10,240.1,10.0
BEMBEREKE,2019,Novembre,11,0.0,0.0
BEMBEREKE,2019,Décembre,12,0.0,0.0
KALALE,2019,Janvier,1,0.0,0.0
KALALE,2019,Février,2,0.0,0.0
KALALE,2019,Mars,3,0.0,0.0
KALALE,2019,Avril,4,50.0,1.0
KALALE,2019,Mai,5,239.0,7.0
KALALE,2019,Juin,6,72.0,3.0
KALALE,2019,Juillet,7,297.0,8.0
KALALE,2019,Août,8,403.0,14.0
KALALE,2019,Septembre,9,266.0,11.0
KALALE,2019,Octobre,10,206.0,15.0
KALALE,2019,Novembre,11,0.0,0.0
KALALE,2019,Décembre,12,0.0,0.0
N'DALI,2019,Janvier,1,0.0,0.0
N'DALI,2019,Février,2,0.0,0.0
N'DALI,2019,Mars,3,14.0,2.0
N'DALI,2019,Avril,4,44.13,3.0
N'DALI,2019,Mai,5,112.88,5.0
N'DALI,2019,Juin,6,111.0,6.0
N'DALI,2019,Juillet,7,308.75,11.0
N'DALI,2019,Août,8,233.5,8.0
N'DALI,2019,Septembre,9,262.13,13.0
N'DALI,2019,Octobre,10,184.25,10.0
N'DALI,2019,Novembre,11,26.25,3.0
N'DALI,2019,Décembre,12,0.0,0.0
NIKKI,2019,Janvier,1,0.0,0.0
NIKKI,2019,Février,2,0.0,0.0
NIKKI,2019,Mars,3,0.0,0.0
NIKKI,2019,Avril,4,24.88,1.0
NIKKI,2019,Mai,5,36.63,5.0
NIKKI,2019,Juin,6,156.88,6.0
NIKKI,2019,Juillet,7,242.75,10.0
NIKKI,2019,Août,8,233.38,9.0
NIKKI,2019,Septembre,9,283.75,9.0
NIKKI,2019,Octobre,10,261.5,9.0
NIKKI,2019,Novembre,11,0.0,0.0
NIKKI,2019,Décembre,12,0.0,0.0
PARAKOU,2019,Janvier,1,21.03,1.0
PARAKOU,2019,Février,2,6.43,1.0
PARAKOU,2019,Mars,3,10.79,1.0
PARAKOU,2019,Avril,4,114.09,3.0
PARAKOU,2019,Mai,5,75.89,4.0
PARAKOU,2019,Juin,6,151.16,6.0
PARAKOU,2019,Juillet,7,284.42,10.0
PARAKOU,2019,Août,8,136.0,6.0
PARAKOU,2019,Septembre,9,254.34,12.0
PARAKOU,2019,Octobre,10,179.0,13.0
PARAKOU,2019,Novembre,11,0.0,0.0
PARAKOU,2019,Décembre,12,0.0,0.0
PERERE,2019,Janvier,1,0.0,0.0
PERERE,2019,Février,2,0.0,0.0
PERERE,2019,Mars,3,0.0,0.0
PERERE,2019,Avril,4,35.0,1.0
PERERE,2019,Mai,5,146.0,5.0
PERERE,2019,Juin,6,150.6,8.0
PERERE,2019,Juillet,7,166.0,9.0
PERERE,2019,Août,8,154.0,6.0
PERERE,2019,Septembre,9,170.0,14.0
PERERE,2019,Octobre,10,202.0,13.0
PERERE,2019,Novembre,11,0.0,0.0
PERERE,2019,Décembre,12,0.0,0.0
SINENDE,2019,Janvier,1,0.0,0.0
SINENDE,2019,Février,2,0.0,0.0
SINENDE,2019,Mars,3,0.0,0.0
SINENDE,2019,Avril,4,18.67,2.0
SINENDE,2019,Mai,5,93.47,4.0
SINENDE,2019,Juin,6,80.83,6.0
SINENDE,2019,Juillet,7,186.0,10.0
SINENDE,2019,Août,8,263.4,9.0
SINENDE,2019,Septembre,9,250.33,12.0
SINENDE,2019,Octobre,10,216.83,12.0
SINENDE,2019,Novembre,11,0.0,0.0
SINENDE,2019,Décembre,12,0.0,0.0
TCHAOUROU,2019,Janvier,1,5.85,1.0
TCHAOUROU,2019,Février,2,3.37,1.0
TCHAOUROU,2019,Mars,3,23.9,2.0
TCHAOUROU,2019,Avril,4,83.83,4.0
TCHAOUROU,2019,Mai,5,93.37,4.0
TCHAOUROU,2019,Juin,6,129.82,7.0
TCHAOUROU,2019,Juillet,7,274.13,12.0
TCHAOUROU,2019,Août,8,157.83,9.0
TCHAOUROU,2019,Septembre,9,206.63,11.0
TCHAOUROU,2019,Octobre,10,186.45,13.0
TCHAOUROU,2019,Novembre,11,7.81,1.0
TCHAOUROU,2019,Décembre,12,0.0,0.0
DEPART. BORGOU,2019,Janvier,1,6.41,1.0
DEPART. BORGOU,2019,Février,2,2.04,1.0
DEPART. BORGOU,2019,Mars,3,9.16,1.0
DEPART. BORGOU,2019,Avril,4,58.49,3.0
DEPART. BORGOU,2019,Mai,5,87.83,5.0
DEPART. BORGOU,2019,Juin,6,109.95,6.0
DEPART. BORGOU,2019,Juillet,7,231.36,10.0
DEPART. BORGOU,2019,Août,8,186.66,8.0
DEPART. BORGOU,2019,Septembre,9,225.96,10.0
DEPART. BORGOU,2019,Octobre,10,200.43,11.0
DEPART. BORGOU,2019,Novembre,11,4.75,1.0
DEPART. BORGOU,2019,Décembre,12,0.0,0.0
BANIKOARA,2019,Janvier,1,0.0,0.0
BANIKOARA,2019,Février,2,0.0,0.0
BANIKOARA,2019,Mars,3,0.0,0.0
BANIKOARA,2019,Avril,4,9.2,2.0
BANIKOARA,2019,Mai,5,131.7,7.0
BANIKOARA,2019,Juin,6,87.72,6.0
BANIKOARA,2019,Juillet,7,194.8,10.0
BANIKOARA,2019,Août,8,321.98,15.0
BANIKOARA,2019,Septembre,9,196.16,11.0
BANIKOARA,2019,Octobre,10,113.84,7.0
BANIKOARA,2019,Novembre,11,0.0,0.0
BANIKOARA,2019,Décembre,12,0.0,0.0
GOGOUNOU,2019,Janvier,1,0.0,0.0
GOGOUNOU,2019,Février,2,0.0,0.0
GOGOUNOU,2019,Mars,3,0.0,0.0
GOGOUNOU,2019,Avril,4,39.050000000000004,2.0
GOGOUNOU,2019,Mai,5,104.32666666666665,6.0
GOGOUNOU,2019,Juin,6,94.78333333333335,6.0
GOGOUNOU,2019,Juillet,7,311.26666666666665,11.0
GOGOUNOU,2019,Août,8,306.33333333333337,14.0
GOGOUNOU,2019,Septembre,9,200.1833333333333,12.0
GOGOUNOU,2019,Octobre,10,83.26666666666667,9.333333333333334
GOGOUNOU,2019,Novembre,11,0.0,0.0
GOGOUNOU,2019,Décembre,12,0.0,0.0
KANDI,2019,Janvier,1,0.0,0.0
KANDI,2019,Février,2,0.0,0.0
KANDI,2019,Mars,3,0.0,0.0
KANDI,2019,Avril,4,41.833333333333336,3.0
KANDI,2019,Mai,5,180.93333333333334,8.0
KANDI,2019,Juin,6,99.66666666666667,6.0
KANDI,2019,Juillet,7,211.63333333333333,9.0
KANDI,2019,Août,8,319.0,12.0
KANDI,2019,Septembre,9,241.16666666666669,11.0
KANDI,2019,Octobre,10,142.66666666666666,10.0
KANDI,2019,Novembre,11,0.0,0.0
KANDI,2019,Décembre,12,0.0,0.0
KARIMAMA,2019,Janvier,1,0.0,0.0
KARIMAMA,2019,Février,2,0.0,0.0
KARIMAMA,2019,Mars,3,0.0,0.0
KARIMAMA,2019,Avril,4,0.0,0.0
KARIMAMA,2019,Mai,5,103.0,2.0
KARIMAMA,2019,Juin,6,65.0,2.0
KARIMAMA,2019,Juillet,7,174.0,6.0
KARIMAMA,2019,Août,8,212.5,13.0
KARIMAMA,2019,Septembre,9,115.1,2.0
KARIMAMA,2019,Octobre,10,70.0,5.0
KARIMAMA,2019,Novembre,11,0.0,0.0
KARIMAMA,2019,Décembre,12,0.0,0.0
MALANVILLE,2019,Janvier,1,0.0,0.0
MALANVILLE,2019,Février,2,0.0,0.0
MALANVILLE,2019,Mars,3,0.0,0.0
MALANVILLE,2019,Avril,4,11.5,1.0
MALANVILLE,2019,Mai,5,153.0,8.0
MALANVILLE,2019,Juin,6,159.75,7.0
MALANVILLE,2019,Juillet,7,209.75,9.0
MALANVILLE,2019,Août,8,272.5,12.0
MALANVILLE,2019,Septembre,9,144.25,10.0
MALANVILLE,2019,Octobre,10,74.25,7.0
MALANVILLE,2019,Novembre,11,0.0,0.0
MALANVILLE,2019,Décembre,12,0.0,0.0
SEGBANA,2019,Janvier,1,0.0,0.0
SEGBANA,2019,Février,2,0.0,0.0
SEGBANA,2019,Mars,3,0.0,0.0
SEGBANA,2019,Avril,4,0.0,0.0
SEGBANA,2019,Mai,5,148.6,9.0
SEGBANA,2019,Juin,6,61.6,8.0
SEGBANA,2019,Juillet,7,166.4,13.0
SEGBANA,2019,Août,8,219.1,14.0
SEGBANA,2019,Septembre,9,291.6,18.0
SEGBANA,2019,Octobre,10,123.8,12.0
SEGBANA,2019,Novembre,11,0.0,0.0
SEGBANA,2019,Décembre,12,0.0,0.0
DEPART. ALIBORI,2019,Janvier,1,0.0,0.0
DEPART. ALIBORI,2019,Février,2,0.0,0.0
DEPART. ALIBORI,2019,Mars,3,0.0,0.0
DEPART. ALIBORI,2019,Avril,4,20.776666666666664,2.0
DEPART. ALIBORI,2019,Mai,5,138.12533333333334,7.0
DEPART. ALIBORI,2019,Juin,6,100.67,7.0
DEPART. ALIBORI,2019,Juillet,7,220.1733333333333,10.0
DEPART. ALIBORI,2019,Août,8,297.4533333333333,14.0
DEPART. ALIBORI,2019,Septembre,9,200.00333333333336,12.0
DEPART. ALIBORI,2019,Octobre,10,120.27722222222222,10.0
DEPART. ALIBORI,2019,Novembre,11,0.0,0.0
DEPART. ALIBORI,2019,Décembre,12,0.0,0.0
BOUKOUMBE,2019,Janvier,1,0.0,0.0
BOUKOUMBE,2019,Février,2,0.0,0.0
BOUKOUMBE,2019,Mars,3,0.0,0.0
BOUKOUMBE,2019,Avril,4,21.0,3.0
BOUKOUMBE,2019,Mai,5,88.3,3.0
BOUKOUMBE,2019,Juin,6,106.19999999999999,7.0
BOUKOUMBE,2019,Juillet,7,125.6,8.0
BOUKOUMBE,2019,Août,8,284.7,8.0
BOUKOUMBE,2019,Septembre,9,109.2,6.0
BOUKOUMBE,2019,Octobre,10,241.0,14.0
BOUKOUMBE,2019,Novembre,11,0.0,0.0
BOUKOUMBE,2019,Décembre,12,0.0,0.0
COBLY,2019,Janvier,1,0.0,0.0
COBLY,2019,Février,2,0.0,0.0
COBLY,2019,Mars,3,20.26,1.0
COBLY,2019,Avril,4,82.72,4.0
COBLY,2019,Mai,5,54.34,3.0
COBLY,2019,Juin,6,140.12,8.0
COBLY,2019,Juillet,7,143.22,8.5
COBLY,2019,Août,8,151.93,5.0
COBLY,2019,Septembre,9,65.92,3.0
COBLY,2019,Octobre,10,293.11,15.5
COBLY,2019,Novembre,11,0.0,0.0
COBLY,2019,Décembre,12,0.0,0.0
KEROU,2019,Janvier,1,7.0,1.0
KEROU,2019,Février,2,0.0,0.0
KEROU,2019,Mars,3,1.2,1.0
KEROU,2019,Avril,4,30.9,2.0
KEROU,2019,Mai,5,150.5,6.0
KEROU,2019,Juin,6,102.7,5.0
KEROU,2019,Juillet,7,253.1,14.0
KEROU,2019,Août,8,187.5,14.0
KEROU,2019,Septembre,9,98.9,11.0
KEROU,2019,Octobre,10,0.0,0.0
KEROU,2019,Novembre,11,0.0,0.0
KEROU,2019,Décembre,12,0.0,0.0
KOUANDE,2019,Janvier,1,0.0,0.0
KOUANDE,2019,Février,2,0.0,0.0
KOUANDE,2019,Mars,3,41.5,4.0
KOUANDE,2019,Avril,4,73.3,6.0
KOUANDE,2019,Mai,5,202.4,11.0
KOUANDE,2019,Juin,6,137.8,11.0
KOUANDE,2019,Juillet,7,225.2,17.0
KOUANDE,2019,Août,8,267.1,19.0
KOUANDE,2019,Septembre,9,191.6,17.0
KOUANDE,2019,Octobre,10,208.7,19.0
KOUANDE,2019,Novembre,11,33.4,1.0
KOUANDE,2019,Décembre,12,0.0,0.0
MATERI,2019,Janvier,1,0.0,0.0
MATERI,2019,Février,2,0.0,0.0
MATERI,2019,Mars,3,0.0,0.0
MATERI,2019,Avril,4,71.25,2.0
MATERI,2019,Mai,5,9.43,1.0
MATERI,2019,Juin,6,127.89,3.25
MATERI,2019,Juillet,7,241.81,9.25
MATERI,2019,Août,8,133.86,6.0
MATERI,2019,Septembre,9,130.38,7.75
MATERI,2019,Octobre,10,288.17,16.0
MATERI,2019,Novembre,11,0.0,0.0
MATERI,2019,Décembre,12,0.0,0.0
NATITINGOU,2019,Janvier,1,0.0,0.0
NATITINGOU,2019,Février,2,0.0,0.0
NATITINGOU,2019,Mars,3,0.0,0.0
NATITINGOU,2019,Avril,4,155.0,5.0
NATITINGOU,2019,Mai,5,45.0,2.0
NATITINGOU,2019,Juin,6,109.6,11.0
NATITINGOU,2019,Juillet,7,171.1,10.0
NATITINGOU,2019,Août,8,294.4,14.0
NATITINGOU,2019,Septembre,9,203.1,15.0
NATITINGOU,2019,Octobre,10,227.9,12.0
NATITINGOU,2019,Novembre,11,0.0,0.0
NATITINGOU,2019,Décembre,12,0.0,0.0
PEHUNCO,2019,Janvier,1,0.0,0.0
PEHUNCO,2019,Février,2,0.0,0.0
PEHUNCO,2019,Mars,3,25.4,2.0
PEHUNCO,2019,Avril,4,36.2,3.0
PEHUNCO,2019,Mai,5,229.9,9.0
PEHUNCO,2019,Juin,6,70.7,9.0
PEHUNCO,2019,Juillet,7,351.7,15.0
PEHUNCO,2019,Août,8,275.5,12.0
PEHUNCO,2019,Septembre,9,274.7,12.0
PEHUNCO,2019,Octobre,10,168.3,14.0
PEHUNCO,2019,Novembre,11,0.0,0.0
PEHUNCO,2019,Décembre,12,0.0,0.0
TANGUIETA,2019,Janvier,1,0.0,0.0
TANGUIETA,2019,Février,2,0.0,0.0
TANGUIETA,2019,Mars,3,0.0,0.0
TANGUIETA,2019,Avril,4,0.0,0.0
TANGUIETA,2019,Mai,5,98.12,4.0
TANGUIETA,2019,Juin,6,206.0,11.0
TANGUIETA,2019,Juillet,7,191.2,11.0
TANGUIETA,2019,Août,8,121.0,13.0
TANGUIETA,2019,Septembre,9,158.7,16.0
TANGUIETA,2019,Octobre,10,120.1,13.0
TANGUIETA,2019,Novembre,11,0.0,0.0
TANGUIETA,2019,Décembre,12,0.0,0.0
TOUCOUNTOUNA,2019,Janvier,1,0.0,0.0
TOUCOUNTOUNA,2019,Février,2,0.0,0.0
TOUCOUNTOUNA,2019,Mars,3,0.0,0.0
TOUCOUNTOUNA,2019,Avril,4,215.0,3.0
TOUCOUNTOUNA,2019,Mai,5,103.0,3.0
TOUCOUNTOUNA,2019,Juin,6,168.0,7.0
TOUCOUNTOUNA,2019,Juillet,7,201.6,13.0
TOUCOUNTOUNA,2019,Août,8,268.75,10.0
TOUCOUNTOUNA,2019,Septembre,9,216.05,12.0
TOUCOUNTOUNA,2019,Octobre,10,149.9,9.0
TOUCOUNTOUNA,2019,Novembre,11,0.0,0.0
TOUCOUNTOUNA,2019,Décembre,12,0.0,0.0
DEPART. ATACORA,2019,Janvier,1,0.78,0.0
DEPART. ATACORA,2019,Février,2,0.0,0.0
DEPART. ATACORA,2019,Mars,3,9.82,1.0
DEPART. ATACORA,2019,Avril,4,76.15,3.0
DEPART. ATACORA,2019,Mai,5,109.0,5.0
DEPART. ATACORA,2019,Juin,6,129.89,8.0
DEPART. ATACORA,2019,Juillet,7,211.61,12.0
DEPART. ATACORA,2019,Août,8,220.53,11.0
DEPART. ATACORA,2019,Septembre,9,160.95,11.0
DEPART. ATACORA,2019,Octobre,10,188.58,13.0
DEPART. ATACORA,2019,Novembre,11,3.71,0.0
DEPART. ATACORA,2019,Décembre,12,0.0,0.0
BASSILA,2019,Janvier,1,14.15,1.0
BASSILA,2019,Février,2,5.4,1.0
BASSILA,2019,Mars,3,42.95,5.0
BASSILA,2019,Avril,4,74.65,6.0
BASSILA,2019,Mai,5,60.77,7.0
BASSILA,2019,Juin,6,112.3,9.0
BASSILA,2019,Juillet,7,154.8,15.0
BASSILA,2019,Août,8,182.6,15.0
BASSILA,2019,Septembre,9,246.4,16.0
BASSILA,2019,Octobre,10,0.0,0.0
BASSILA,2019,Novembre,11,0.0,0.0
BASSILA,2019,Décembre,12,0.0,0.0
COPARGO,2019,Janvier,1,0.0,0.0
COPARGO,2019,Février,2,0.0,0.0
COPARGO,2019,Mars,3,18.0,2.0
COPARGO,2019,Avril,4,60.7,3.0
COPARGO,2019,Mai,5,120.3,6.0
COPARGO,2019,Juin,6,131.8,7.0
COPARGO,2019,Juillet,7,236.0,12.0
COPARGO,2019,Août,8,269.5,13.0
COPARGO,2019,Septembre,9,299.8,15.0
COPARGO,2019,Octobre,10,15.3,2.0
COPARGO,2019,Novembre,11,0.0,0.0
COPARGO,2019,Décembre,12,0.0,0.0
DJOUGOU,2019,Janvier,1,0.0,0.0
DJOUGOU,2019,Février,2,0.0,0.0
DJOUGOU,2019,Mars,3,28.83,2.0
DJOUGOU,2019,Avril,4,50.83,4.0
DJOUGOU,2019,Mai,5,107.4,5.0
DJOUGOU,2019,Juin,6,112.3,7.0
DJOUGOU,2019,Juillet,7,219.6,11.0
DJOUGOU,2019,Août,8,210.5,11.0
DJOUGOU,2019,Septembre,9,283.3,12.0
DJOUGOU,2019,Octobre,10,0.0,0.0
DJOUGOU,2019,Novembre,11,0.0,0.0
DJOUGOU,2019,Décembre,12,0.0,0.0
OUAKE,2019,Janvier,1,0.0,0.0
OUAKE,2019,Février,2,0.0,0.0
OUAKE,2019,Mars,3,52.0,1.0
OUAKE,2019,Avril,4,93.6,5.0
OUAKE,2019,Mai,5,109.5,6.0
OUAKE,2019,Juin,6,118.1,8.0
OUAKE,2019,Juillet,7,297.5,12.0
OUAKE,2019,Août,8,268.4,12.0
OUAKE,2019,Septembre,9,315.5,12.0
OUAKE,2019,Octobre,10,0.0,0.0
OUAKE,2019,Novembre,11,0.0,0.0
OUAKE,2019,Décembre,12,0.0,0.0
DEPART. DONGA,2019,Janvier,1,5.6,1.0
DEPART. DONGA,2019,Février,2,2.7,1.0
DEPART. DONGA,2019,Mars,3,34.58,3.0
DEPART. DONGA,2019,Avril,4,67.38,5.0
DEPART. DONGA,2019,Mai,5,96.19,7.0
DEPART. DONGA,2019,Juin,6,115.62,7.0
DEPART. DONGA,2019,Juillet,7,226.24,13.0
DEPART. DONGA,2019,Août,8,222.99,13.0
DEPART. DONGA,2019,Septembre,9,281.24,15.0
DEPART. DONGA,2019,Octobre,10,15.3,2.0
DEPART. DONGA,2019,Novembre,11,0.0,0.0
DEPART. DONGA,2019,Décembre,12,0.0,0.0
ABOMEY,2019,Janvier,1,21.7,2.0
ABOMEY,2019,Février,2,20.1,3.0
ABOMEY,2019,Mars,3,61.0,5.0
ABOMEY,2019,Avril,4,83.0,6.0
ABOMEY,2019,Mai,5,100.0,7.0
ABOMEY,2019,Juin,6,127.0,10.0
ABOMEY,2019,Juillet,7,114.0,8.0
ABOMEY,2019,Août,8,59.0,6.0
ABOMEY,2019,Septembre,9,160.0,11.0
ABOMEY,2019,Octobre,10,228.8,18.0
ABOMEY,2019,Novembre,11,41.0,4.0
ABOMEY,2019,Décembre,12,0.0,0.0
AGBANGNIZOUN,2019,Janvier,1,21.0,2.0
AGBANGNIZOUN,2019,Février,2,3.1,1.0
AGBANGNIZOUN,2019,Mars,3,52.0,4.0
AGBANGNIZOUN,2019,Avril,4,90.42,7.0
AGBANGNIZOUN,2019,Mai,5,107.9,10.0
AGBANGNIZOUN,2019,Juin,6,192.7,8.0
AGBANGNIZOUN,2019,Juillet,7,178.5,11.0
AGBANGNIZOUN,2019,Août,8,80.1,4.0
AGBANGNIZOUN,2019,Septembre,9,254.7,12.0
AGBANGNIZOUN,2019,Octobre,10,321.2,16.0
AGBANGNIZOUN,2019,Novembre,11,72.0,5.0
AGBANGNIZOUN,2019,Décembre,12,0.0,0.0
BOHICON,2019,Janvier,1,24.2,4.0
BOHICON,2019,Février,2,22.6,4.0
BOHICON,2019,Mars,3,73.0,6.0
BOHICON,2019,Avril,4,68.0,4.0
BOHICON,2019,Mai,5,148.5,8.0
BOHICON,2019,Juin,6,145.5,11.0
BOHICON,2019,Juillet,7,102.0,8.0
BOHICON,2019,Août,8,49.78,6.0
BOHICON,2019,Septembre,9,194.5,12.0
BOHICON,2019,Octobre,10,241.15,21.0
BOHICON,2019,Novembre,11,49.75,6.0
BOHICON,2019,Décembre,12,0.0,0.0
COVE,2019,Janvier,1,18.6,2.0
COVE,2019,Février,2,2.8,1.0
COVE,2019,Mars,3,69.0,5.0
COVE,2019,Avril,4,123.0,4.0
COVE,2019,Mai,5,152.02,7.0
COVE,2019,Juin,6,181.5,10.0
COVE,2019,Juillet,7,232.6,10.0
COVE,2019,Août,8,59.47,5.0
COVE,2019,Septembre,9,194.8,11.0
COVE,2019,Octobre,10,237.87,18.0
COVE,2019,Novembre,11,42.43,4.0
COVE,2019,Décembre,12,0.0,0.0
DJIDJA,2019,Janvier,1,18.8,3.0
DJIDJA,2019,Février,2,11.2,3.0
DJIDJA,2019,Mars,3,69.0,5.0
DJIDJA,2019,Avril,4,64.23,6.0
DJIDJA,2019,Mai,5,127.75,9.0
DJIDJA,2019,Juin,6,195.93,12.0
DJIDJA,2019,Juillet,7,287.5,11.0
DJIDJA,2019,Août,8,84.57,6.0
DJIDJA,2019,Septembre,9,189.47,11.0
DJIDJA,2019,Octobre,10,276.27,19.0
DJIDJA,2019,Novembre,11,28.0,5.0
DJIDJA,2019,Décembre,12,0.0,0.0
OUINHI,2019,Janvier,1,27.6,2.0
OUINHI,2019,Février,2,5.1,1.0
OUINHI,2019,Mars,3,104.0,4.0
OUINHI,2019,Avril,4,181.8,8.0
OUINHI,2019,Mai,5,164.08,8.0
OUINHI,2019,Juin,6,174.5,9.0
OUINHI,2019,Juillet,7,157.25,9.0
OUINHI,2019,Août,8,50.0,6.0
OUINHI,2019,Septembre,9,198.0,12.0
OUINHI,2019,Octobre,10,212.9,18.0
OUINHI,2019,Novembre,11,25.5,3.0
OUINHI,2019,Décembre,12,0.0,0.0
ZAGNANADO,2019,Janvier,1,18.6,2.0
ZAGNANADO,2019,Février,2,0.0,0.0
ZAGNANADO,2019,Mars,3,77.0,5.0
ZAGNANADO,2019,Avril,4,37.0,2.0
ZAGNANADO,2019,Mai,5,164.0,6.0
ZAGNANADO,2019,Juin,6,141.5,7.0
ZAGNANADO,2019,Juillet,7,186.0,8.0
ZAGNANADO,2019,Août,8,68.35,5.0
ZAGNANADO,2019,Septembre,9,152.0,10.0
ZAGNANADO,2019,Octobre,10,239.35,15.0
ZAGNANADO,2019,Novembre,11,41.5,3.0
ZAGNANADO,2019,Décembre,12,0.0,0.0
ZA-KPOTA,2019,Janvier,1,25.4,2.0
ZA-KPOTA,2019,Février,2,2.1,1.0
ZA-KPOTA,2019,Mars,3,68.0,5.0
ZA-KPOTA,2019,Avril,4,63.88,5.0
ZA-KPOTA,2019,Mai,5,91.0,6.0
ZA-KPOTA,2019,Juin,6,194.0,9.0
ZA-KPOTA,2019,Juillet,7,247.0,10.0
ZA-KPOTA,2019,Août,8,64.0,5.0
ZA-KPOTA,2019,Septembre,9,176.35,12.0
ZA-KPOTA,2019,Octobre,10,334.1,18.0
ZA-KPOTA,2019,Novembre,11,52.0,5.0
ZA-KPOTA,2019,Décembre,12,0.0,0.0
ZOGBODOMEY,2019,Janvier,1,18.5,3.0
ZOGBODOMEY,2019,Février,2,7.6,3.0
ZOGBODOMEY,2019,Mars,3,76.0,4.0
ZOGBODOMEY,2019,Avril,4,109.5,6.0
ZOGBODOMEY,2019,Mai,5,83.43,6.0
ZOGBODOMEY,2019,Juin,6,167.75,14.0
ZOGBODOMEY,2019,Juillet,7,181.37,9.0
ZOGBODOMEY,2019,Août,8,83.0,6.0
ZOGBODOMEY,2019,Septembre,9,168.15,10.0
ZOGBODOMEY,2019,Octobre,10,197.25,20.0
ZOGBODOMEY,2019,Novembre,11,98.75,7.0
ZOGBODOMEY,2019,Décembre,12,0.0,0.0
DEPART. ZOU,2019,Janvier,1,21.6,2.0
DEPART. ZOU,2019,Février,2,8.3,2.0
DEPART. ZOU,2019,Mars,3,72.2,5.0
DEPART. ZOU,2019,Avril,4,91.2,5.0
DEPART. ZOU,2019,Mai,5,126.52,7.0
DEPART. ZOU,2019,Juin,6,168.93,10.0
DEPART. ZOU,2019,Juillet,7,187.36,9.0
DEPART. ZOU,2019,Août,8,66.47,5.0
DEPART. ZOU,2019,Septembre,9,187.55,11.0
DEPART. ZOU,2019,Octobre,10,254.32,18.0
DEPART. ZOU,2019,Novembre,11,50.1,5.0
DEPART. ZOU,2019,Décembre,12,0.0,0.0
BANTE,2019,Janvier,1,0.0,0.0
BANTE,2019,Février,2,0.0,0.0
BANTE,2019,Mars,3,73.15,3.0
BANTE,2019,Avril,4,110.2,5.0
BANTE,2019,Mai,5,175.43,7.0
BANTE,2019,Juin,6,119.2,9.0
BANTE,2019,Juillet,7,238.94,12.0
BANTE,2019,Août,8,295.68,13.0
BANTE,2019,Septembre,9,181.32,11.0
BANTE,2019,Octobre,10,206.59,12.0
BANTE,2019,Novembre,11,9.5,1.0
BANTE,2019,Décembre,12,0.0,0.0
DASSA-ZOUME,2019,Janvier,1,6.25,1.0
DASSA-ZOUME,2019,Février,2,2.05,1.0
DASSA-ZOUME,2019,Mars,3,83.05,4.0
DASSA-ZOUME,2019,Avril,4,32.75,4.0
DASSA-ZOUME,2019,Mai,5,237.97,11.0
DASSA-ZOUME,2019,Juin,6,172.58,10.0
DASSA-ZOUME,2019,Juillet,7,286.55,9.0
DASSA-ZOUME,2019,Août,8,216.25,9.0
DASSA-ZOUME,2019,Septembre,9,129.08,11.0
DASSA-ZOUME,2019,Octobre,10,197.53,12.0
DASSA-ZOUME,2019,Novembre,11,12.15,1.0
DASSA-ZOUME,2019,Décembre,12,0.0,0.0
GLAZOUE,2019,Janvier,1,17.0,1.0
GLAZOUE,2019,Février,2,0.0,0.0
GLAZOUE,2019,Mars,3,52.63,4.0
GLAZOUE,2019,Avril,4,32.73,3.0
GLAZOUE,2019,Mai,5,153.43,8.0
GLAZOUE,2019,Juin,6,174.81,9.0
GLAZOUE,2019,Juillet,7,166.84,8.0
GLAZOUE,2019,Août,8,199.98,9.0
GLAZOUE,2019,Septembre,9,145.26,9.0
GLAZOUE,2019,Octobre,10,205.42,11.0
GLAZOUE,2019,Novembre,11,18.0,1.0
GLAZOUE,2019,Décembre,12,0.0,0.0
OUESSE,2019,Janvier,1,0.0,0.0
OUESSE,2019,Février,2,1.33,1.0
OUESSE,2019,Mars,3,30.7,3.0
OUESSE,2019,Avril,4,54.17,6.0
OUESSE,2019,Mai,5,102.75,7.0
OUESSE,2019,Juin,6,172.58,9.0
OUESSE,2019,Juillet,7,162.1,8.0
OUESSE,2019,Août,8,262.8,11.0
OUESSE,2019,Septembre,9,239.55,10.0
OUESSE,2019,Octobre,10,264.18,13.0
OUESSE,2019,Novembre,11,22.88,1.0
OUESSE,2019,Décembre,12,0.0,0.0
SAVALOU,2019,Janvier,1,10.5,1.0
SAVALOU,2019,Février,2,0.0,0.0
SAVALOU,2019,Mars,3,32.5,2.0
SAVALOU,2019,Avril,4,28.5,2.0
SAVALOU,2019,Mai,5,183.93,8.0
SAVALOU,2019,Juin,6,129.0,7.0
SAVALOU,2019,Juillet,7,240.98,7.0
SAVALOU,2019,Août,8,200.37,9.0
SAVALOU,2019,Septembre,9,140.0,9.0
SAVALOU,2019,Octobre,10,197.29,10.0
SAVALOU,2019,Novembre,11,3.7,1.0
SAVALOU,2019,Décembre,12,0.0,0.0
SAVE,2019,Janvier,1,0.0,0.0
SAVE,2019,Février,2,10.5,1.0
SAVE,2019,Mars,3,80.5,2.0
SAVE,2019,Avril,4,81.0,2.0
SAVE,2019,Mai,5,146.0,4.0
SAVE,2019,Juin,6,176.0,8.0
SAVE,2019,Juillet,7,60.0,4.0
SAVE,2019,Août,8,169.5,9.0
SAVE,2019,Septembre,9,193.0,10.0
SAVE,2019,Octobre,10,203.0,12.0
SAVE,2019,Novembre,11,34.5,1.0
SAVE,2019,Décembre,12,0.0,0.0
DEPART. COLLINES,2019,Janvier,1,6.5,2.0
DEPART. COLLINES,2019,Février,2,1.55,1.0
DEPART. COLLINES,2019,Mars,3,54.45,4.0
DEPART. COLLINES,2019,Avril,4,52.66,5.0
DEPART. COLLINES,2019,Mai,5,166.27,9.0
DEPART. COLLINES,2019,Juin,6,154.7,10.0
DEPART. COLLINES,2019,Juillet,7,209.04,10.0
DEPART. COLLINES,2019,Août,8,232.23,11.0
DEPART. COLLINES,2019,Septembre,9,169.43,9.0
DEPART. COLLINES,2019,Octobre,10,210.12,12.0
DEPART. COLLINES,2019,Novembre,11,15.39,1.0
DEPART. COLLINES,2019,Décembre,12,0.0,0.0
ATHIEME,2019,Janvier,1,52.53,1.0
ATHIEME,2019,Février,2,8.27,1.0
ATHIEME,2019,Mars,3,104.47,5.0
ATHIEME,2019,Avril,4,113.87,5.0
ATHIEME,2019,Mai,5,113.13,9.0
ATHIEME,2019,Juin,6,150.0,6.0
ATHIEME,2019,Juillet,7,146.9,8.0
ATHIEME,2019,Août,8,2.53,1.0
ATHIEME,2019,Septembre,9,118.8,5.0
ATHIEME,2019,Octobre,10,230.63,13.0
ATHIEME,2019,Novembre,11,177.0,10.0
ATHIEME,2019,Décembre,12,4.0,1.0
BOPA,2019,Janvier,1,42.5,1.0
BOPA,2019,Février,2,35.33,3.0
BOPA,2019,Mars,3,112.44,5.0
BOPA,2019,Avril,4,97.06,5.0
BOPA,2019,Mai,5,108.04,7.0
BOPA,2019,Juin,6,167.0,9.0
BOPA,2019,Juillet,7,56.32,5.0
BOPA,2019,Août,8,0.0,0.0
BOPA,2019,Septembre,9,129.0,9.0
BOPA,2019,Octobre,10,212.52,13.0
BOPA,2019,Novembre,11,97.0,8.0
BOPA,2019,Décembre,12,7.0,1.0
COME,2019,Janvier,1,27.33,2.0
COME,2019,Février,2,27.67,2.0
COME,2019,Mars,3,149.67,3.0
COME,2019,Avril,4,98.67,3.0
COME,2019,Mai,5,110.8,6.0
COME,2019,Juin,6,161.0,8.0
COME,2019,Juillet,7,83.7,5.0
COME,2019,Août,8,0.0,0.0
COME,2019,Septembre,9,98.1,7.0
COME,2019,Octobre,10,326.33,14.0
COME,2019,Novembre,11,90.0,8.0
COME,2019,Décembre,12,0.0,0.0
GRAND-POPO,2019,Janvier,1,32.38,1.0
GRAND-POPO,2019,Février,2,35.12,2.0
GRAND-POPO,2019,Mars,3,118.23,4.0
GRAND-POPO,2019,Avril,4,115.14,5.0
GRAND-POPO,2019,Mai,5,131.19,7.0
GRAND-POPO,2019,Juin,6,174.0,8.0
GRAND-POPO,2019,Juillet,7,93.8,6.0
GRAND-POPO,2019,Août,8,9.23,1.0
GRAND-POPO,2019,Septembre,9,83.0,8.0
GRAND-POPO,2019,Octobre,10,204.23,10.0
GRAND-POPO,2019,Novembre,11,65.0,5.0
GRAND-POPO,2019,Décembre,12,0.0,0.0
HOUEYOGBE,2019,Janvier,1,34.0,1.0
HOUEYOGBE,2019,Février,2,2.33,0.0
HOUEYOGBE,2019,Mars,3,120.33,3.0
HOUEYOGBE,2019,Avril,4,82.0,2.0
HOUEYOGBE,2019,Mai,5,116.5,8.0
HOUEYOGBE,2019,Juin,6,153.0,8.0
HOUEYOGBE,2019,Juillet,7,93.0,7.0
HOUEYOGBE,2019,Août,8,10.0,1.0
HOUEYOGBE,2019,Septembre,9,125.0,6.0
HOUEYOGBE,2019,Octobre,10,279.0,13.0
HOUEYOGBE,2019,Novembre,11,96.0,8.0
HOUEYOGBE,2019,Décembre,12,13.0,2.0
LOKOSSA,2019,Janvier,1,39.85,1.0
LOKOSSA,2019,Février,2,66.05,2.0
LOKOSSA,2019,Mars,3,87.28,5.0
LOKOSSA,2019,Avril,4,80.53,5.0
LOKOSSA,2019,Mai,5,113.93,8.0
LOKOSSA,2019,Juin,6,226.0,10.0
LOKOSSA,2019,Juillet,7,127.55,7.0
LOKOSSA,2019,Août,8,29.65,2.0
LOKOSSA,2019,Septembre,9,109.02,7.0
LOKOSSA,2019,Octobre,10,430.25,18.0
LOKOSSA,2019,Novembre,11,131.0,8.0
LOKOSSA,2019,Décembre,12,11.0,1.0
DEPART. MONO,2019,Janvier,1,38.12,2.0
DEPART. MONO,2019,Février,2,31.47,2.0
DEPART. MONO,2019,Mars,3,113.98,4.0
DEPART. MONO,2019,Avril,4,98.55,5.0
DEPART. MONO,2019,Mai,5,115.54,8.0
DEPART. MONO,2019,Juin,6,174.0,8.0
DEPART. MONO,2019,Juillet,7,97.08,7.0
DEPART. MONO,2019,Août,8,8.69,1.0
DEPART. MONO,2019,Septembre,9,109.02,7.0
DEPART. MONO,2019,Octobre,10,277.65,14.0
DEPART. MONO,2019,Novembre,11,107.0,8.0
DEPART. MONO,2019,Décembre,12,6.0,1.0
APLAHOUE,2019,Janvier,1,45.0,3.0
APLAHOUE,2019,Février,2,36.82,3.0
APLAHOUE,2019,Mars,3,111.44000000000001,6.0
APLAHOUE,2019,Avril,4,110.0,6.0
APLAHOUE,2019,Mai,5,144.04,7.0
APLAHOUE,2019,Juin,6,254.22000000000003,9.0
APLAHOUE,2019,Juillet,7,236.48000000000002,8.0
APLAHOUE,2019,Août,8,76.48,4.0
APLAHOUE,2019,Septembre,9,192.2,11.0
APLAHOUE,2019,Octobre,10,263.1,13.0
APLAHOUE,2019,Novembre,11,73.22000000000001,5.0
APLAHOUE,2019,Décembre,12,0.0,0.0
DJAKOTOMEY,2019,Janvier,1,24.625,2.0
DJAKOTOMEY,2019,Février,2,47.0,2.0
DJAKOTOMEY,2019,Mars,3,129.58333333333334,6.0
DJAKOTOMEY,2019,Avril,4,112.3,6.0
DJAKOTOMEY,2019,Mai,5,123.25,9.0
DJAKOTOMEY,2019,Juin,6,222.925,10.0
DJAKOTOMEY,2019,Juillet,7,235.25,7.0
DJAKOTOMEY,2019,Août,8,34.625,4.0
DJAKOTOMEY,2019,Septembre,9,128.25,11.0
DJAKOTOMEY,2019,Octobre,10,283.125,15.0
DJAKOTOMEY,2019,Novembre,11,72.75,5.0
DJAKOTOMEY,2019,Décembre,12,0.0,0.0
DOGBO,2019,Janvier,1,74.625,3.0
DOGBO,2019,Février,2,47.625,2.0
DOGBO,2019,Mars,3,54.95,5.0
DOGBO,2019,Avril,4,94.1,6.0
DOGBO,2019,Mai,5,68.425,6.0
DOGBO,2019,Juin,6,183.9,9.0
DOGBO,2019,Juillet,7,96.5,7.0
DOGBO,2019,Août,8,27.775,3.0
DOGBO,2019,Septembre,9,97.125,9.0
DOGBO,2019,Octobre,10,296.40000000000003,15.0
DOGBO,2019,Novembre,11,92.4,6.0
DOGBO,2019,Décembre,12,0.0,0.0
KLOUEKANME,2019,Janvier,1,34.0,1.0
KLOUEKANME,2019,Février,2,20.466666666666665,2.0
KLOUEKANME,2019,Mars,3,54.66666666666667,5.0
KLOUEKANME,2019,Avril,4,106.9,5.0
KLOUEKANME,2019,Mai,5,115.56666666666668,8.0
KLOUEKANME,2019,Juin,6,206.29999999999998,10.0
KLOUEKANME,2019,Juillet,7,139.3,11.0
KLOUEKANME,2019,Août,8,47.73333333333333,5.0
KLOUEKANME,2019,Septembre,9,98.13333333333334,11.0
KLOUEKANME,2019,Octobre,10,162.03333333333333,14.0
KLOUEKANME,2019,Novembre,11,25.900000000000002,3.0
KLOUEKANME,2019,Décembre,12,0.0,0.0
LALO,2019,Janvier,1,50.0,1.0
LALO,2019,Février,2,0.0,0.0
LALO,2019,Mars,3,173.0,6.0
LALO,2019,Avril,4,145.0,5.0
LALO,2019,Mai,5,143.0,5.0
LALO,2019,Juin,6,132.0,5.0
LALO,2019,Juillet,7,134.0,7.0
LALO,2019,Août,8,21.0,3.0
LALO,2019,Septembre,9,111.0,8.0
LALO,2019,Octobre,10,245.0,12.0
LALO,2019,Novembre,11,14.0,2.0
LALO,2019,Décembre,12,0.0,0.0
TOVIKLIN,2019,Janvier,1,34.25,2.0
TOVIKLIN,2019,Février,2,48.5,2.0
TOVIKLIN,2019,Mars,3,139.3,6.0
TOVIKLIN,2019,Avril,4,120.0,7.0
TOVIKLIN,2019,Mai,5,127.125,8.0
TOVIKLIN,2019,Juin,6,200.125,9.0
TOVIKLIN,2019,Juillet,7,211.1,7.0
TOVIKLIN,2019,Août,8,52.0,4.0
TOVIKLIN,2019,Septembre,9,125.25,10.0
TOVIKLIN,2019,Octobre,10,293.375,14.0
TOVIKLIN,2019,Novembre,11,39.75,4.0
TOVIKLIN,2019,Décembre,12,0.0,0.0
DEPART. COUFFO,2019,Janvier,1,43.38095238095239,3.0
DEPART. COUFFO,2019,Février,2,38.95238095238095,3.0
DEPART. COUFFO,2019,Mars,3,103.63309523809525,6.0
DEPART. COUFFO,2019,Avril,4,110.53809523809524,6.0
DEPART. COUFFO,2019,Mai,5,118.33809523809524,7.0
DEPART. COUFFO,2019,Juin,6,211.89523809523808,9.0
DEPART. COUFFO,2019,Juillet,7,185.98571428571427,8.0
DEPART. COUFFO,2019,Août,8,47.81904761904762,5.0
DEPART. COUFFO,2019,Septembre,9,131.85238095238094,10.0
DEPART. COUFFO,2019,Octobre,10,263.72380952380956,15.0
DEPART. COUFFO,2019,Novembre,11,60.82857142857143,5.0
DEPART. COUFFO,2019,Décembre,12,0.0,0.0
ADJARRA,2019,Janvier,1,100.0,3.0
ADJARRA,2019,Février,2,138.0,3.0
ADJARRA,2019,Mars,3,53.0,2.0
ADJARRA,2019,Avril,4,133.0,6.0
ADJARRA,2019,Mai,5,167.0,7.0
ADJARRA,2019,Juin,6,218.0,7.0
ADJARRA,2019,Juillet,7,203.0,4.0
ADJARRA,2019,Août,8,6.0,2.0
ADJARRA,2019,Septembre,9,216.0,10.0
ADJARRA,2019,Octobre,10,289.0,11.0
ADJARRA,2019,Novembre,11,113.0,7.0
ADJARRA,2019,Décembre,12,3.0,1.0
ADJOHOUN,2019,Janvier,1,70.0,2.0
ADJOHOUN,2019,Février,2,73.0,4.0
ADJOHOUN,2019,Mars,3,38.0,3.0
ADJOHOUN,2019,Avril,4,30.0,3.0
ADJOHOUN,2019,Mai,5,206.0,7.0
ADJOHOUN,2019,Juin,6,286.0,11.0
ADJOHOUN,2019,Juillet,7,122.0,7.0
ADJOHOUN,2019,Août,8,12.0,2.0
ADJOHOUN,2019,Septembre,9,197.0,11.0
ADJOHOUN,2019,Octobre,10,275.0,15.0
ADJOHOUN,2019,Novembre,11,53.0,4.0
ADJOHOUN,2019,Décembre,12,0.0,0.0
AGUEGUES,2019,Janvier,1,63.0,2.0
AGUEGUES,2019,Février,2,158.0,4.0
AGUEGUES,2019,Mars,3,126.0,4.0
AGUEGUES,2019,Avril,4,67.0,5.0
AGUEGUES,2019,Mai,5,304.0,8.0
AGUEGUES,2019,Juin,6,528.0,13.0
AGUEGUES,2019,Juillet,7,213.0,5.0
AGUEGUES,2019,Août,8,10.0,2.0
AGUEGUES,2019,Septembre,9,525.0,12.0
AGUEGUES,2019,Octobre,10,845.0,18.0
AGUEGUES,2019,Novembre,11,192.0,9.0
AGUEGUES,2019,Décembre,12,0.0,0.0
AKPRO-MISSERETE,2019,Janvier,1,25.0,1.0
AKPRO-MISSERETE,2019,Février,2,102.0,4.0
AKPRO-MISSERETE,2019,Mars,3,52.0,3.0
AKPRO-MISSERETE,2019,Avril,4,122.0,10.0
AKPRO-MISSERETE,2019,Mai,5,206.0,10.0
AKPRO-MISSERETE,2019,Juin,6,281.0,13.0
AKPRO-MISSERETE,2019,Juillet,7,220.0,13.0
AKPRO-MISSERETE,2019,Août,8,59.0,6.0
AKPRO-MISSERETE,2019,Septembre,9,345.0,20.0
AKPRO-MISSERETE,2019,Octobre,10,468.0,25.0
AKPRO-MISSERETE,2019,Novembre,11,180.0,12.0
AKPRO-MISSERETE,2019,Décembre,12,12.0,2.0
AVRANKOU,2019,Janvier,1,156.0,4.0
AVRANKOU,2019,Février,2,186.0,5.0
AVRANKOU,2019,Mars,3,43.0,2.0
AVRANKOU,2019,Avril,4,98.0,4.0
AVRANKOU,2019,Mai,5,166.0,8.0
AVRANKOU,2019,Juin,6,188.0,11.0
AVRANKOU,2019,Juillet,7,202.0,9.0
AVRANKOU,2019,Août,8,19.0,3.0
AVRANKOU,2019,Septembre,9,177.0,24.0
AVRANKOU,2019,Octobre,10,349.0,12.0
AVRANKOU,2019,Novembre,11,171.0,8.0
AVRANKOU,2019,Décembre,12,14.0,1.0
BONOU,2019,Janvier,1,27.0,2.0
BONOU,2019,Février,2,0.0,0.0
BONOU,2019,Mars,3,84.0,4.0
BONOU,2019,Avril,4,57.0,3.0
BONOU,2019,Mai,5,68.0,4.0
BONOU,2019,Juin,6,133.0,6.0
BONOU,2019,Juillet,7,64.0,5.0
BONOU,2019,Août,8,0.0,0.0
BONOU,2019,Septembre,9,162.0,9.0
BONOU,2019,Octobre,10,165.0,8.0
BONOU,2019,Novembre,11,42.0,4.0
BONOU,2019,Décembre,12,5.0,1.0
DANGBO,2019,Janvier,1,42.0,2.0
DANGBO,2019,Février,2,111.0,5.0
DANGBO,2019,Mars,3,67.0,5.0
DANGBO,2019,Avril,4,43.0,4.0
DANGBO,2019,Mai,5,161.0,9.0
DANGBO,2019,Juin,6,236.0,8.0
DANGBO,2019,Juillet,7,137.0,5.0
DANGBO,2019,Août,8,41.0,3.0
DANGBO,2019,Septembre,9,171.0,11.0
DANGBO,2019,Octobre,10,290.0,13.0
DANGBO,2019,Novembre,11,182.0,12.0
DANGBO,2019,Décembre,12,9.0,2.0
PORTO-NOVO,2019,Janvier,1,143.0,3.0
PORTO-NOVO,2019,Février,2,70.0,3.0
PORTO-NOVO,2019,Mars,3,78.0,3.0
PORTO-NOVO,2019,Avril,4,145.0,7.0
PORTO-NOVO,2019,Mai,5,190.0,9.0
PORTO-NOVO,2019,Juin,6,228.0,12.0
PORTO-NOVO,2019,Juillet,7,190.0,7.0
PORTO-NOVO,2019,Août,8,12.0,3.0
PORTO-NOVO,2019,Septembre,9,264.0,14.0
PORTO-NOVO,2019,Octobre,10,410.0,12.0
PORTO-NOVO,2019,Novembre,11,130.0,11.0
PORTO-NOVO,2019,Décembre,12,7.0,1.0
SEME-PODJI,2019,Janvier,1,129.0,3.0
SEME-PODJI,2019,Février,2,88.0,4.0
SEME-PODJI,2019,Mars,3,25.0,1.0
SEME-PODJI,2019,Avril,4,215.0,7.0
SEME-PODJI,2019,Mai,5,203.0,11.0
SEME-PODJI,2019,Juin,6,238.0,11.0
SEME-PODJI,2019,Juillet,7,76.0,4.0
SEME-PODJI,2019,Août,8,15.0,2.0
SEME-PODJI,2019,Septembre,9,211.0,12.0
SEME-PODJI,2019,Octobre,10,557.0,14.0
SEME-PODJI,2019,Novembre,11,102.0,4.0
SEME-PODJI,2019,Décembre,12,0.0,0.0
DEPART. OUEME,2019,Janvier,1,74.0,2.0
DEPART. OUEME,2019,Février,2,88.0,3.0
DEPART. OUEME,2019,Mars,3,61.0,3.0
DEPART. OUEME,2019,Avril,4,95.0,5.0
DEPART. OUEME,2019,Mai,5,169.0,8.0
DEPART. OUEME,2019,Juin,6,235.0,10.0
DEPART. OUEME,2019,Juillet,7,144.0,6.0
DEPART. OUEME,2019,Août,8,17.0,2.0
DEPART. OUEME,2019,Septembre,9,227.0,13.0
DEPART. OUEME,2019,Octobre,10,353.0,13.0
DEPART. OUEME,2019,Novembre,11,114.0,7.0
DEPART. OUEME,2019,Décembre,12,5.0,1.0
ADJA-OUERE,2019,Janvier,1,34.77,1.0
ADJA-OUERE,2019,Février,2,29.17,1.0
ADJA-OUERE,2019,Mars,3,101.57,4.0
ADJA-OUERE,2019,Avril,4,149.7,6.0
ADJA-OUERE,2019,Mai,5,181.5,7.0
ADJA-OUERE,2019,Juin,6,273.7,9.0
ADJA-OUERE,2019,Juillet,7,201.97,8.0
ADJA-OUERE,2019,Août,8,73.47,3.33
ADJA-OUERE,2019,Septembre,9,211.0,8.0
ADJA-OUERE,2019,Octobre,10,271.03,14.0
ADJA-OUERE,2019,Novembre,11,56.3,4.33
ADJA-OUERE,2019,Décembre,12,0.0,0.0
IFANGNI,2019,Janvier,1,68.9,2.0
IFANGNI,2019,Février,2,54.55,2.0
IFANGNI,2019,Mars,3,48.6,3.0
IFANGNI,2019,Avril,4,64.75,4.5
IFANGNI,2019,Mai,5,172.15,10.5
IFANGNI,2019,Juin,6,225.05,11.0
IFANGNI,2019,Juillet,7,121.95,8.0
IFANGNI,2019,Août,8,11.5,2.0
IFANGNI,2019,Septembre,9,198.95,14.0
IFANGNI,2019,Octobre,10,280.85,13.0
IFANGNI,2019,Novembre,11,117.1,7.5
IFANGNI,2019,Décembre,12,5.0,1.0
KETOU,2019,Janvier,1,2.4,0.2
KETOU,2019,Février,2,25.4,1.0
KETOU,2019,Mars,3,74.5,3.4
KETOU,2019,Avril,4,85.52,2.8
KETOU,2019,Mai,5,116.7,6.0
KETOU,2019,Juin,6,186.24,7.8
KETOU,2019,Juillet,7,101.58,7.0
KETOU,2019,Août,8,45.3,3.6
KETOU,2019,Septembre,9,115.54,8.0
KETOU,2019,Octobre,10,156.18,10.0
KETOU,2019,Novembre,11,25.6,2.0
KETOU,2019,Décembre,12,2.02,0.2
POBE,2019,Janvier,1,19.25,1.0
POBE,2019,Février,2,0.0,0.0
POBE,2019,Mars,3,110.13,5.0
POBE,2019,Avril,4,105.54,6.25
POBE,2019,Mai,5,83.63,5.0
POBE,2019,Juin,6,125.25,7.0
POBE,2019,Juillet,7,96.63,5.0
POBE,2019,Août,8,5.75,1.0
POBE,2019,Septembre,9,90.5,7.0
POBE,2019,Octobre,10,174.38,11.0
POBE,2019,Novembre,11,17.88,2.25
POBE,2019,Décembre,12,0.0,0.0
SAKETE,2019,Janvier,1,61.75,1.5
SAKETE,2019,Février,2,74.06,4.0
SAKETE,2019,Mars,3,30.58,3.0
SAKETE,2019,Avril,4,88.0,6.25
SAKETE,2019,Mai,5,95.5,7.0
SAKETE,2019,Juin,6,226.68,8.0
SAKETE,2019,Juillet,7,118.3,6.0
SAKETE,2019,Août,8,9.13,1.5
SAKETE,2019,Septembre,9,206.24,11.25
SAKETE,2019,Octobre,10,261.05,13.25
SAKETE,2019,Novembre,11,100.4,6.0
SAKETE,2019,Décembre,12,0.0,0.0
DEPART. PLATEAU,2019,Janvier,1,32.12,1.0
DEPART. PLATEAU,2019,Février,2,34.44,2.0
DEPART. PLATEAU,2019,Mars,3,74.29,4.0
DEPART. PLATEAU,2019,Avril,4,98.91,5.0
DEPART. PLATEAU,2019,Mai,5,121.6,7.0
DEPART. PLATEAU,2019,Juin,6,200.56,8.0
DEPART. PLATEAU,2019,Juillet,7,123.19,7.0
DEPART. PLATEAU,2019,Août,8,29.41,2.0
DEPART. PLATEAU,2019,Septembre,9,155.31,9.0
DEPART. PLATEAU,2019,Octobre,10,216.52,12.0
DEPART. PLATEAU,2019,Novembre,11,55.79,4.0
DEPART. PLATEAU,2019,Décembre,12,1.12,0.0
ABOMEY-CALAVI,2019,Janvier,1,66.0,2.0
ABOMEY-CALAVI,2019,Février,2,34.5,3.0
ABOMEY-CALAVI,2019,Mars,3,91.5,5.0
ABOMEY-CALAVI,2019,Avril,4,80.5,1.5
ABOMEY-CALAVI,2019,Mai,5,188.0,6.0
ABOMEY-CALAVI,2019,Juin,6,194.0,7.0
ABOMEY-CALAVI,2019,Juillet,7,81.0,4.0
ABOMEY-CALAVI,2019,Août,8,12.0,1.0
ABOMEY-CALAVI,2019,Septembre,9,203.5,9.5
ABOMEY-CALAVI,2019,Octobre,10,225.5,10.0
ABOMEY-CALAVI,2019,Novembre,11,90.75,6.5
ABOMEY-CALAVI,2019,Décembre,12,0.0,0.0
ALLADA,2019,Janvier,1,75.5,1.0
ALLADA,2019,Février,2,57.0,2.0
ALLADA,2019,Mars,3,69.5,4.5
ALLADA,2019,Avril,4,87.75,2.5
ALLADA,2019,Mai,5,191.5,7.5
ALLADA,2019,Juin,6,166.5,7.5
ALLADA,2019,Juillet,7,74.5,4.5
ALLADA,2019,Août,8,11.5,1.5
ALLADA,2019,Septembre,9,139.5,7.5
ALLADA,2019,Octobre,10,255.5,14.5
ALLADA,2019,Novembre,11,99.25,7.0
ALLADA,2019,Décembre,12,6.5,0.5
KPOMASSE,2019,Janvier,1,30.0,0.5
KPOMASSE,2019,Février,2,45.0,1.5
KPOMASSE,2019,Mars,3,135.0,2.5
KPOMASSE,2019,Avril,4,111.0,3.0
KPOMASSE,2019,Mai,5,82.0,5.5
KPOMASSE,2019,Juin,6,204.0,10.0
KPOMASSE,2019,Juillet,7,73.0,4.0
KPOMASSE,2019,Août,8,16.5,1.0
KPOMASSE,2019,Septembre,9,96.0,7.5
KPOMASSE,2019,Octobre,10,351.0,14.0
KPOMASSE,2019,Novembre,11,112.5,8.0
KPOMASSE,2019,Décembre,12,8.0,0.5
OUIDAH,2019,Janvier,1,58.85,2.5
OUIDAH,2019,Février,2,74.2,4.0
OUIDAH,2019,Mars,3,55.4,6.0
OUIDAH,2019,Avril,4,110.85,4.0
OUIDAH,2019,Mai,5,138.75,12.5
OUIDAH,2019,Juin,6,216.6,10.5
OUIDAH,2019,Juillet,7,57.099999999999994,6.5
OUIDAH,2019,Août,8,43.099999999999994,5.5
OUIDAH,2019,Septembre,9,222.45,18.0
OUIDAH,2019,Octobre,10,347.2,17.5
OUIDAH,2019,Novembre,11,55.85,9.5
OUIDAH,2019,Décembre,12,4.5,1.0
SO-AVA,2019,Janvier,1,50.0,1.0
SO-AVA,2019,Février,2,73.5,2.0
SO-AVA,2019,Mars,3,35.5,2.0
SO-AVA,2019,Avril,4,71.5,3.0
SO-AVA,2019,Mai,5,151.6,7.5
SO-AVA,2019,Juin,6,199.0,7.0
SO-AVA,2019,Juillet,7,97.25,4.0
SO-AVA,2019,Août,8,32.0,1.5
SO-AVA,2019,Septembre,9,320.2,13.5
SO-AVA,2019,Octobre,10,367.8,12.5
SO-AVA,2019,Novembre,11,178.0,7.0
SO-AVA,2019,Décembre,12,10.0,1.0
TOFFO,2019,Janvier,1,46.0,2.5
TOFFO,2019,Février,2,37.5,2.5
TOFFO,2019,Mars,3,175.5,6.5
TOFFO,2019,Avril,4,244.5,9.0
TOFFO,2019,Mai,5,132.0,6.0
TOFFO,2019,Juin,6,296.5,8.0
TOFFO,2019,Juillet,7,71.0,5.5
TOFFO,2019,Août,8,17.5,2.5
TOFFO,2019,Septembre,9,97.5,6.5
TOFFO,2019,Octobre,10,231.5,12.5
TOFFO,2019,Novembre,11,88.0,6.0
TOFFO,2019,Décembre,12,12.5,0.5
TORI-BOSSITO,2019,Janvier,1,65.5,1.5
TORI-BOSSITO,2019,Février,2,52.5,2.5
TORI-BOSSITO,2019,Mars,3,55.0,3.5
TORI-BOSSITO,2019,Avril,4,45.0,4.0
TORI-BOSSITO,2019,Mai,5,115.5,5.0
TORI-BOSSITO,2019,Juin,6,111.5,6.5
TORI-BOSSITO,2019,Juillet,7,20.0,3.5
TORI-BOSSITO,2019,Août,8,14.5,1.0
TORI-BOSSITO,2019,Septembre,9,162.5,9.0
TORI-BOSSITO,2019,Octobre,10,214.35,15.0
TORI-BOSSITO,2019,Novembre,11,140.5,10.0
TORI-BOSSITO,2019,Décembre,12,30.0,2.0
ZE,2019,Janvier,1,57.5,3.0
ZE,2019,Février,2,48.5,2.5
ZE,2019,Mars,3,118.5,4.5
ZE,2019,Avril,4,127.5,6.5
ZE,2019,Mai,5,94.5,5.0
ZE,2019,Juin,6,242.5,9.5
ZE,2019,Juillet,7,40.5,2.5
ZE,2019,Août,8,27.5,1.0
ZE,2019,Septembre,9,166.0,9.375
ZE,2019,Octobre,10,310.0,11.5
ZE,2019,Novembre,11,68.5,6.0
ZE,2019,Décembre,12,2.5,0.5
DEPART. ATLANTIQUE,2019,Janvier,1,60.14166666666667,1.8333333333333333
DEPART. ATLANTIQUE,2019,Février,2,48.03333333333333,2.5
DEPART. ATLANTIQUE,2019,Mars,3,85.89999999999999,4.5
DEPART. ATLANTIQUE,2019,Avril,4,120.51666666666667,4.666666666666667
DEPART. ATLANTIQUE,2019,Mai,5,146.225,7.416666666666667
DEPART. ATLANTIQUE,2019,Juin,6,195.6,8.083333333333334
DEPART. ATLANTIQUE,2019,Juillet,7,60.30833333333334,4.5
DEPART. ATLANTIQUE,2019,Août,8,22.349999999999998,2.1666666666666665
DEPART. ATLANTIQUE,2019,Septembre,9,162.85833333333332,10.041666666666666
DEPART. ATLANTIQUE,2019,Octobre,10,278.55833333333334,14.0
DEPART. ATLANTIQUE,2019,Novembre,11,88.80833333333334,7.25
DEPART. ATLANTIQUE,2019,Décembre,12,9.333333333333334,0.75
COTONOU,2019,Janvier,1,112.0,3.0
COTONOU,2019,Février,2,117.0,5.0
COTONOU,2019,Mars,3,70.0,7.0
COTONOU,2019,Avril,4,64.0,9.0
COTONOU,2019,Mai,5,195.0,15.0
COTONOU,2019,Juin,6,160.0,13.0
COTONOU,2019,Juillet,7,82.0,8.0
COTONOU,2019,Août,8,53.2,5.0
COTONOU,2019,Septembre,9,234.6,17.0
COTONOU,2019,Octobre,10,398.0,19.0
COTONOU,2019,Novembre,11,66.3,7.0
COTONOU,2019,Décembre,12,0.0,0.0
DEPART. LITTORAL,2019,Janvier,1,112.0,3.0
DEPART. LITTORAL,2019,Février,2,117.0,5.0
DEPART. LITTORAL,2019,Mars,3,70.0,7.0
DEPART. LITTORAL,2019,Avril,4,64.0,9.0
DEPART. LITTORAL,2019,Mai,5,195.0,15.0
DEPART. LITTORAL,2019,Juin,6,160.0,13.0
DEPART. LITTORAL,2019,Juillet,7,82.0,8.0
DEPART. LITTORAL,2019,Août,8,53.2,5.0
DEPART. LITTORAL,2019,Septembre,9,234.6,17.0
DEPART. LITTORAL,2019,Octobre,10,398.0,19.0
DEPART. LITTORAL,2019,Novembre,11,66.3,7.0
DEPART. LITTORAL,2019,Décembre,12,0.0,0.0
BENIN,2019,Janvier,1,33.38771825396826,1.5694444444444444
BENIN,2019,Février,2,31.0404761904762,1.8636363636363635
BENIN,2019,Mars,3,51.567757936507945,3.409090909090909
BENIN,2019,Avril,4,77.93095238095238,4.787878787878788
BENIN,2019,Mai,5,122.34320238095239,7.765151515151516
BENIN,2019,Juin,6,156.59043650793652,8.553030303030305
BENIN,2019,Juillet,7,149.6656150793651,8.681818181818182
BENIN,2019,Août,8,122.07103174603175,6.742424242424241
BENIN,2019,Septembre,9,172.10200396825397,11.18560606060606
BENIN,2019,Octobre,10,224.25744708994705,12.272727272727273
BENIN,2019,Novembre,11,43.88140873015873,3.659090909090909
BENIN,2019,Décembre,12,17.40111111111111,0.25
BEMBEREKE,2020,Janvier,1,0.0,0.0
BEMBEREKE,2020,Février,2,0.0,0.0
BEMBEREKE,2020,Mars,3,0.6666666666666666,0.3333333333333333
BEMBEREKE,2020,Avril,4,47.93333333333334,4.0
BEMBEREKE,2020,Mai,5,78.06666666666666,5.333333333333333
BEMBEREKE,2020,Juin,6,188.66666666666666,10.0
BEMBEREKE,2020,Juillet,7,164.93333333333334,10.666666666666666
BEMBEREKE,2020,Août,8,179.63333333333335,9.666666666666666
BEMBEREKE,2020,Septembre,9,303.59999999999997,17.0
BEMBEREKE,2020,Octobre,10,134.0,7.0
BEMBEREKE,2020,Novembre,11,0.0,0.0
BEMBEREKE,2020,Décembre,12,0.0,0.0
KALALE,2020,Janvier,1,0.0,0.0
KALALE,2020,Février,2,0.0,0.0
KALALE,2020,Mars,3,45.0,2.0
KALALE,2020,Avril,4,70.0,3.0
KALALE,2020,Mai,5,173.25,6.0
KALALE,2020,Juin,6,202.0,10.0
KALALE,2020,Juillet,7,240.0,10.0
KALALE,2020,Août,8,97.0,9.0
KALALE,2020,Septembre,9,254.0,13.0
KALALE,2020,Octobre,10,167.0,7.0
KALALE,2020,Novembre,11,0.0,0.0
KALALE,2020,Décembre,12,0.0,0.0
N'DALI,2020,Janvier,1,0.0,0.0
N'DALI,2020,Février,2,0.0,0.0
N'DALI,2020,Mars,3,25.125,1.0
N'DALI,2020,Avril,4,60.5,3.5
N'DALI,2020,Mai,5,94.9,6.75
N'DALI,2020,Juin,6,157.625,9.25
N'DALI,2020,Juillet,7,227.075,10.75
N'DALI,2020,Août,8,137.75,6.25
N'DALI,2020,Septembre,9,266.75,11.25
N'DALI,2020,Octobre,10,175.5,9.25
N'DALI,2020,Novembre,11,0.0,0.0
N'DALI,2020,Décembre,12,0.0,0.0
NIKKI,2020,Janvier,1,0.0,0.0
NIKKI,2020,Février,2,0.0,0.0
NIKKI,2020,Mars,3,22.65,1.0
NIKKI,2020,Avril,4,112.72500000000001,4.75
NIKKI,2020,Mai,5,65.8,3.0
NIKKI,2020,Juin,6,171.375,9.0
NIKKI,2020,Juillet,7,226.625,12.25
NIKKI,2020,Août,8,144.875,5.5
NIKKI,2020,Septembre,9,254.4,12.25
NIKKI,2020,Octobre,10,92.6,7.0
NIKKI,2020,Novembre,11,0.0,0.0
NIKKI,2020,Décembre,12,0.0,0.0
PARAKOU,2020,Janvier,1,0.0,0.0
PARAKOU,2020,Février,2,0.0,0.0
PARAKOU,2020,Mars,3,32.0,2.0
PARAKOU,2020,Avril,4,54.81666666666666,3.3333333333333335
PARAKOU,2020,Mai,5,116.26666666666667,5.5
PARAKOU,2020,Juin,6,192.41666666666666,7.666666666666667
PARAKOU,2020,Juillet,7,239.88333333333333,9.833333333333334
PARAKOU,2020,Août,8,65.10000000000001,4.0
PARAKOU,2020,Septembre,9,370.9666666666667,14.333333333333334
PARAKOU,2020,Octobre,10,202.1833333333333,9.0
PARAKOU,2020,Novembre,11,0.0,0.0
PARAKOU,2020,Décembre,12,0.0,0.0
PERERE,2020,Janvier,1,0.0,0.0
PERERE,2020,Février,2,0.0,0.0
PERERE,2020,Mars,3,45.0,2.0
PERERE,2020,Avril,4,70.0,3.0
PERERE,2020,Mai,5,173.25,6.0
PERERE,2020,Juin,6,202.0,10.0
PERERE,2020,Juillet,7,240.0,10.0
PERERE,2020,Août,8,97.0,9.0
PERERE,2020,Septembre,9,254.0,13.0
PERERE,2020,Octobre,10,160.0,8.0
PERERE,2020,Novembre,11,0.0,0.0
PERERE,2020,Décembre,12,0.0,0.0
SINENDE,2020,Janvier,1,0.0,0.0
SINENDE,2020,Février,2,0.0,0.0
SINENDE,2020,Mars,3,1.6666666666666667,1.0
SINENDE,2020,Avril,4,73.26666666666667,4.0
SINENDE,2020,Mai,5,158.73333333333332,5.333333333333333
SINENDE,2020,Juin,6,115.86666666666667,7.0
SINENDE,2020,Juillet,7,241.66666666666666,12.0
SINENDE,2020,Août,8,172.66666666666666,8.333333333333334
SINENDE,2020,Septembre,9,345.93333333333334,14.666666666666666
SINENDE,2020,Octobre,10,154.5,6.5
SINENDE,2020,Novembre,11,0.0,0.0
SINENDE,2020,Décembre,12,0.0,0.0
TCHAOUROU,2020,Janvier,1,0.0,0.0
TCHAOUROU,2020,Février,2,0.0,0.0
TCHAOUROU,2020,Mars,3,38.23333333333334,1.8333333333333333
TCHAOUROU,2020,Avril,4,78.64999999999999,3.6666666666666665
TCHAOUROU,2020,Mai,5,70.8,5.833333333333333
TCHAOUROU,2020,Juin,6,227.5333333333333,10.166666666666666
TCHAOUROU,2020,Juillet,7,224.45000000000002,9.166666666666666
TCHAOUROU,2020,Août,8,91.46666666666665,3.8333333333333335
TCHAOUROU,2020,Septembre,9,247.03333333333333,11.833333333333334
TCHAOUROU,2020,Octobre,10,140.48333333333332,6.833333333333333
TCHAOUROU,2020,Novembre,11,0.0,0.0
TCHAOUROU,2020,Décembre,12,0.0,0.0
DEPART. BORGOU,2020,Janvier,1,0.0,0.0
DEPART. BORGOU,2020,Février,2,0.0,0.0
DEPART. BORGOU,2020,Mars,3,23.73214285714286,1.25
DEPART. BORGOU,2020,Avril,4,71.725,3.75
DEPART. BORGOU,2020,Mai,5,98.56607142857142,5.357142857142857
DEPART. BORGOU,2020,Juin,6,182.3678571428571,8.928571428571429
DEPART. BORGOU,2020,Juillet,7,225.41428571428574,10.571428571428571
DEPART. BORGOU,2020,Août,8,122.70714285714287,5.928571428571429
DEPART. BORGOU,2020,Septembre,9,291.00714285714287,13.214285714285714
DEPART. BORGOU,2020,Octobre,10,0.0,0.0
DEPART. BORGOU,2020,Novembre,11,0.0,0.0
DEPART. BORGOU,2020,Décembre,12,0.0,0.0
BANIKOARA,2020,Janvier,1,0.0,0.0
BANIKOARA,2020,Février,2,0.0,0.0
BANIKOARA,2020,Mars,3,0.0,0.0
BANIKOARA,2020,Avril,4,54.66666666666667,6.0
BANIKOARA,2020,Mai,5,53.5,5.0
BANIKOARA,2020,Juin,6,124.50000000000001,8.0
BANIKOARA,2020,Juillet,7,245.66666666666669,13.0
BANIKOARA,2020,Août,8,259.5,13.0
BANIKOARA,2020,Septembre,9,294.8333333333333,11.0
BANIKOARA,2020,Octobre,10,75.66666666666667,4.5
BANIKOARA,2020,Novembre,11,0.0,0.0
BANIKOARA,2020,Décembre,12,0.0,0.0
GOGOUNOU,2020,Janvier,1,0.0,0.0
GOGOUNOU,2020,Février,2,0.0,0.0
GOGOUNOU,2020,Mars,3,0.0,0.0
GOGOUNOU,2020,Avril,4,94.5,6.0
GOGOUNOU,2020,Mai,5,101.85,6.0
GOGOUNOU,2020,Juin,6,124.6,8.0
GOGOUNOU,2020,Juillet,7,392.4,14.0
GOGOUNOU,2020,Août,8,242.1,13.0
GOGOUNOU,2020,Septembre,9,233.5,15.0
GOGOUNOU,2020,Octobre,10,123.45,6.0
GOGOUNOU,2020,Novembre,11,0.0,0.0
GOGOUNOU,2020,Décembre,12,0.0,0.0
KANDI,2020,Janvier,1,0.0,0.0
KANDI,2020,Février,2,0.0,0.0
KANDI,2020,Mars,3,0.0,0.0
KANDI,2020,Avril,4,62.857142857142854,5.0
KANDI,2020,Mai,5,62.64285714285714,4.0
KANDI,2020,Juin,6,103.92857142857144,8.0
KANDI,2020,Juillet,7,255.21428571428572,12.0
KANDI,2020,Août,8,332.25,13.0
KANDI,2020,Septembre,9,247.57142857142858,14.0
KANDI,2020,Octobre,10,99.64285714285714,6.142857142857143
KANDI,2020,Novembre,11,0.0,0.0
KANDI,2020,Décembre,12,0.0,0.0
KARIMAMA,2020,Janvier,1,0.0,0.0
KARIMAMA,2020,Février,2,0.0,0.0
KARIMAMA,2020,Mars,3,0.0,0.0
KARIMAMA,2020,Avril,4,20.2,4.0
KARIMAMA,2020,Mai,5,55.5,5.0
KARIMAMA,2020,Juin,6,87.89999999999999,5.0
KARIMAMA,2020,Juillet,7,132.0,10.0
KARIMAMA,2020,Août,8,165.2,13.0
KARIMAMA,2020,Septembre,9,120.7,12.0
KARIMAMA,2020,Octobre,10,54.0,5.0
KARIMAMA,2020,Novembre,11,0.0,0.0
KARIMAMA,2020,Décembre,12,0.0,0.0
MALANVILLE,2020,Janvier,1,0.0,0.0
MALANVILLE,2020,Février,2,0.0,0.0
MALANVILLE,2020,Mars,3,0.0,0.0
MALANVILLE,2020,Avril,4,44.333333333333336,3.0
MALANVILLE,2020,Mai,5,41.5,4.0
MALANVILLE,2020,Juin,6,83.13333333333333,6.0
MALANVILLE,2020,Juillet,7,283.8333333333333,12.0
MALANVILLE,2020,Août,8,354.33333333333337,14.0
MALANVILLE,2020,Septembre,9,195.5,12.0
MALANVILLE,2020,Octobre,10,92.33333333333333,7.0
MALANVILLE,2020,Novembre,11,0.0,0.0
MALANVILLE,2020,Décembre,12,0.0,0.0
SEGBANA,2020,Janvier,1,0.0,0.0
SEGBANA,2020,Février,2,0.0,0.0
SEGBANA,2020,Mars,3,0.0,0.0
SEGBANA,2020,Avril,4,23.6,4.0
SEGBANA,2020,Mai,5,53.099999999999994,5.0
SEGBANA,2020,Juin,6,199.4,10.0
SEGBANA,2020,Juillet,7,441.9,17.0
SEGBANA,2020,Août,8,273.6,19.0
SEGBANA,2020,Septembre,9,237.6,18.0
SEGBANA,2020,Octobre,10,79.6,6.0
SEGBANA,2020,Novembre,11,0.0,0.0
SEGBANA,2020,Décembre,12,0.0,0.0
DEPART. ALIBORI,2020,Janvier,1,0.0,0.0
DEPART. ALIBORI,2020,Février,2,0.0,0.0
DEPART. ALIBORI,2020,Mars,3,0.0,0.0
DEPART. ALIBORI,2020,Avril,4,57.14,5.0
DEPART. ALIBORI,2020,Mai,5,59.815,5.0
DEPART. ALIBORI,2020,Juin,6,113.02,9.0
DEPART. ALIBORI,2020,Juillet,7,276.51,13.0
DEPART. ALIBORI,2020,Août,8,298.71250000000003,13.0
DEPART. ALIBORI,2020,Septembre,9,245.69,14.0
DEPART. ALIBORI,2020,Octobre,10,100.05992063492063,7.0
DEPART. ALIBORI,2020,Novembre,11,0.0,0.0
DEPART. ALIBORI,2020,Décembre,12,0.0,0.0
BOUKOUMBE,2020,Janvier,1,0.0,0.0
BOUKOUMBE,2020,Février,2,0.0,0.0
BOUKOUMBE,2020,Mars,3,0.0,0.0
BOUKOUMBE,2020,Avril,4,47.0,2.0
BOUKOUMBE,2020,Mai,5,37.0,1.0
BOUKOUMBE,2020,Juin,6,91.19999999999999,8.0
BOUKOUMBE,2020,Juillet,7,330.3,15.0
BOUKOUMBE,2020,Août,8,130.2,6.0
BOUKOUMBE,2020,Septembre,9,266.0,17.0
BOUKOUMBE,2020,Octobre,10,0.0,0.0
BOUKOUMBE,2020,Novembre,11,0.0,0.0
BOUKOUMBE,2020,Décembre,12,0.0,0.0
COBLY,2020,Janvier,1,0.0,0.0
COBLY,2020,Février,2,0.0,0.0
COBLY,2020,Mars,3,0.0,0.0
COBLY,2020,Avril,4,0.0,0.0
COBLY,2020,Mai,5,109.1,4.0
COBLY,2020,Juin,6,129.05,9.0
COBLY,2020,Juillet,7,260.95,10.0
COBLY,2020,Août,8,143.95,2.5
COBLY,2020,Septembre,9,298.7,13.0
COBLY,2020,Octobre,10,0.0,0.0
COBLY,2020,Novembre,11,0.0,0.0
COBLY,2020,Décembre,12,0.0,0.0
KEROU,2020,Janvier,1,0.0,0.0
KEROU,2020,Février,2,0.0,0.0
KEROU,2020,Mars,3,0.0,0.0
KEROU,2020,Avril,4,45.099999999999994,4.0
KEROU,2020,Mai,5,54.4,7.0
KEROU,2020,Juin,6,152.8,10.0
KEROU,2020,Juillet,7,292.2,14.0
KEROU,2020,Août,8,159.6,13.0
KEROU,2020,Septembre,9,326.2,15.0
KEROU,2020,Octobre,10,0.0,0.0
KEROU,2020,Novembre,11,0.0,0.0
KEROU,2020,Décembre,12,0.0,0.0
KOUANDE,2020,Janvier,1,0.0,0.0
KOUANDE,2020,Février,2,0.0,0.0
KOUANDE,2020,Mars,3,14.7,2.0
KOUANDE,2020,Avril,4,86.1,7.0
KOUANDE,2020,Mai,5,83.9,7.0
KOUANDE,2020,Juin,6,146.1,9.0
KOUANDE,2020,Juillet,7,304.5,19.0
KOUANDE,2020,Août,8,155.4,12.0
KOUANDE,2020,Septembre,9,325.3,19.0
KOUANDE,2020,Octobre,10,0.0,0.0
KOUANDE,2020,Novembre,11,0.0,0.0
KOUANDE,2020,Décembre,12,0.0,0.0
MATERI,2020,Janvier,1,0.0,0.0
MATERI,2020,Février,2,0.0,0.0
MATERI,2020,Mars,3,15.299999999999999,0.75
MATERI,2020,Avril,4,24.200000000000003,2.25
MATERI,2020,Mai,5,93.23000000000002,5.0
MATERI,2020,Juin,6,98.7,6.5
MATERI,2020,Juillet,7,147.95,7.5
MATERI,2020,Août,8,130.6,4.75
MATERI,2020,Septembre,9,294.175,12.5
MATERI,2020,Octobre,10,0.0,0.0
MATERI,2020,Novembre,11,0.0,0.0
MATERI,2020,Décembre,12,0.0,0.0
NATITINGOU,2020,Janvier,1,0.0,0.0
NATITINGOU,2020,Février,2,0.0,0.0
NATITINGOU,2020,Mars,3,40.0,1.0
NATITINGOU,2020,Avril,4,81.25,5.0
NATITINGOU,2020,Mai,5,81.0,4.0
NATITINGOU,2020,Juin,6,148.1,9.0
NATITINGOU,2020,Juillet,7,258.0,12.0
NATITINGOU,2020,Août,8,165.4,10.0
NATITINGOU,2020,Septembre,9,284.0,16.0
NATITINGOU,2020,Octobre,10,0.0,0.0
NATITINGOU,2020,Novembre,11,0.0,0.0
NATITINGOU,2020,Décembre,12,0.0,0.0
PEHUNCO,2020,Janvier,1,0.0,0.0
PEHUNCO,2020,Février,2,0.0,0.0
PEHUNCO,2020,Mars,3,0.0,0.0
PEHUNCO,2020,Avril,4,0.0,0.0
PEHUNCO,2020,Mai,5,0.0,0.0
PEHUNCO,2020,Juin,6,141.3,11.0
PEHUNCO,2020,Juillet,7,388.5,13.0
PEHUNCO,2020,Août,8,144.0,11.0
PEHUNCO,2020,Septembre,9,289.6,20.0
PEHUNCO,2020,Octobre,10,0.0,0.0
PEHUNCO,2020,Novembre,11,0.0,0.0
PEHUNCO,2020,Décembre,12,0.0,0.0
TANGUIETA,2020,Janvier,1,0.0,0.0
TANGUIETA,2020,Février,2,0.0,0.0
TANGUIETA,2020,Mars,3,0.0,0.0
TANGUIETA,2020,Avril,4,0.0,0.0
TANGUIETA,2020,Mai,5,108.3,7.0
TANGUIETA,2020,Juin,6,159.3,9.0
TANGUIETA,2020,Juillet,7,187.7,22.0
TANGUIETA,2020,Août,8,136.10000000000002,10.0
TANGUIETA,2020,Septembre,9,256.4,18.0
TANGUIETA,2020,Octobre,10,0.0,0.0
TANGUIETA,2020,Novembre,11,0.0,0.0
TANGUIETA,2020,Décembre,12,0.0,0.0
TOUCOUNTOUNA,2020,Janvier,1,0.0,0.0
TOUCOUNTOUNA,2020,Février,2,0.0,0.0
TOUCOUNTOUNA,2020,Mars,3,36.0,1.0
TOUCOUNTOUNA,2020,Avril,4,74.0,4.0
TOUCOUNTOUNA,2020,Mai,5,37.0,2.0
TOUCOUNTOUNA,2020,Juin,6,138.3,8.0
TOUCOUNTOUNA,2020,Juillet,7,80.02,6.0
TOUCOUNTOUNA,2020,Août,8,143.0,7.0
TOUCOUNTOUNA,2020,Septembre,9,254.8,17.0
TOUCOUNTOUNA,2020,Octobre,10,0.0,0.0
TOUCOUNTOUNA,2020,Novembre,11,0.0,0.0
TOUCOUNTOUNA,2020,Décembre,12,0.0,0.0
DEPART. ATACORA,2020,Janvier,1,0.0,0.0
DEPART. ATACORA,2020,Février,2,0.0,0.0
DEPART. ATACORA,2020,Mars,3,11.777777777777779,0.5277777777777778
DEPART. ATACORA,2020,Avril,4,39.73888888888889,2.6944444444444446
DEPART. ATACORA,2020,Mai,5,67.10333333333332,4.111111111111111
DEPART. ATACORA,2020,Juin,6,133.8722222222222,8.833333333333334
DEPART. ATACORA,2020,Juillet,7,250.01333333333332,13.166666666666666
DEPART. ATACORA,2020,Août,8,145.36111111111111,8.472222222222221
DEPART. ATACORA,2020,Septembre,9,288.3527777777778,16.38888888888889
DEPART. ATACORA,2020,Octobre,10,0.0,0.0
DEPART. ATACORA,2020,Novembre,11,0.0,0.0
DEPART. ATACORA,2020,Décembre,12,0.0,0.0
BASSILA,2020,Janvier,1,0.0,0.0
BASSILA,2020,Février,2,0.0,0.0
BASSILA,2020,Mars,3,71.85,6.0
BASSILA,2020,Avril,4,132.13333333333333,7.0
BASSILA,2020,Mai,5,98.33333333333334,7.0
BASSILA,2020,Juin,6,196.23333333333335,11.0
BASSILA,2020,Juillet,7,306.9,17.0
BASSILA,2020,Août,8,127.89999999999999,10.0
BASSILA,2020,Septembre,9,324.95000000000005,17.0
BASSILA,2020,Octobre,10,130.25,6.0
BASSILA,2020,Novembre,11,0.0,0.0
BASSILA,2020,Décembre,12,0.0,0.0
COPARGO,2020,Janvier,1,0.0,0.0
COPARGO,2020,Février,2,0.0,0.0
COPARGO,2020,Mars,3,51.925,4.0
COPARGO,2020,Avril,4,88.58522727272728,7.0
COPARGO,2020,Mai,5,117.615,8.0
COPARGO,2020,Juin,6,179.89358974358973,12.0
COPARGO,2020,Juillet,7,289.3939393939394,15.0
COPARGO,2020,Août,8,124.95454545454545,9.0
COPARGO,2020,Septembre,9,307.8818181818182,16.0
COPARGO,2020,Octobre,10,0.0,0.0
COPARGO,2020,Novembre,11,0.0,0.0
COPARGO,2020,Décembre,12,0.0,0.0
DJOUGOU,2020,Janvier,1,0.0,0.0
DJOUGOU,2020,Février,2,0.0,0.0
DJOUGOU,2020,Mars,3,50.0,5.0
DJOUGOU,2020,Avril,4,72.35,6.0
DJOUGOU,2020,Mai,5,117.375,7.0
DJOUGOU,2020,Juin,6,196.24,11.0
DJOUGOU,2020,Juillet,7,297.88,14.0
DJOUGOU,2020,Août,8,111.03999999999999,9.0
DJOUGOU,2020,Septembre,9,324.21999999999997,15.0
DJOUGOU,2020,Octobre,10,80.2,8.0
DJOUGOU,2020,Novembre,11,1.48,1.0
DJOUGOU,2020,Décembre,12,0.0,0.0
OUAKE,2020,Janvier,1,0.0,0.0
OUAKE,2020,Février,2,0.0,0.0
OUAKE,2020,Mars,3,15.3,1.0
OUAKE,2020,Avril,4,50.550000000000004,4.0
OUAKE,2020,Mai,5,119.3,8.0
OUAKE,2020,Juin,6,187.6,11.0
OUAKE,2020,Juillet,7,241.5,16.0
OUAKE,2020,Août,8,133.35,8.0
OUAKE,2020,Septembre,9,266.45,16.0
OUAKE,2020,Octobre,10,128.75,7.0
OUAKE,2020,Novembre,11,0.7,1.0
OUAKE,2020,Décembre,12,0.0,0.0
DEPART. DONGA,2020,Janvier,1,0.0,0.0
DEPART. DONGA,2020,Février,2,0.0,0.0
DEPART. DONGA,2020,Mars,3,51.925,4.0
DEPART. DONGA,2020,Avril,4,88.58522727272728,7.0
DEPART. DONGA,2020,Mai,5,117.615,8.0
DEPART. DONGA,2020,Juin,6,179.89358974358973,12.0
DEPART. DONGA,2020,Juillet,7,289.3939393939394,15.0
DEPART. DONGA,2020,Août,8,124.95454545454545,9.0
DEPART. DONGA,2020,Septembre,9,307.8818181818182,16.0
DEPART. DONGA,2020,Octobre,10,0.0,0.0
DEPART. DONGA,2020,Novembre,11,0.0,0.0
DEPART. DONGA,2020,Décembre,12,0.0,0.0
ABOMEY,2020,Janvier,1,31.45,1.0
ABOMEY,2020,Février,2,0.0,0.0
ABOMEY,2020,Mars,3,41.0,2.0
ABOMEY,2020,Avril,4,70.0,6.0
ABOMEY,2020,Mai,5,70.0,6.0
ABOMEY,2020,Juin,6,64.0,7.0
ABOMEY,2020,Juillet,7,109.0,13.0
ABOMEY,2020,Août,8,35.0,2.0
ABOMEY,2020,Septembre,9,195.93333333333334,12.0
ABOMEY,2020,Octobre,10,114.0,10.0
ABOMEY,2020,Novembre,11,0.0,0.0
ABOMEY,2020,Décembre,12,0.0,0.0
AGBANGNIZOUN,2020,Janvier,1,1.5,1.0
AGBANGNIZOUN,2020,Février,2,0.0,0.0
AGBANGNIZOUN,2020,Mars,3,35.5,3.0
AGBANGNIZOUN,2020,Avril,4,78.3,5.0
AGBANGNIZOUN,2020,Mai,5,78.3,5.0
AGBANGNIZOUN,2020,Juin,6,207.5,6.0
AGBANGNIZOUN,2020,Juillet,7,107.0,7.0
AGBANGNIZOUN,2020,Août,8,29.5,2.0
AGBANGNIZOUN,2020,Septembre,9,171.60000000000002,13.0
AGBANGNIZOUN,2020,Octobre,10,87.4,7.0
AGBANGNIZOUN,2020,Novembre,11,0.0,0.0
AGBANGNIZOUN,2020,Décembre,12,0.0,0.0
BOHICON,2020,Janvier,1,0.0,0.0
BOHICON,2020,Février,2,0.0,0.0
BOHICON,2020,Mars,3,25.0,2.0
BOHICON,2020,Avril,4,68.0,5.0
BOHICON,2020,Mai,5,68.0,5.0
BOHICON,2020,Juin,6,121.0,6.0
BOHICON,2020,Juillet,7,100.5,8.0
BOHICON,2020,Août,8,37.0,2.0
BOHICON,2020,Septembre,9,187.25,8.0
BOHICON,2020,Octobre,10,125.75,5.0
BOHICON,2020,Novembre,11,0.0,0.0
BOHICON,2020,Décembre,12,0.0,0.0
COVE,2020,Janvier,1,0.0,0.0
COVE,2020,Février,2,0.0,0.0
COVE,2020,Mars,3,34.666666666666664,1.0
COVE,2020,Avril,4,87.66666666666666,10.0
COVE,2020,Mai,5,87.66666666666666,10.0
COVE,2020,Juin,6,113.4,7.0
COVE,2020,Juillet,7,137.7,6.0
COVE,2020,Août,8,19.0,3.0
COVE,2020,Septembre,9,185.21666666666667,10.0
COVE,2020,Octobre,10,63.53333333333333,5.0
COVE,2020,Novembre,11,17.333333333333332,2.0
COVE,2020,Décembre,12,0.0,0.0
DJIDJA,2020,Janvier,1,0.0,0.0
DJIDJA,2020,Février,2,0.0,0.0
DJIDJA,2020,Mars,3,55.33333333333334,3.0
DJIDJA,2020,Avril,4,75.5,6.0
DJIDJA,2020,Mai,5,75.5,6.0
DJIDJA,2020,Juin,6,90.75333333333333,7.0
DJIDJA,2020,Juillet,7,145.66666666666666,9.0
DJIDJA,2020,Août,8,91.66666666666666,5.0
DJIDJA,2020,Septembre,9,233.16666666666669,10.0
DJIDJA,2020,Octobre,10,178.64,9.0
DJIDJA,2020,Novembre,11,4.45,2.0
DJIDJA,2020,Décembre,12,0.0,0.0
OUINHI,2020,Janvier,1,1.6,1.0
OUINHI,2020,Février,2,0.0,0.0
OUINHI,2020,Mars,3,39.0,2.0
OUINHI,2020,Avril,4,131.0,9.0
OUINHI,2020,Mai,5,131.0,9.0
OUINHI,2020,Juin,6,111.5,7.0
OUINHI,2020,Juillet,7,139.15,8.0
OUINHI,2020,Août,8,21.5,4.0
OUINHI,2020,Septembre,9,153.8025,11.0
OUINHI,2020,Octobre,10,86.925,9.0
OUINHI,2020,Novembre,11,3.0666666666666664,3.0
OUINHI,2020,Décembre,12,0.0,0.0
ZAGNANADO,2020,Janvier,1,4.066666666666666,1.0
ZAGNANADO,2020,Février,2,0.0,0.0
ZAGNANADO,2020,Mars,3,21.0,1.0
ZAGNANADO,2020,Avril,4,67.0,6.0
ZAGNANADO,2020,Mai,5,67.0,6.0
ZAGNANADO,2020,Juin,6,139.5,6.0
ZAGNANADO,2020,Juillet,7,90.0,6.0
ZAGNANADO,2020,Août,8,27.0,2.0
ZAGNANADO,2020,Septembre,9,145.21666666666667,11.0
ZAGNANADO,2020,Octobre,10,61.71666666666667,5.0
ZAGNANADO,2020,Novembre,11,6.0,1.0
ZAGNANADO,2020,Décembre,12,0.0,0.0
ZA-KPOTA,2020,Janvier,1,0.0,0.0
ZA-KPOTA,2020,Février,2,0.0,0.0
ZA-KPOTA,2020,Mars,3,38.0,1.0
ZA-KPOTA,2020,Avril,4,39.5,3.0
ZA-KPOTA,2020,Mai,5,39.5,3.0
ZA-KPOTA,2020,Juin,6,180.0,6.0
ZA-KPOTA,2020,Juillet,7,124.0,4.0
ZA-KPOTA,2020,Août,8,9.0,1.0
ZA-KPOTA,2020,Septembre,9,195.03333333333333,10.0
ZA-KPOTA,2020,Octobre,10,87.13333333333334,7.0
ZA-KPOTA,2020,Novembre,11,1.4000000000000001,1.0
ZA-KPOTA,2020,Décembre,12,0.0,0.0
ZOGBODOMEY,2020,Janvier,1,0.5,1.0
ZOGBODOMEY,2020,Février,2,0.0,0.0
ZOGBODOMEY,2020,Mars,3,98.0,4.0
ZOGBODOMEY,2020,Avril,4,175.5,8.0
ZOGBODOMEY,2020,Mai,5,175.5,8.0
ZOGBODOMEY,2020,Juin,6,160.0,9.0
ZOGBODOMEY,2020,Juillet,7,93.5,8.0
ZOGBODOMEY,2020,Août,8,2.5,1.0
ZOGBODOMEY,2020,Septembre,9,148.06666666666666,10.0
ZOGBODOMEY,2020,Octobre,10,132.44166666666666,8.0
ZOGBODOMEY,2020,Novembre,11,4.3,2.0
ZOGBODOMEY,2020,Décembre,12,0.0,0.0
DEPART. ZOU,2020,Janvier,1,4.346296296296297,0.5555555555555556
DEPART. ZOU,2020,Février,2,0.0,0.0
DEPART. ZOU,2020,Mars,3,43.05555555555556,2.111111111111111
DEPART. ZOU,2020,Avril,4,88.05185185185185,6.444444444444445
DEPART. ZOU,2020,Mai,5,88.05185185185185,6.444444444444445
DEPART. ZOU,2020,Juin,6,131.96148148148146,6.777777777777778
DEPART. ZOU,2020,Juillet,7,116.27962962962962,7.666666666666667
DEPART. ZOU,2020,Août,8,30.240740740740737,2.4444444444444446
DEPART. ZOU,2020,Septembre,9,179.4762037037037,10.555555555555555
DEPART. ZOU,2020,Octobre,10,0.0,0.0
DEPART. ZOU,2020,Novembre,11,0.0,0.0
DEPART. ZOU,2020,Décembre,12,0.0,0.0
BANTE,2020,Janvier,1,0.0,0.0
BANTE,2020,Février,2,0.0,0.0
BANTE,2020,Mars,3,65.425,5.0
BANTE,2020,Avril,4,92.0,4.0
BANTE,2020,Mai,5,92.0,4.0
BANTE,2020,Juin,6,131.45,7.0
BANTE,2020,Juillet,7,261.5225,12.0
BANTE,2020,Août,8,50.55,3.0
BANTE,2020,Septembre,9,133.775,9.0
BANTE,2020,Octobre,10,213.4375,6.0
BANTE,2020,Novembre,11,0.0,0.0
BANTE,2020,Décembre,12,0.0,0.0
DASSA-ZOUME,2020,Janvier,1,2.575,1.0
DASSA-ZOUME,2020,Février,2,0.0,0.0
DASSA-ZOUME,2020,Mars,3,51.355000000000004,5.0
DASSA-ZOUME,2020,Avril,4,120.63749999999999,7.0
DASSA-ZOUME,2020,Mai,5,120.63749999999999,7.0
DASSA-ZOUME,2020,Juin,6,122.425,7.0
DASSA-ZOUME,2020,Juillet,7,222.05,8.0
DASSA-ZOUME,2020,Août,8,22.675,2.0
DASSA-ZOUME,2020,Septembre,9,137.925,8.0
DASSA-ZOUME,2020,Octobre,10,122.70000000000002,6.0
DASSA-ZOUME,2020,Novembre,11,0.0,0.0
DASSA-ZOUME,2020,Décembre,12,0.0,0.0
GLAZOUE,2020,Janvier,1,0.0,0.0
GLAZOUE,2020,Février,2,0.0,0.0
GLAZOUE,2020,Mars,3,54.16,4.0
GLAZOUE,2020,Avril,4,61.080000000000005,4.0
GLAZOUE,2020,Mai,5,61.080000000000005,4.0
GLAZOUE,2020,Juin,6,137.14,8.0
GLAZOUE,2020,Juillet,7,184.08,10.0
GLAZOUE,2020,Août,8,32.32,2.0
GLAZOUE,2020,Septembre,9,126.02,8.0
GLAZOUE,2020,Octobre,10,69.36,5.0
GLAZOUE,2020,Novembre,11,0.0,0.0
GLAZOUE,2020,Décembre,12,0.0,0.0
OUESSE,2020,Janvier,1,0.0,0.0
OUESSE,2020,Février,2,0.0,0.0
OUESSE,2020,Mars,3,32.05,2.0
OUESSE,2020,Avril,4,96.875,6.0
OUESSE,2020,Mai,5,96.875,6.0
OUESSE,2020,Juin,6,162.925,9.0
OUESSE,2020,Juillet,7,223.14999999999998,9.0
OUESSE,2020,Août,8,78.35,4.0
OUESSE,2020,Septembre,9,144.9,8.0
OUESSE,2020,Octobre,10,132.5,6.0
OUESSE,2020,Novembre,11,0.0,0.0
OUESSE,2020,Décembre,12,0.0,0.0
SAVALOU,2020,Janvier,1,0.0,0.0
SAVALOU,2020,Février,2,0.0,0.0
SAVALOU,2020,Mars,3,32.0,1.0
SAVALOU,2020,Avril,4,101.0,5.0
SAVALOU,2020,Mai,5,101.0,5.0
SAVALOU,2020,Juin,6,147.0,9.0
SAVALOU,2020,Juillet,7,248.0,7.0
SAVALOU,2020,Août,8,52.0,3.0
SAVALOU,2020,Septembre,9,176.0,10.0
SAVALOU,2020,Octobre,10,109.0,5.0
SAVALOU,2020,Novembre,11,0.0,0.0
SAVALOU,2020,Décembre,12,0.0,0.0
SAVE,2020,Janvier,1,0.0,0.0
SAVE,2020,Février,2,0.0,0.0
SAVE,2020,Mars,3,32.0,1.0
SAVE,2020,Avril,4,101.0,5.0
SAVE,2020,Mai,5,101.0,5.0
SAVE,2020,Juin,6,159.5,9.0
SAVE,2020,Juillet,7,243.0,8.0
SAVE,2020,Août,8,30.0,2.0
SAVE,2020,Septembre,9,147.0,10.0
SAVE,2020,Octobre,10,92.0,6.0
SAVE,2020,Novembre,11,0.0,0.0
SAVE,2020,Décembre,12,0.0,0.0
DEPART. COLLINES,2020,Janvier,1,1.01875,1.0
DEPART. COLLINES,2020,Février,2,0.0,0.0
DEPART. COLLINES,2020,Mars,3,55.10171842650104,4.0
DEPART. COLLINES,2020,Avril,4,93.06428571428572,5.0
DEPART. COLLINES,2020,Mai,5,93.06428571428572,5.0
DEPART. COLLINES,2020,Juin,6,134.65909090909093,9.0
DEPART. COLLINES,2020,Juillet,7,214.84272727272727,10.0
DEPART. COLLINES,2020,Août,8,44.34177489177489,4.0
DEPART. COLLINES,2020,Septembre,9,131.29999999999998,9.0
DEPART. COLLINES,2020,Octobre,10,126.01136363636364,7.0
DEPART. COLLINES,2020,Novembre,11,0.0,0.0
DEPART. COLLINES,2020,Décembre,12,0.0,0.0
ATHIEME,2020,Janvier,1,0.0,0.0
ATHIEME,2020,Février,2,0.0,0.0
ATHIEME,2020,Mars,3,53.26666666666667,3.0
ATHIEME,2020,Avril,4,55.23333333333333,4.0
ATHIEME,2020,Mai,5,206.13333333333333,9.0
ATHIEME,2020,Juin,6,183.20000000000002,11.0
ATHIEME,2020,Juillet,7,106.83333333333333,7.0
ATHIEME,2020,Août,8,0.0,0.0
ATHIEME,2020,Septembre,9,109.89999999999999,11.0
ATHIEME,2020,Octobre,10,0.0,0.0
ATHIEME,2020,Novembre,11,0.0,0.0
ATHIEME,2020,Décembre,12,0.0,0.0
BOPA,2020,Janvier,1,0.0,0.0
BOPA,2020,Février,2,0.0,0.0
BOPA,2020,Mars,3,46.125,3.0
BOPA,2020,Avril,4,75.8,5.0
BOPA,2020,Mai,5,159.55,8.0
BOPA,2020,Juin,6,215.39999999999998,10.0
BOPA,2020,Juillet,7,34.980000000000004,3.0
BOPA,2020,Août,8,0.33999999999999997,1.0
BOPA,2020,Septembre,9,73.828,7.0
BOPA,2020,Octobre,10,0.0,0.0
BOPA,2020,Novembre,11,0.0,0.0
BOPA,2020,Décembre,12,0.0,0.0
COME,2020,Janvier,1,0.0,0.0
COME,2020,Février,2,0.0,0.0
COME,2020,Mars,3,34.666666666666664,1.0
COME,2020,Avril,4,57.333333333333336,5.0
COME,2020,Mai,5,163.37708333333333,6.0
COME,2020,Juin,6,184.33333333333334,11.0
COME,2020,Juillet,7,38.333333333333336,4.0
COME,2020,Août,8,0.0,0.0
COME,2020,Septembre,9,117.66666666666667,7.0
COME,2020,Octobre,10,0.0,0.0
COME,2020,Novembre,11,0.0,0.0
COME,2020,Décembre,12,0.0,0.0
GRAND-POPO,2020,Janvier,1,0.0,0.0
GRAND-POPO,2020,Février,2,0.0,0.0
GRAND-POPO,2020,Mars,3,51.78333333333333,2.0
GRAND-POPO,2020,Avril,4,122.97777777777777,7.0
GRAND-POPO,2020,Mai,5,257.21666666666664,8.0
GRAND-POPO,2020,Juin,6,221.67666666666665,10.0
GRAND-POPO,2020,Juillet,7,19.325,2.0
GRAND-POPO,2020,Août,8,0.0,0.0
GRAND-POPO,2020,Septembre,9,85.325,5.0
GRAND-POPO,2020,Octobre,10,0.0,0.0
GRAND-POPO,2020,Novembre,11,0.0,0.0
GRAND-POPO,2020,Décembre,12,0.0,0.0
HOUEYOGBE,2020,Janvier,1,0.0,0.0
HOUEYOGBE,2020,Février,2,0.0,0.0
HOUEYOGBE,2020,Mars,3,58.333333333333336,2.0
HOUEYOGBE,2020,Avril,4,52.875,4.5
HOUEYOGBE,2020,Mai,5,123.5,7.0
HOUEYOGBE,2020,Juin,6,207.75,11.5
HOUEYOGBE,2020,Juillet,7,58.0,4.0
HOUEYOGBE,2020,Août,8,0.0,0.0
HOUEYOGBE,2020,Septembre,9,92.0,7.0
HOUEYOGBE,2020,Octobre,10,0.0,0.0
HOUEYOGBE,2020,Novembre,11,0.0,0.0
HOUEYOGBE,2020,Décembre,12,0.0,0.0
LOKOSSA,2020,Janvier,1,0.0,0.0
LOKOSSA,2020,Février,2,0.0,0.0
LOKOSSA,2020,Mars,3,63.4,3.0
LOKOSSA,2020,Avril,4,52.8,5.0
LOKOSSA,2020,Mai,5,212.325,9.0
LOKOSSA,2020,Juin,6,205.175,10.0
LOKOSSA,2020,Juillet,7,109.975,6.0
LOKOSSA,2020,Août,8,0.0,0.0
LOKOSSA,2020,Septembre,9,102.25,8.0
LOKOSSA,2020,Octobre,10,0.0,0.0
LOKOSSA,2020,Novembre,11,0.0,0.0
LOKOSSA,2020,Décembre,12,0.0,0.0
DEPART. MONO,2020,Janvier,1,0.0,0.0
DEPART. MONO,2020,Février,2,0.0,0.0
DEPART. MONO,2020,Mars,3,51.6125,2.0
DEPART. MONO,2020,Avril,4,68.21587301587302,5.0
DEPART. MONO,2020,Mai,5,183.88958333333332,8.0
DEPART. MONO,2020,Juin,6,203.85380952380953,11.0
DEPART. MONO,2020,Juillet,7,59.16363636363636,4.0
DEPART. MONO,2020,Août,8,0.07727272727272727,1.0
DEPART. MONO,2020,Septembre,9,94.78869565217391,7.0
DEPART. MONO,2020,Octobre,10,0.0,0.0
DEPART. MONO,2020,Novembre,11,0.0,0.0
DEPART. MONO,2020,Décembre,12,0.0,0.0
APLAHOUE,2020,Janvier,1,0.0,0.0
APLAHOUE,2020,Février,2,0.0,0.0
APLAHOUE,2020,Mars,3,33.5,5.0
APLAHOUE,2020,Avril,4,58.5,5.0
APLAHOUE,2020,Mai,5,108.60000000000001,7.0
APLAHOUE,2020,Juin,6,227.2,11.0
APLAHOUE,2020,Juillet,7,19.9,1.0
APLAHOUE,2020,Août,8,1.7,1.0
APLAHOUE,2020,Septembre,9,45.24,10.0
APLAHOUE,2020,Octobre,10,144.5,11.0
APLAHOUE,2020,Novembre,11,12.5,4.0
APLAHOUE,2020,Décembre,12,9.799999999999999,1.0
DJAKOTOMEY,2020,Janvier,1,0.0,0.0
DJAKOTOMEY,2020,Février,2,0.0,0.0
DJAKOTOMEY,2020,Mars,3,25.0,1.0
DJAKOTOMEY,2020,Avril,4,71.0,5.0
DJAKOTOMEY,2020,Mai,5,161.546875,6.0
DJAKOTOMEY,2020,Juin,6,199.0,10.0
DJAKOTOMEY,2020,Juillet,7,29.0,3.0
DJAKOTOMEY,2020,Août,8,0.0,0.0
DJAKOTOMEY,2020,Septembre,9,109.0,6.0
DJAKOTOMEY,2020,Octobre,10,196.0,10.0
DJAKOTOMEY,2020,Novembre,11,16.0,4.0
DJAKOTOMEY,2020,Décembre,12,10.0,2.0
DOGBO,2020,Janvier,1,0.0,0.0
DOGBO,2020,Février,2,0.0,0.0
DOGBO,2020,Mars,3,45.0,1.0
DOGBO,2020,Avril,4,114.03333333333333,7.0
DOGBO,2020,Mai,5,279.0,9.0
DOGBO,2020,Juin,6,294.0,12.0
DOGBO,2020,Juillet,7,45.0,2.0
DOGBO,2020,Août,8,0.0,0.0
DOGBO,2020,Septembre,9,104.0,6.0
DOGBO,2020,Octobre,10,129.0,6.0
DOGBO,2020,Novembre,11,55.0,4.0
DOGBO,2020,Décembre,12,0.0,0.0
KLOUEKANME,2020,Janvier,1,0.0,0.0
KLOUEKANME,2020,Février,2,0.0,0.0
KLOUEKANME,2020,Mars,3,0.0,0.0
KLOUEKANME,2020,Avril,4,49.0,5.0
KLOUEKANME,2020,Mai,5,130.0,8.0
KLOUEKANME,2020,Juin,6,189.0,11.0
KLOUEKANME,2020,Juillet,7,50.0,4.0
KLOUEKANME,2020,Août,8,0.0,0.0
KLOUEKANME,2020,Septembre,9,107.0,7.0
KLOUEKANME,2020,Octobre,10,0.0,0.0
KLOUEKANME,2020,Novembre,11,0.0,0.0
KLOUEKANME,2020,Décembre,12,14.166666666666666,2.0
LALO,2020,Janvier,1,0.0,0.0
LALO,2020,Février,2,0.0,0.0
LALO,2020,Mars,3,58.333333333333336,2.0
LALO,2020,Avril,4,52.875,4.5
LALO,2020,Mai,5,123.5,7.0
LALO,2020,Juin,6,207.75,11.5
LALO,2020,Juillet,7,57.0,4.0
LALO,2020,Août,8,0.0,0.0
LALO,2020,Septembre,9,119.0,9.0
LALO,2020,Octobre,10,166.0,8.0
LALO,2020,Novembre,11,63.0,4.0
LALO,2020,Décembre,12,31.0,2.0
TOVIKLIN,2020,Janvier,1,0.0,0.0
TOVIKLIN,2020,Février,2,0.0,0.0
TOVIKLIN,2020,Mars,3,63.4,3.0
TOVIKLIN,2020,Avril,4,52.8,5.0
TOVIKLIN,2020,Mai,5,212.325,9.0
TOVIKLIN,2020,Juin,6,205.175,10.0
TOVIKLIN,2020,Juillet,7,146.63333333333333,8.0
TOVIKLIN,2020,Août,8,0.0,0.0
TOVIKLIN,2020,Septembre,9,136.33333333333334,10.0
TOVIKLIN,2020,Octobre,10,182.53333333333333,13.0
TOVIKLIN,2020,Novembre,11,6.475,2.0
TOVIKLIN,2020,Décembre,12,3.75,1.0
DEPART. COUFFO,2020,Janvier,1,0.0,0.0
DEPART. COUFFO,2020,Février,2,0.0,0.0
DEPART. COUFFO,2020,Mars,3,51.6125,2.0
DEPART. COUFFO,2020,Avril,4,68.21587301587302,5.0
DEPART. COUFFO,2020,Mai,5,183.88958333333332,8.0
DEPART. COUFFO,2020,Juin,6,203.85380952380953,11.0
DEPART. COUFFO,2020,Juillet,7,67.63,5.0
DEPART. COUFFO,2020,Août,8,0.08095238095238096,1.0
DEPART. COUFFO,2020,Septembre,9,113.857,9.0
DEPART. COUFFO,2020,Octobre,10,144.35526315789474,9.0
DEPART. COUFFO,2020,Novembre,11,30.169565217391302,3.0
DEPART. COUFFO,2020,Décembre,12,0.0,0.0
ADJARRA,2020,Janvier,1,0.0,0.0
ADJARRA,2020,Février,2,0.0,0.0
ADJARRA,2020,Mars,3,40.0,1.5
ADJARRA,2020,Avril,4,109.0,5.5
ADJARRA,2020,Mai,5,258.0,6.0
ADJARRA,2020,Juin,6,402.0,11.5
ADJARRA,2020,Juillet,7,75.5,2.0
ADJARRA,2020,Août,8,0.0,0.0
ADJARRA,2020,Septembre,9,251.6,10.5
ADJARRA,2020,Octobre,10,127.75,8.0
ADJARRA,2020,Novembre,11,33.75,2.0
ADJARRA,2020,Décembre,12,18.5,1.5
ADJOHOUN,2020,Janvier,1,0.0,0.0
ADJOHOUN,2020,Février,2,0.0,0.0
ADJOHOUN,2020,Mars,3,9.166666666666666,1.3333333333333333
ADJOHOUN,2020,Avril,4,43.5,4.0
ADJOHOUN,2020,Mai,5,207.78333333333333,6.666666666666667
ADJOHOUN,2020,Juin,6,155.29999999999998,9.0
ADJOHOUN,2020,Juillet,7,85.36666666666667,3.3333333333333335
ADJOHOUN,2020,Août,8,0.0,0.0
ADJOHOUN,2020,Septembre,9,146.13333333333333,7.333333333333333
ADJOHOUN,2020,Octobre,10,197.26666666666665,12.333333333333334
ADJOHOUN,2020,Novembre,11,17.63333333333333,3.3333333333333335
ADJOHOUN,2020,Décembre,12,28.46666666666667,3.6666666666666665
AGUEGUES,2020,Janvier,1,0.0,0.0
AGUEGUES,2020,Février,2,0.0,0.0
AGUEGUES,2020,Mars,3,62.0,3.0
AGUEGUES,2020,Avril,4,235.4,5.0
AGUEGUES,2020,Mai,5,276.2,6.0
AGUEGUES,2020,Juin,6,751.5,14.0
AGUEGUES,2020,Juillet,7,96.69999999999999,3.0
AGUEGUES,2020,Août,8,0.0,0.0
AGUEGUES,2020,Septembre,9,215.89999999999998,8.0
AGUEGUES,2020,Octobre,10,332.9,13.0
AGUEGUES,2020,Novembre,11,77.3,3.0
AGUEGUES,2020,Décembre,12,21.5,2.0
AKPRO-MISSERETE,2020,Janvier,1,0.0,0.0
AKPRO-MISSERETE,2020,Février,2,0.0,0.0
AKPRO-MISSERETE,2020,Mars,3,17.0,2.0
AKPRO-MISSERETE,2020,Avril,4,121.0,7.5
AKPRO-MISSERETE,2020,Mai,5,163.5,8.5
AKPRO-MISSERETE,2020,Juin,6,340.5,18.0
AKPRO-MISSERETE,2020,Juillet,7,47.5,6.5
AKPRO-MISSERETE,2020,Août,8,0.0,0.0
AKPRO-MISSERETE,2020,Septembre,9,196.5,17.0
AKPRO-MISSERETE,2020,Octobre,10,237.5,15.0
AKPRO-MISSERETE,2020,Novembre,11,87.0,8.0
AKPRO-MISSERETE,2020,Décembre,12,12.0,1.5
AVRANKOU,2020,Janvier,1,0.0,0.0
AVRANKOU,2020,Février,2,0.0,0.0
AVRANKOU,2020,Mars,3,46.650000000000006,3.5
AVRANKOU,2020,Avril,4,134.25,5.0
AVRANKOU,2020,Mai,5,139.35,6.0
AVRANKOU,2020,Juin,6,333.65,10.0
AVRANKOU,2020,Juillet,7,32.7,1.0
AVRANKOU,2020,Août,8,0.0,0.0
AVRANKOU,2020,Septembre,9,150.7,6.5
AVRANKOU,2020,Octobre,10,126.45,6.0
AVRANKOU,2020,Novembre,11,0.0,0.0
AVRANKOU,2020,Décembre,12,26.45,2.0
BONOU,2020,Janvier,1,0.0,0.0
BONOU,2020,Février,2,0.0,0.0
BONOU,2020,Mars,3,10.375,0.5
BONOU,2020,Avril,4,90.75,3.5
BONOU,2020,Mai,5,158.25,5.25
BONOU,2020,Juin,6,123.875,5.0
BONOU,2020,Juillet,7,62.95,2.5
BONOU,2020,Août,8,0.0,0.0
BONOU,2020,Septembre,9,239.9375,7.75
BONOU,2020,Octobre,10,171.525,6.0
BONOU,2020,Novembre,11,0.0,0.0
BONOU,2020,Décembre,12,24.875,2.0
DANGBO,2020,Janvier,1,0.0,0.0
DANGBO,2020,Février,2,0.0,0.0
DANGBO,2020,Mars,3,18.75,4.0
DANGBO,2020,Avril,4,86.55000000000001,5.0
DANGBO,2020,Mai,5,143.6,6.0
DANGBO,2020,Juin,6,354.44999999999993,11.0
DANGBO,2020,Juillet,7,40.0,3.0
DANGBO,2020,Août,8,0.0,0.0
DANGBO,2020,Septembre,9,178.45,10.0
DANGBO,2020,Octobre,10,138.1,12.5
DANGBO,2020,Novembre,11,37.75,7.0
DANGBO,2020,Décembre,12,15.100000000000001,3.5
PORTO-NOVO,2020,Janvier,1,0.0,0.0
PORTO-NOVO,2020,Février,2,0.0,0.0
PORTO-NOVO,2020,Mars,3,28.0,3.0
PORTO-NOVO,2020,Avril,4,127.5,6.0
PORTO-NOVO,2020,Mai,5,176.75,6.5
PORTO-NOVO,2020,Juin,6,517.25,11.5
PORTO-NOVO,2020,Juillet,7,64.5,3.0
PORTO-NOVO,2020,Août,8,0.0,0.0
PORTO-NOVO,2020,Septembre,9,174.0,9.5
PORTO-NOVO,2020,Octobre,10,147.25,9.5
PORTO-NOVO,2020,Novembre,11,70.0,4.0
PORTO-NOVO,2020,Décembre,12,13.0,1.5
SEME-PODJI,2020,Janvier,1,0.0,0.0
SEME-PODJI,2020,Février,2,0.0,0.0
SEME-PODJI,2020,Mars,3,60.55,5.5
SEME-PODJI,2020,Avril,4,154.14999999999998,6.5
SEME-PODJI,2020,Mai,5,209.6,8.0
SEME-PODJI,2020,Juin,6,571.85,15.0
SEME-PODJI,2020,Juillet,7,75.95,2.5
SEME-PODJI,2020,Août,8,1.4,0.5
SEME-PODJI,2020,Septembre,9,208.6,8.5
SEME-PODJI,2020,Octobre,10,121.5,5.5
SEME-PODJI,2020,Novembre,11,31.4,2.0
SEME-PODJI,2020,Décembre,12,20.25,1.0
DEPART. OUEME,2020,Janvier,1,0.0,0.0
DEPART. OUEME,2020,Février,2,0.0,0.0
DEPART. OUEME,2020,Mars,3,27.645,2.4
DEPART. OUEME,2020,Avril,4,109.69000000000001,5.1
DEPART. OUEME,2020,Mai,5,185.70749999999998,6.45
DEPART. OUEME,2020,Juin,6,337.61499999999995,10.75
DEPART. OUEME,2020,Juillet,7,64.21000000000001,2.95
DEPART. OUEME,2020,Août,8,0.13999999999999999,0.05
DEPART. OUEME,2020,Septembre,9,196.6875,9.25
DEPART. OUEME,2020,Octobre,10,170.39499999999998,9.35
DEPART. OUEME,2020,Novembre,11,32.5,2.95
DEPART. OUEME,2020,Décembre,12,20.85,2.15
ADJA-OUERE,2020,Janvier,1,0.0,0.0
ADJA-OUERE,2020,Février,2,2.25,0.5
ADJA-OUERE,2020,Mars,3,44.05,2.25
ADJA-OUERE,2020,Avril,4,95.0,5.25
ADJA-OUERE,2020,Mai,5,184.5,7.25
ADJA-OUERE,2020,Juin,6,213.125,8.5
ADJA-OUERE,2020,Juillet,7,124.69999999999999,5.5
ADJA-OUERE,2020,Août,8,0.0,0.0
ADJA-OUERE,2020,Septembre,9,216.25,10.5
ADJA-OUERE,2020,Octobre,10,227.925,11.0
ADJA-OUERE,2020,Novembre,11,6.75,0.75
ADJA-OUERE,2020,Décembre,12,0.0,0.0
IFANGNI,2020,Janvier,1,0.0,0.0
IFANGNI,2020,Février,2,0.0,0.0
IFANGNI,2020,Mars,3,4.125,1.0
IFANGNI,2020,Avril,4,126.675,5.5
IFANGNI,2020,Mai,5,152.375,5.75
IFANGNI,2020,Juin,6,252.25,11.25
IFANGNI,2020,Juillet,7,79.1875,3.0
IFANGNI,2020,Août,8,0.0,0.0
IFANGNI,2020,Septembre,9,167.375,10.75
IFANGNI,2020,Octobre,10,161.25,11.5
IFANGNI,2020,Novembre,11,40.0,2.75
IFANGNI,2020,Décembre,12,0.0,0.0
KETOU,2020,Janvier,1,0.0,0.0
KETOU,2020,Février,2,2.0,0.2
KETOU,2020,Mars,3,51.4,3.0
KETOU,2020,Avril,4,86.5,6.0
KETOU,2020,Mai,5,148.8,5.0
KETOU,2020,Juin,6,221.6,10.8
KETOU,2020,Juillet,7,169.84,6.4
KETOU,2020,Août,8,1.5,0.8
KETOU,2020,Septembre,9,183.7,11.0
KETOU,2020,Octobre,10,91.0,6.6
KETOU,2020,Novembre,11,13.0,1.0
KETOU,2020,Décembre,12,0.0,0.0
POBE,2020,Janvier,1,0.0,0.0
POBE,2020,Février,2,1.725,0.5
POBE,2020,Mars,3,28.875,1.75
POBE,2020,Avril,4,111.8125,6.0
POBE,2020,Mai,5,195.875,9.5
POBE,2020,Juin,6,220.7125,9.75
POBE,2020,Juillet,7,97.625,4.0
POBE,2020,Août,8,0.0,0.0
POBE,2020,Septembre,9,177.875,11.0
POBE,2020,Octobre,10,113.6875,9.75
POBE,2020,Novembre,11,3.0,0.5
POBE,2020,Décembre,12,0.0,0.0
SAKETE,2020,Janvier,1,0.0,0.0
SAKETE,2020,Février,2,0.0,0.0
SAKETE,2020,Mars,3,37.4,2.2
SAKETE,2020,Avril,4,84.58,6.4
SAKETE,2020,Mai,5,174.16,6.8
SAKETE,2020,Juin,6,202.28000000000003,11.2
SAKETE,2020,Juillet,7,55.8,4.6
SAKETE,2020,Août,8,0.2,0.2
SAKETE,2020,Septembre,9,171.83999999999997,8.8
SAKETE,2020,Octobre,10,139.06,10.6
SAKETE,2020,Novembre,11,24.72,2.6
SAKETE,2020,Décembre,12,0.0,0.0
DEPART. PLATEAU,2020,Janvier,1,0.0,0.0
DEPART. PLATEAU,2020,Février,2,0.994736842105263,0.21052631578947367
DEPART. PLATEAU,2020,Mars,3,38.852631578947374,2.3684210526315788
DEPART. PLATEAU,2020,Avril,4,99.07105263157895,6.105263157894737
DEPART. PLATEAU,2020,Mai,5,173.17368421052632,6.894736842105263
DEPART. PLATEAU,2020,Juin,6,220.48684210526315,10.368421052631579
DEPART. PLATEAU,2020,Juillet,7,111.76315789473684,4.842105263157895
DEPART. PLATEAU,2020,Août,8,0.4473684210526316,0.2631578947368421
DEPART. PLATEAU,2020,Septembre,9,185.58947368421053,10.368421052631579
DEPART. PLATEAU,2020,Octobre,10,140.3815789473684,9.578947368421053
DEPART. PLATEAU,2020,Novembre,11,13.926315789473685,1.4210526315789473
DEPART. PLATEAU,2020,Décembre,12,0.0,0.0
ABOMEY-CALAVI,2020,Janvier,1,0.0,0.0
ABOMEY-CALAVI,2020,Février,2,0.0,0.0
ABOMEY-CALAVI,2020,Mars,3,20.0,1.5
ABOMEY-CALAVI,2020,Avril,4,93.5,2.0
ABOMEY-CALAVI,2020,Mai,5,116.0,5.0
ABOMEY-CALAVI,2020,Juin,6,178.5,9.0
ABOMEY-CALAVI,2020,Juillet,7,65.0,2.0
ABOMEY-CALAVI,2020,Août,8,0.0,0.0
ABOMEY-CALAVI,2020,Septembre,9,111.5,7.0
ABOMEY-CALAVI,2020,Octobre,10,131.5,8.0
ABOMEY-CALAVI,2020,Novembre,11,8.5,1.0
ABOMEY-CALAVI,2020,Décembre,12,18.0,2.5
ALLADA,2020,Janvier,1,0.0,0.0
ALLADA,2020,Février,2,0.0,0.0
ALLADA,2020,Mars,3,49.0,3.0
ALLADA,2020,Avril,4,78.5,3.0
ALLADA,2020,Mai,5,112.0,6.0
ALLADA,2020,Juin,6,243.5,9.5
ALLADA,2020,Juillet,7,66.0,3.5
ALLADA,2020,Août,8,2.0,0.5
ALLADA,2020,Septembre,9,133.5,7.5
ALLADA,2020,Octobre,10,213.5,9.0
ALLADA,2020,Novembre,11,14.0,2.0
ALLADA,2020,Décembre,12,61.0,2.5
KPOMASSE,2020,Janvier,1,0.0,0.0
KPOMASSE,2020,Février,2,0.0,0.0
KPOMASSE,2020,Mars,3,39.0,2.5
KPOMASSE,2020,Avril,4,62.0,5.5
KPOMASSE,2020,Mai,5,128.5,5.0
KPOMASSE,2020,Juin,6,228.5,11.5
KPOMASSE,2020,Juillet,7,55.5,2.5
KPOMASSE,2020,Août,8,1.0,1.0
KPOMASSE,2020,Septembre,9,133.5,6.0
KPOMASSE,2020,Octobre,10,199.0,8.0
KPOMASSE,2020,Novembre,11,26.0,2.0
KPOMASSE,2020,Décembre,12,21.5,1.0
OUIDAH,2020,Janvier,1,1.0,0.5
OUIDAH,2020,Février,2,0.0,0.0
OUIDAH,2020,Mars,3,32.35,4.0
OUIDAH,2020,Avril,4,108.55,7.5
OUIDAH,2020,Mai,5,129.15,8.5
OUIDAH,2020,Juin,6,337.70000000000005,18.5
OUIDAH,2020,Juillet,7,46.45,3.5
OUIDAH,2020,Août,8,15.015,1.0
OUIDAH,2020,Septembre,9,168.45,13.0
OUIDAH,2020,Octobre,10,126.8,11.5
OUIDAH,2020,Novembre,11,15.1,2.0
OUIDAH,2020,Décembre,12,13.25,1.0
SO-AVA,2020,Janvier,1,0.0,0.0
SO-AVA,2020,Février,2,0.0,0.0
SO-AVA,2020,Mars,3,26.5,1.5
SO-AVA,2020,Avril,4,105.0,5.5
SO-AVA,2020,Mai,5,113.0,6.0
SO-AVA,2020,Juin,6,338.5,14.5
SO-AVA,2020,Juillet,7,46.5,1.5
SO-AVA,2020,Août,8,0.0,0.0
SO-AVA,2020,Septembre,9,154.5,8.0
SO-AVA,2020,Octobre,10,135.0,8.0
SO-AVA,2020,Novembre,11,12.0,2.5
SO-AVA,2020,Décembre,12,10.0,0.5
TOFFO,2020,Janvier,1,0.0,0.0
TOFFO,2020,Février,2,0.0,0.0
TOFFO,2020,Mars,3,81.0,4.0
TOFFO,2020,Avril,4,80.5,3.5
TOFFO,2020,Mai,5,201.0,9.0
TOFFO,2020,Juin,6,217.5,8.0
TOFFO,2020,Juillet,7,46.0,2.0
TOFFO,2020,Août,8,0.0,0.0
TOFFO,2020,Septembre,9,178.0,8.0
TOFFO,2020,Octobre,10,240.0,8.5
TOFFO,2020,Novembre,11,58.5,3.0
TOFFO,2020,Décembre,12,44.0,3.0
TORI-BOSSITO,2020,Janvier,1,0.0,0.0
TORI-BOSSITO,2020,Février,2,0.0,0.0
TORI-BOSSITO,2020,Mars,3,17.0,3.5
TORI-BOSSITO,2020,Avril,4,56.5,4.0
TORI-BOSSITO,2020,Mai,5,116.0,7.0
TORI-BOSSITO,2020,Juin,6,249.0,12.5
TORI-BOSSITO,2020,Juillet,7,23.0,2.0
TORI-BOSSITO,2020,Août,8,2.75,1.0
TORI-BOSSITO,2020,Septembre,9,134.5,8.5
TORI-BOSSITO,2020,Octobre,10,173.5,13.0
TORI-BOSSITO,2020,Novembre,11,12.0,3.0
TORI-BOSSITO,2020,Décembre,12,37.5,2.5
ZE,2020,Janvier,1,0.0,0.0
ZE,2020,Février,2,0.0,0.0
ZE,2020,Mars,3,130.0,3.0
ZE,2020,Avril,4,71.5,5.0
ZE,2020,Mai,5,130.5,8.5
ZE,2020,Juin,6,128.5,10.5
ZE,2020,Juillet,7,44.0,4.0
ZE,2020,Août,8,0.0,0.0
ZE,2020,Septembre,9,162.5,7.9375
ZE,2020,Octobre,10,198.0,10.5
ZE,2020,Novembre,11,20.0,1.0
ZE,2020,Décembre,12,91.5,4.0
DEPART. ATLANTIQUE,2020,Janvier,1,0.16666666666666666,0.08333333333333333
DEPART. ATLANTIQUE,2020,Février,2,0.0,0.0
DEPART. ATLANTIQUE,2020,Mars,3,47.64166666666667,3.0833333333333335
DEPART. ATLANTIQUE,2020,Avril,4,79.84166666666667,4.666666666666667
DEPART. ATLANTIQUE,2020,Mai,5,128.60833333333332,7.166666666666667
DEPART. ATLANTIQUE,2020,Juin,6,243.11666666666667,11.416666666666666
DEPART. ATLANTIQUE,2020,Juillet,7,47.49166666666667,2.6666666666666665
DEPART. ATLANTIQUE,2020,Août,8,3.294166666666667,0.4166666666666667
DEPART. ATLANTIQUE,2020,Septembre,9,145.90833333333333,8.5625
DEPART. ATLANTIQUE,2020,Octobre,10,0.0,0.0
DEPART. ATLANTIQUE,2020,Novembre,11,0.0,0.0
DEPART. ATLANTIQUE,2020,Décembre,12,0.0,0.0
COTONOU,2020,Janvier,1,0.0,0.0
COTONOU,2020,Février,2,0.0,0.0
COTONOU,2020,Mars,3,39.013333333333335,3.6666666666666665
COTONOU,2020,Avril,4,107.02333333333333,5.333333333333334
COTONOU,2020,Mai,5,87.55333333333333,5.333333333333334
COTONOU,2020,Juin,6,287.22,12.5
COTONOU,2020,Juillet,7,47.166666666666664,1.6666666666666667
COTONOU,2020,Août,8,0.0,0.0
COTONOU,2020,Septembre,9,210.97333333333336,7.0
COTONOU,2020,Octobre,10,0.0,0.0
COTONOU,2020,Novembre,11,0.0,0.0
COTONOU,2020,Décembre,12,0.0,0.0
DEPART. LITTORAL,2020,Janvier,1,0.0,0.0
DEPART. LITTORAL,2020,Février,2,0.0,0.0
DEPART. LITTORAL,2020,Mars,3,39.013333333333335,3.6666666666666665
DEPART. LITTORAL,2020,Avril,4,107.02333333333333,5.333333333333334
DEPART. LITTORAL,2020,Mai,5,87.55333333333333,5.333333333333334
DEPART. LITTORAL,2020,Juin,6,287.22,12.5
DEPART. LITTORAL,2020,Juillet,7,47.166666666666664,1.6666666666666667
DEPART. LITTORAL,2020,Août,8,0.0,0.0
DEPART. LITTORAL,2020,Septembre,9,210.97333333333336,7.0
DEPART. LITTORAL,2020,Octobre,10,0.0,0.0
DEPART. LITTORAL,2020,Novembre,11,0.0,0.0
DEPART. LITTORAL,2020,Décembre,12,0.0,0.0
BENIN,2020,Janvier,1,0.5544372294372296,0.08441558441558442
BENIN,2020,Février,2,0.0775974025974026,0.015584415584415584
BENIN,2020,Mars,3,33.57038961038961,2.0274891774891772
BENIN,2020,Avril,4,79.47201490789153,4.869913419913419
BENIN,2020,Mai,5,124.41938504947433,6.172727272727273
BENIN,2020,Juin,6,202.6334804481233,9.669913419913419
BENIN,2020,Juillet,7,151.07372153820208,7.625541125541127
BENIN,2020,Août,8,64.70047028728847,3.8679653679653683
BENIN,2020,Septembre,9,197.32205082363527,11.063690476190475
BENIN,2020,Octobre,10,108.24927952999383,6.194928880643166
BENIN,2020,Novembre,11,10.391017316017317,1.0965367965367965
BENIN,2020,Décembre,12,7.085822510822511,0.5670995670995671
BEMBEREKE,2021,Janvier,1,0.0,0.0
BEMBEREKE,2021,Février,2,0.0,0.0
BEMBEREKE,2021,Mars,3,0.0,0.0
BEMBEREKE,2021,Avril,4,39.2,3.0
BEMBEREKE,2021,Mai,5,79.6,7.5
BEMBEREKE,2021,Juin,6,154.55,9.0
BEMBEREKE,2021,Juillet,7,197.11,13.0
BEMBEREKE,2021,Août,8,237.9,17.0
BEMBEREKE,2021,Septembre,9,188.2,15.0
BEMBEREKE,2021,Octobre,10,0.0,0.0
BEMBEREKE,2021,Novembre,11,0.0,0.0
BEMBEREKE,2021,Décembre,12,0.0,0.0
KALALE,2021,Janvier,1,0.0,0.0
KALALE,2021,Février,2,0.0,0.0
KALALE,2021,Mars,3,0.0,0.0
KALALE,2021,Avril,4,51.0,3.0
KALALE,2021,Mai,5,77.0,7.0
KALALE,2021,Juin,6,183.0,7.0
KALALE,2021,Juillet,7,217.0,7.0
KALALE,2021,Août,8,375.0,12.0
KALALE,2021,Septembre,9,319.0,11.0
KALALE,2021,Octobre,10,0.0,0.0
KALALE,2021,Novembre,11,0.0,0.0
KALALE,2021,Décembre,12,0.0,0.0
N'DALI,2021,Janvier,1,0.0,0.0
N'DALI,2021,Février,2,0.0,0.0
N'DALI,2021,Mars,3,9.25,0.5
N'DALI,2021,Avril,4,20.175,3.5
N'DALI,2021,Mai,5,88.775,4.25
N'DALI,2021,Juin,6,197.125,9.5
N'DALI,2021,Juillet,7,133.075,10.0
N'DALI,2021,Août,8,239.575,12.0
N'DALI,2021,Septembre,9,190.0,11.0
N'DALI,2021,Octobre,10,0.0,0.0
N'DALI,2021,Novembre,11,0.0,0.0
N'DALI,2021,Décembre,12,0.0,0.0
NIKKI,2021,Janvier,1,0.0,0.0
NIKKI,2021,Février,2,0.0,0.0
NIKKI,2021,Mars,3,0.0,0.0
NIKKI,2021,Avril,4,34.5,3.0
NIKKI,2021,Mai,5,59.0,4.5
NIKKI,2021,Juin,6,302.25,11.0
NIKKI,2021,Juillet,7,169.0,8.0
NIKKI,2021,Août,8,283.125,16.0
NIKKI,2021,Septembre,9,258.0,16.0
NIKKI,2021,Octobre,10,0.0,0.0
NIKKI,2021,Novembre,11,0.0,0.0
NIKKI,2021,Décembre,12,0.0,0.0
PARAKOU,2021,Janvier,1,0.0,0.0
PARAKOU,2021,Février,2,0.0,0.0
PARAKOU,2021,Mars,3,19.516666666666666,2.0
PARAKOU,2021,Avril,4,59.85,3.6666666666666665
PARAKOU,2021,Mai,5,107.16666666666666,6.166666666666666
PARAKOU,2021,Juin,6,183.61666666666667,8.0
PARAKOU,2021,Juillet,7,152.73333333333335,7.0
PARAKOU,2021,Août,8,320.9316666666666,13.0
PARAKOU,2021,Septembre,9,237.065,14.0
PARAKOU,2021,Octobre,10,0.0,0.0
PARAKOU,2021,Novembre,11,0.0,0.0
PARAKOU,2021,Décembre,12,0.0,0.0
PERERE,2021,Janvier,1,0.0,0.0
PERERE,2021,Février,2,0.0,0.0
PERERE,2021,Mars,3,36.0,2.0
PERERE,2021,Avril,4,88.0,5.0
PERERE,2021,Mai,5,81.0,5.0
PERERE,2021,Juin,6,152.0,9.0
PERERE,2021,Juillet,7,178.0,8.0
PERERE,2021,Août,8,315.0,13.0
PERERE,2021,Septembre,9,372.0,17.0
PERERE,2021,Octobre,10,0.0,0.0
PERERE,2021,Novembre,11,0.0,0.0
PERERE,2021,Décembre,12,0.0,0.0
SINENDE,2021,Janvier,1,0.0,0.0
SINENDE,2021,Février,2,0.0,0.0
SINENDE,2021,Mars,3,1.0,1.0
SINENDE,2021,Avril,4,23.466666666666665,2.0
SINENDE,2021,Mai,5,62.96666666666667,5.5
SINENDE,2021,Juin,6,201.0,10.0
SINENDE,2021,Juillet,7,155.36666666666667,9.0
SINENDE,2021,Août,8,321.5,14.0
SINENDE,2021,Septembre,9,366.49999999999994,14.0
SINENDE,2021,Octobre,10,0.0,0.0
SINENDE,2021,Novembre,11,0.0,0.0
SINENDE,2021,Décembre,12,0.0,0.0
TCHAOUROU,2021,Janvier,1,0.0,0.0
TCHAOUROU,2021,Février,2,0.0,0.0
TCHAOUROU,2021,Mars,3,18.6,1.6
TCHAOUROU,2021,Avril,4,38.64,1.0
TCHAOUROU,2021,Mai,5,74.096,6.3
TCHAOUROU,2021,Juin,6,190.75,9.0
TCHAOUROU,2021,Juillet,7,157.42,8.0
TCHAOUROU,2021,Août,8,421.31,14.0
TCHAOUROU,2021,Septembre,9,239.19799999999998,14.0
TCHAOUROU,2021,Octobre,10,0.0,0.0
TCHAOUROU,2021,Novembre,11,0.0,0.0
TCHAOUROU,2021,Décembre,12,0.0,0.0
DEPART. BORGOU,2021,Janvier,1,0.0,0.0
DEPART. BORGOU,2021,Février,2,0.0,0.0
DEPART. BORGOU,2021,Mars,3,11.324000000000002,1.0
DEPART. BORGOU,2021,Avril,4,41.056,3.0
DEPART. BORGOU,2021,Mai,5,82.6152,6.0
DEPART. BORGOU,2021,Juin,6,200.93599999999998,10.0
DEPART. BORGOU,2021,Juillet,7,159.14479999999998,9.0
DEPART. BORGOU,2021,Août,8,319.1416,15.0
DEPART. BORGOU,2021,Septembre,9,245.59120000000001,15.0
DEPART. BORGOU,2021,Octobre,10,0.0,0.0
DEPART. BORGOU,2021,Novembre,11,0.0,0.0
DEPART. BORGOU,2021,Décembre,12,0.0,0.0
BANIKOARA,2021,Janvier,1,0.0,0.0
BANIKOARA,2021,Février,2,0.0,0.0
BANIKOARA,2021,Mars,3,0.0,0.0
BANIKOARA,2021,Avril,4,0.0,0.0
BANIKOARA,2021,Mai,5,23.128571428571426,4.0
BANIKOARA,2021,Juin,6,177.0,10.0
BANIKOARA,2021,Juillet,7,214.5285714285714,11.0
BANIKOARA,2021,Août,8,404.77142857142854,16.0
BANIKOARA,2021,Septembre,9,185.8,13.0
BANIKOARA,2021,Octobre,10,32.05714285714286,3.0
BANIKOARA,2021,Novembre,11,0.0,0.0
BANIKOARA,2021,Décembre,12,0.0,0.0
GOGOUNOU,2021,Janvier,1,0.0,0.0
GOGOUNOU,2021,Février,2,0.0,0.0
GOGOUNOU,2021,Mars,3,0.0,0.0
GOGOUNOU,2021,Avril,4,0.0,0.0
GOGOUNOU,2021,Mai,5,41.45,4.0
GOGOUNOU,2021,Juin,6,109.425,9.0
GOGOUNOU,2021,Juillet,7,198.95,11.0
GOGOUNOU,2021,Août,8,366.95,16.0
GOGOUNOU,2021,Septembre,9,233.57500000000002,14.0
GOGOUNOU,2021,Octobre,10,3.225,2.0
GOGOUNOU,2021,Novembre,11,0.0,0.0
GOGOUNOU,2021,Décembre,12,0.0,0.0
KANDI,2021,Janvier,1,0.0,0.0
KANDI,2021,Février,2,0.0,0.0
KANDI,2021,Mars,3,0.0,0.0
KANDI,2021,Avril,4,0.0,0.0
KANDI,2021,Mai,5,40.1,5.0
KANDI,2021,Juin,6,143.35714285714286,9.0
KANDI,2021,Juillet,7,269.21428571428567,12.0
KANDI,2021,Août,8,388.54285714285714,16.0
KANDI,2021,Septembre,9,194.66666666666666,13.0
KANDI,2021,Octobre,10,1.0,1.0
KANDI,2021,Novembre,11,0.0,0.0
KANDI,2021,Décembre,12,0.0,0.0
KARIMAMA,2021,Janvier,1,0.0,0.0
KARIMAMA,2021,Février,2,0.0,0.0
KARIMAMA,2021,Mars,3,0.0,0.0
KARIMAMA,2021,Avril,4,0.0,0.0
KARIMAMA,2021,Mai,5,0.0,0.0
KARIMAMA,2021,Juin,6,86.2,6.0
KARIMAMA,2021,Juillet,7,135.6,8.0
KARIMAMA,2021,Août,8,260.1,15.0
KARIMAMA,2021,Septembre,9,173.2,10.0
KARIMAMA,2021,Octobre,10,0.0,0.0
KARIMAMA,2021,Novembre,11,0.0,0.0
KARIMAMA,2021,Décembre,12,0.0,0.0
MALANVILLE,2021,Janvier,1,0.0,0.0
MALANVILLE,2021,Février,2,0.0,0.0
MALANVILLE,2021,Mars,3,0.0,0.0
MALANVILLE,2021,Avril,4,0.0,0.0
MALANVILLE,2021,Mai,5,24.18,4.0
MALANVILLE,2021,Juin,6,124.36,9.0
MALANVILLE,2021,Juillet,7,158.82,11.0
MALANVILLE,2021,Août,8,392.882,16.0
MALANVILLE,2021,Septembre,9,191.89000000000001,11.0
MALANVILLE,2021,Octobre,10,0.0,0.0
MALANVILLE,2021,Novembre,11,0.0,0.0
MALANVILLE,2021,Décembre,12,0.0,0.0
SEGBANA,2021,Janvier,1,0.0,0.0
SEGBANA,2021,Février,2,0.0,0.0
SEGBANA,2021,Mars,3,0.0,0.0
SEGBANA,2021,Avril,4,0.0,0.0
SEGBANA,2021,Mai,5,163.70000000000002,6.0
SEGBANA,2021,Juin,6,39.300000000000004,9.0
SEGBANA,2021,Juillet,7,135.0,11.0
SEGBANA,2021,Août,8,372.00000000000006,21.0
SEGBANA,2021,Septembre,9,210.8,15.0
SEGBANA,2021,Octobre,10,0.0,0.0
SEGBANA,2021,Novembre,11,0.0,0.0
SEGBANA,2021,Décembre,12,0.0,0.0
DEPART. ALIBORI,2021,Janvier,1,0.0,0.0
DEPART. ALIBORI,2021,Février,2,0.0,0.0
DEPART. ALIBORI,2021,Mars,3,0.0,0.0
DEPART. ALIBORI,2021,Avril,4,0.0,0.0
DEPART. ALIBORI,2021,Mai,5,37.913636363636364,4.0
DEPART. ALIBORI,2021,Juin,6,128.64999999999998,9.0
DEPART. ALIBORI,2021,Juillet,7,209.16818181818184,11.0
DEPART. ALIBORI,2021,Août,8,117.68636363636361,6.0
DEPART. ALIBORI,2021,Septembre,9,201.94318181818184,13.0
DEPART. ALIBORI,2021,Octobre,10,5.8136363636363635,2.0
DEPART. ALIBORI,2021,Novembre,11,0.0,0.0
DEPART. ALIBORI,2021,Décembre,12,0.0,0.0
BOUKOUMBE,2021,Janvier,1,0.0,0.0
BOUKOUMBE,2021,Février,2,0.0,0.0
BOUKOUMBE,2021,Mars,3,0.0,0.0
BOUKOUMBE,2021,Avril,4,26.5,2.0
BOUKOUMBE,2021,Mai,5,42.599999999999994,6.0
BOUKOUMBE,2021,Juin,6,284.9,8.0
BOUKOUMBE,2021,Juillet,7,483.1,9.0
BOUKOUMBE,2021,Août,8,205.0,5.0
BOUKOUMBE,2021,Septembre,9,85.0,11.0
BOUKOUMBE,2021,Octobre,10,45.0,7.0
BOUKOUMBE,2021,Novembre,11,6.4,1.0
BOUKOUMBE,2021,Décembre,12,0.0,0.0
COBLY,2021,Janvier,1,0.0,0.0
COBLY,2021,Février,2,0.0,0.0
COBLY,2021,Mars,3,0.0,0.0
COBLY,2021,Avril,4,19.5,2.0
COBLY,2021,Mai,5,54.05,4.0
COBLY,2021,Juin,6,171.1,9.5
COBLY,2021,Juillet,7,233.2,8.0
COBLY,2021,Août,8,246.85,9.0
COBLY,2021,Septembre,9,202.75,13.5
COBLY,2021,Octobre,10,58.5,2.5
COBLY,2021,Novembre,11,0.0,0.0
COBLY,2021,Décembre,12,0.0,0.0
KEROU,2021,Janvier,1,0.0,0.0
KEROU,2021,Février,2,0.0,0.0
KEROU,2021,Mars,3,0.0,0.0
KEROU,2021,Avril,4,0.0,0.0
KEROU,2021,Mai,5,115.1,7.0
KEROU,2021,Juin,6,139.7,8.0
KEROU,2021,Juillet,7,188.7,12.0
KEROU,2021,Août,8,253.46,16.0
KEROU,2021,Septembre,9,249.26,14.0
KEROU,2021,Octobre,10,59.6,5.0
KEROU,2021,Novembre,11,0.0,0.0
KEROU,2021,Décembre,12,0.0,0.0
KOUANDE,2021,Janvier,1,0.0,0.0
KOUANDE,2021,Février,2,0.0,0.0
KOUANDE,2021,Mars,3,0.0,0.0
KOUANDE,2021,Avril,4,44.0,4.0
KOUANDE,2021,Mai,5,92.0,7.0
KOUANDE,2021,Juin,6,93.9,10.0
KOUANDE,2021,Juillet,7,242.7,14.0
KOUANDE,2021,Août,8,31.8,4.0
KOUANDE,2021,Septembre,9,223.1,15.0
KOUANDE,2021,Octobre,10,65.80000000000001,10.0
KOUANDE,2021,Novembre,11,11.2,1.0
KOUANDE,2021,Décembre,12,0.0,0.0
MATERI,2021,Janvier,1,0.0,0.0
MATERI,2021,Février,2,0.0,0.0
MATERI,2021,Mars,3,2.9,0.5
MATERI,2021,Avril,4,37.55,1.75
MATERI,2021,Mai,5,44.625,3.75
MATERI,2021,Juin,6,155.25,6.25
MATERI,2021,Juillet,7,261.04999999999995,7.0
MATERI,2021,Août,8,265.45,9.25
MATERI,2021,Septembre,9,137.77499999999998,9.0
MATERI,2021,Octobre,10,107.82499999999999,5.0
MATERI,2021,Novembre,11,0.0,0.0
MATERI,2021,Décembre,12,0.0,0.0
NATITINGOU,2021,Janvier,1,0.0,0.0
NATITINGOU,2021,Février,2,0.0,0.0
NATITINGOU,2021,Mars,3,0.0,0.0
NATITINGOU,2021,Avril,4,79.0,5.0
NATITINGOU,2021,Mai,5,111.0,8.0
NATITINGOU,2021,Juin,6,182.5,10.0
NATITINGOU,2021,Juillet,7,317.0,11.0
NATITINGOU,2021,Août,8,320.7,17.0
NATITINGOU,2021,Septembre,9,213.5,11.0
NATITINGOU,2021,Octobre,10,169.0,12.0
NATITINGOU,2021,Novembre,11,5.0,1.0
NATITINGOU,2021,Décembre,12,0.0,0.0
PEHUNCO,2021,Janvier,1,0.0,0.0
PEHUNCO,2021,Février,2,0.0,0.0
PEHUNCO,2021,Mars,3,0.0,0.0
PEHUNCO,2021,Avril,4,28.799999999999997,3.0
PEHUNCO,2021,Mai,5,72.3,7.0
PEHUNCO,2021,Juin,6,127.39999999999999,8.0
PEHUNCO,2021,Juillet,7,268.0,14.0
PEHUNCO,2021,Août,8,327.20000000000005,18.0
PEHUNCO,2021,Septembre,9,278.9,13.0
PEHUNCO,2021,Octobre,10,102.0,9.0
PEHUNCO,2021,Novembre,11,15.6,1.0
PEHUNCO,2021,Décembre,12,0.0,0.0
TANGUIETA,2021,Janvier,1,0.0,0.0
TANGUIETA,2021,Février,2,0.0,0.0
TANGUIETA,2021,Mars,3,0.0,0.0
TANGUIETA,2021,Avril,4,37.0,2.0
TANGUIETA,2021,Mai,5,81.4,4.0
TANGUIETA,2021,Juin,6,160.7,14.0
TANGUIETA,2021,Juillet,7,185.10000000000002,14.0
TANGUIETA,2021,Août,8,142.0,19.0
TANGUIETA,2021,Septembre,9,162.1,13.0
TANGUIETA,2021,Octobre,10,102.0,6.0
TANGUIETA,2021,Novembre,11,0.0,0.0
TANGUIETA,2021,Décembre,12,0.0,0.0
TOUCOUNTOUNA,2021,Janvier,1,0.0,0.0
TOUCOUNTOUNA,2021,Février,2,0.0,0.0
TOUCOUNTOUNA,2021,Mars,3,0.0,0.0
TOUCOUNTOUNA,2021,Avril,4,36.0,2.0
TOUCOUNTOUNA,2021,Mai,5,105.0,6.0
TOUCOUNTOUNA,2021,Juin,6,170.0,9.0
TOUCOUNTOUNA,2021,Juillet,7,220.4,8.0
TOUCOUNTOUNA,2021,Août,8,279.0,14.0
TOUCOUNTOUNA,2021,Septembre,9,210.0,11.0
TOUCOUNTOUNA,2021,Octobre,10,129.0,11.0
TOUCOUNTOUNA,2021,Novembre,11,0.0,0.0
TOUCOUNTOUNA,2021,Décembre,12,0.0,0.0
DEPART. ATACORA,2021,Janvier,1,0.0,0.0
DEPART. ATACORA,2021,Février,2,0.0,0.0
DEPART. ATACORA,2021,Mars,3,0.53,1.0
DEPART. ATACORA,2021,Avril,4,42.42222222222222,4.0
DEPART. ATACORA,2021,Mai,5,80.39000000000001,7.0
DEPART. ATACORA,2021,Juin,6,165.74,11.0
DEPART. ATACORA,2021,Juillet,7,261.93,12.0
DEPART. ATACORA,2021,Août,8,250.81933333333336,13.555555555555555
DEPART. ATACORA,2021,Septembre,9,198.876,14.0
DEPART. ATACORA,2021,Octobre,10,92.38,9.0
DEPART. ATACORA,2021,Novembre,11,3.8200000000000003,1.0
DEPART. ATACORA,2021,Décembre,12,0.0,0.0
BASSILA,2021,Janvier,1,0.0,0.0
BASSILA,2021,Février,2,0.0,0.0
BASSILA,2021,Mars,3,5.5,3.0
BASSILA,2021,Avril,4,116.7,4.0
BASSILA,2021,Mai,5,62.8,6.0
BASSILA,2021,Juin,6,223.64999999999998,14.0
BASSILA,2021,Juillet,7,246.55,15.0
BASSILA,2021,Août,8,326.1,17.0
BASSILA,2021,Septembre,9,285.65,16.0
BASSILA,2021,Octobre,10,130.85,6.0
BASSILA,2021,Novembre,11,0.0,0.0
BASSILA,2021,Décembre,12,0.0,0.0
COPARGO,2021,Janvier,1,0.0,0.0
COPARGO,2021,Février,2,0.0,0.0
COPARGO,2021,Mars,3,0.0,0.0
COPARGO,2021,Avril,4,68.45,5.0
COPARGO,2021,Mai,5,94.7,8.0
COPARGO,2021,Juin,6,186.25,13.0
COPARGO,2021,Juillet,7,142.35000000000002,9.0
COPARGO,2021,Août,8,275.83500000000004,15.0
COPARGO,2021,Septembre,9,210.7,12.0
COPARGO,2021,Octobre,10,0.0,0.0
COPARGO,2021,Novembre,11,0.0,0.0
COPARGO,2021,Décembre,12,0.0,0.0
DJOUGOU,2021,Janvier,1,0.0,0.0
DJOUGOU,2021,Février,2,0.0,0.0
DJOUGOU,2021,Mars,3,0.6,1.0
DJOUGOU,2021,Avril,4,25.5,3.0
DJOUGOU,2021,Mai,5,88.65,7.0
DJOUGOU,2021,Juin,6,120.29333333333332,10.0
DJOUGOU,2021,Juillet,7,187.22333333333333,12.0
DJOUGOU,2021,Août,8,284.4485714285714,14.0
DJOUGOU,2021,Septembre,9,244.525,10.0
DJOUGOU,2021,Octobre,10,50.4,4.0
DJOUGOU,2021,Novembre,11,0.0,0.0
DJOUGOU,2021,Décembre,12,0.0,0.0
OUAKE,2021,Janvier,1,0.0,0.0
OUAKE,2021,Février,2,0.0,0.0
OUAKE,2021,Mars,3,44.9,1.0
OUAKE,2021,Avril,4,64.9,4.0
OUAKE,2021,Mai,5,110.4,7.0
OUAKE,2021,Juin,6,111.10499999999999,10.0
OUAKE,2021,Juillet,7,265.8,13.0
OUAKE,2021,Août,8,259.05,10.0
OUAKE,2021,Septembre,9,235.55,16.0
OUAKE,2021,Octobre,10,0.0,0.0
OUAKE,2021,Novembre,11,0.0,0.0
OUAKE,2021,Décembre,12,0.0,0.0
DEPART. DONGA,2021,Janvier,1,0.0,0.0
DEPART. DONGA,2021,Février,2,0.0,0.0
DEPART. DONGA,2021,Mars,3,14.774999999999999,3.0
DEPART. DONGA,2021,Avril,4,70.04583333333333,5.0
DEPART. DONGA,2021,Mai,5,90.56952380952382,7.0
DEPART. DONGA,2021,Juin,6,146.98083333333332,11.0
DEPART. DONGA,2021,Juillet,7,202.73257575757577,13.0
DEPART. DONGA,2021,Août,8,285.5007692307692,13.53846153846154
DEPART. DONGA,2021,Septembre,9,244.19,13.0
DEPART. DONGA,2021,Octobre,10,76.49666666666667,6.0
DEPART. DONGA,2021,Novembre,11,0.0,0.0
DEPART. DONGA,2021,Décembre,12,0.0,0.0
ABOMEY,2021,Janvier,1,0.0,0.0
ABOMEY,2021,Février,2,0.0,0.0
ABOMEY,2021,Mars,3,86.16666666666667,4.0
ABOMEY,2021,Avril,4,99.5,6.0
ABOMEY,2021,Mai,5,99.5,6.0
ABOMEY,2021,Juin,6,17.166666666666664,4.0
ABOMEY,2021,Juillet,7,94.0,6.0
ABOMEY,2021,Août,8,151.33333333333334,8.0
ABOMEY,2021,Septembre,9,168.0666666666667,11.0
ABOMEY,2021,Octobre,10,130.33333333333331,8.0
ABOMEY,2021,Novembre,11,24.333333333333332,3.0
ABOMEY,2021,Décembre,12,0.0,0.0
AGBANGNIZOUN,2021,Janvier,1,0.0,0.0
AGBANGNIZOUN,2021,Février,2,0.0,0.0
AGBANGNIZOUN,2021,Mars,3,42.4,5.0
AGBANGNIZOUN,2021,Avril,4,82.875,7.0
AGBANGNIZOUN,2021,Mai,5,82.875,7.0
AGBANGNIZOUN,2021,Juin,6,28.358333333333334,4.0
AGBANGNIZOUN,2021,Juillet,7,80.75,5.0
AGBANGNIZOUN,2021,Août,8,99.28333333333333,8.0
AGBANGNIZOUN,2021,Septembre,9,204.91666666666669,12.0
AGBANGNIZOUN,2021,Octobre,10,80.93333333333334,6.0
AGBANGNIZOUN,2021,Novembre,11,29.416666666666668,2.0
AGBANGNIZOUN,2021,Décembre,12,0.0,0.0
BOHICON,2021,Janvier,1,0.0,0.0
BOHICON,2021,Février,2,0.0,0.0
BOHICON,2021,Mars,3,73.5,4.0
BOHICON,2021,Avril,4,80.5,7.0
BOHICON,2021,Mai,5,80.5,7.0
BOHICON,2021,Juin,6,16.5,1.0
BOHICON,2021,Juillet,7,149.5,4.0
BOHICON,2021,Août,8,126.25,6.0
BOHICON,2021,Septembre,9,311.0,13.0
BOHICON,2021,Octobre,10,101.75,8.0
BOHICON,2021,Novembre,11,38.5,3.0
BOHICON,2021,Décembre,12,0.0,0.0
COVE,2021,Janvier,1,0.0,0.0
COVE,2021,Février,2,0.0,0.0
COVE,2021,Mars,3,15.366666666666665,2.0
COVE,2021,Avril,4,81.6,6.0
COVE,2021,Mai,5,81.6,6.0
COVE,2021,Juin,6,32.833333333333336,3.0
COVE,2021,Juillet,7,73.89999999999999,5.0
COVE,2021,Août,8,102.66666666666667,5.0
COVE,2021,Septembre,9,178.33333333333331,8.0
COVE,2021,Octobre,10,92.96666666666667,6.0
COVE,2021,Novembre,11,21.333333333333332,2.0
COVE,2021,Décembre,12,0.0,0.0
DJIDJA,2021,Janvier,1,0.0,0.0
DJIDJA,2021,Février,2,0.0,0.0
DJIDJA,2021,Mars,3,67.25,4.0
DJIDJA,2021,Avril,4,117.83333333333334,5.0
DJIDJA,2021,Mai,5,117.83333333333334,5.0
DJIDJA,2021,Juin,6,18.0,3.0
DJIDJA,2021,Juillet,7,100.75,6.0
DJIDJA,2021,Août,8,175.25,7.0
DJIDJA,2021,Septembre,9,135.75,8.0
DJIDJA,2021,Octobre,10,95.525,7.0
DJIDJA,2021,Novembre,11,37.175,2.0
DJIDJA,2021,Décembre,12,0.0,0.0
OUINHI,2021,Janvier,1,0.0,0.0
OUINHI,2021,Février,2,0.0,0.0
OUINHI,2021,Mars,3,25.165,4.0
OUINHI,2021,Avril,4,152.26833333333335,7.0
OUINHI,2021,Mai,5,152.26833333333335,7.0
OUINHI,2021,Juin,6,72.825,5.0
OUINHI,2021,Juillet,7,84.925,7.0
OUINHI,2021,Août,8,145.00333333333333,11.0
OUINHI,2021,Septembre,9,136.22500000000002,10.0
OUINHI,2021,Octobre,10,100.0,7.0
OUINHI,2021,Novembre,11,67.015,5.0
OUINHI,2021,Décembre,12,0.0,0.0
ZAGNANADO,2021,Janvier,1,0.0,0.0
ZAGNANADO,2021,Février,2,0.0,0.0
ZAGNANADO,2021,Mars,3,40.09166666666667,6.0
ZAGNANADO,2021,Avril,4,86.10000000000001,5.0
ZAGNANADO,2021,Mai,5,86.10000000000001,5.0
ZAGNANADO,2021,Juin,6,23.025,2.0
ZAGNANADO,2021,Juillet,7,65.15,5.0
ZAGNANADO,2021,Août,8,76.5,8.0
ZAGNANADO,2021,Septembre,9,126.05,8.0
ZAGNANADO,2021,Octobre,10,110.23333333333333,8.0
ZAGNANADO,2021,Novembre,11,43.599999999999994,3.0
ZAGNANADO,2021,Décembre,12,0.0,0.0
ZA-KPOTA,2021,Janvier,1,0.0,0.0
ZA-KPOTA,2021,Février,2,0.0,0.0
ZA-KPOTA,2021,Mars,3,64.5,4.0
ZA-KPOTA,2021,Avril,4,157.6,7.0
ZA-KPOTA,2021,Mai,5,157.6,7.0
ZA-KPOTA,2021,Juin,6,36.766666666666666,3.0
ZA-KPOTA,2021,Juillet,7,119.2,6.0
ZA-KPOTA,2021,Août,8,90.3,5.0
ZA-KPOTA,2021,Septembre,9,145.33333333333331,8.0
ZA-KPOTA,2021,Octobre,10,125.1,9.0
ZA-KPOTA,2021,Novembre,11,62.0,4.0
ZA-KPOTA,2021,Décembre,12,0.0,0.0
ZOGBODOMEY,2021,Janvier,1,0.0,0.0
ZOGBODOMEY,2021,Février,2,0.0,0.0
ZOGBODOMEY,2021,Mars,3,37.5,4.0
ZOGBODOMEY,2021,Avril,4,103.475,7.0
ZOGBODOMEY,2021,Mai,5,103.475,7.0
ZOGBODOMEY,2021,Juin,6,43.85,4.0
ZOGBODOMEY,2021,Juillet,7,119.25,5.0
ZOGBODOMEY,2021,Août,8,85.475,8.0
ZOGBODOMEY,2021,Septembre,9,173.57500000000002,8.0
ZOGBODOMEY,2021,Octobre,10,80.6,7.0
ZOGBODOMEY,2021,Novembre,11,70.875,5.0
ZOGBODOMEY,2021,Décembre,12,0.0,0.0
DEPART. ZOU,2021,Janvier,1,0.0,0.0
DEPART. ZOU,2021,Février,2,0.0,0.0
DEPART. ZOU,2021,Mars,3,48.949461538461534,5.0
DEPART. ZOU,2021,Avril,4,105.21842948717948,7.0
DEPART. ZOU,2021,Mai,5,105.21842948717948,7.0
DEPART. ZOU,2021,Juin,6,35.99883643892339,3.0
DEPART. ZOU,2021,Juillet,7,94.44230769230771,6.0
DEPART. ZOU,2021,Août,8,124.78148148148148,8.0
DEPART. ZOU,2021,Septembre,9,170.52307692307693,10.0
DEPART. ZOU,2021,Octobre,10,98.49692307692308,7.0
DEPART. ZOU,2021,Novembre,11,42.95293522267206,4.0
DEPART. ZOU,2021,Décembre,12,0.0,0.0
BANTE,2021,Janvier,1,0.0,0.0
BANTE,2021,Février,2,0.0,0.0
BANTE,2021,Mars,3,42.22666666666667,2.0
BANTE,2021,Avril,4,64.61666666666667,4.0
BANTE,2021,Mai,5,64.61666666666667,4.0
BANTE,2021,Juin,6,34.15,4.0
BANTE,2021,Juillet,7,144.29166666666669,9.0
BANTE,2021,Août,8,332.90833333333336,14.0
BANTE,2021,Septembre,9,274.3183333333334,10.0
BANTE,2021,Octobre,10,68.13333333333334,6.0
BANTE,2021,Novembre,11,5.833333333333333,1.0
BANTE,2021,Décembre,12,0.0,0.0
DASSA-ZOUME,2021,Janvier,1,2.62,1.0
DASSA-ZOUME,2021,Février,2,0.0,0.0
DASSA-ZOUME,2021,Mars,3,97.19999999999999,4.0
DASSA-ZOUME,2021,Avril,4,55.559999999999995,4.0
DASSA-ZOUME,2021,Mai,5,55.559999999999995,4.0
DASSA-ZOUME,2021,Juin,6,145.45999999999998,7.0
DASSA-ZOUME,2021,Juillet,7,107.59,4.0
DASSA-ZOUME,2021,Août,8,230.73,11.0
DASSA-ZOUME,2021,Septembre,9,231.84000000000003,10.0
DASSA-ZOUME,2021,Octobre,10,116.20599999999999,5.0
DASSA-ZOUME,2021,Novembre,11,9.98,1.0
DASSA-ZOUME,2021,Décembre,12,0.0,0.0
GLAZOUE,2021,Janvier,1,0.0,0.0
GLAZOUE,2021,Février,2,0.0,0.0
GLAZOUE,2021,Mars,3,66.61428571428573,4.0
GLAZOUE,2021,Avril,4,51.44571428571429,5.0
GLAZOUE,2021,Mai,5,51.44571428571429,5.0
GLAZOUE,2021,Juin,6,126.70285714285714,7.0
GLAZOUE,2021,Juillet,7,132.34285714285713,5.0
GLAZOUE,2021,Août,8,309.87,14.0
GLAZOUE,2021,Septembre,9,168.6042857142857,8.0
GLAZOUE,2021,Octobre,10,103.23428571428572,5.0
GLAZOUE,2021,Novembre,11,0.0,0.0
GLAZOUE,2021,Décembre,12,0.0,0.0
OUESSE,2021,Janvier,1,0.0,0.0
OUESSE,2021,Février,2,0.0,0.0
OUESSE,2021,Mars,3,33.65,3.0
OUESSE,2021,Avril,4,30.92,4.0
OUESSE,2021,Mai,5,30.92,4.0
OUESSE,2021,Juin,6,59.98,5.0
OUESSE,2021,Juillet,7,128.14000000000001,7.0
OUESSE,2021,Août,8,287.84000000000003,15.0
OUESSE,2021,Septembre,9,171.16,10.0
OUESSE,2021,Octobre,10,154.174,15.0
OUESSE,2021,Novembre,11,10.9,1.0
OUESSE,2021,Décembre,12,0.0,0.0
SAVALOU,2021,Janvier,1,0.0,0.0
SAVALOU,2021,Février,2,0.0,0.0
SAVALOU,2021,Mars,3,55.843333333333334,3.0
SAVALOU,2021,Avril,4,52.690000000000005,4.0
SAVALOU,2021,Mai,5,52.690000000000005,4.0
SAVALOU,2021,Juin,6,86.75,6.0
SAVALOU,2021,Juillet,7,110.59333333333333,5.0
SAVALOU,2021,Août,8,241.34999999999997,12.0
SAVALOU,2021,Septembre,9,205.38333333333333,9.0
SAVALOU,2021,Octobre,10,79.10000000000001,6.0
SAVALOU,2021,Novembre,11,12.183333333333334,2.0
SAVALOU,2021,Décembre,12,0.0,0.0
SAVE,2021,Janvier,1,0.0,0.0
SAVE,2021,Février,2,0.0,0.0
SAVE,2021,Mars,3,56.25,3.0
SAVE,2021,Avril,4,56.0,3.0
SAVE,2021,Mai,5,56.0,3.0
SAVE,2021,Juin,6,83.5,6.0
SAVE,2021,Juillet,7,42.0,3.0
SAVE,2021,Août,8,271.75,10.0
SAVE,2021,Septembre,9,191.75,8.0
SAVE,2021,Octobre,10,93.0,6.0
SAVE,2021,Novembre,11,2.5,1.0
SAVE,2021,Décembre,12,0.0,0.0
DEPART. COLLINES,2021,Janvier,1,0.409375,1.0
DEPART. COLLINES,2021,Février,2,0.0,0.0
DEPART. COLLINES,2021,Mars,3,58.2001893939394,4.0
DEPART. COLLINES,2021,Avril,4,52.01310606060606,4.0
DEPART. COLLINES,2021,Mai,5,52.01310606060606,4.0
DEPART. COLLINES,2021,Juin,6,90.10666666666667,6.0
DEPART. COLLINES,2021,Juillet,7,115.2230303030303,6.0
DEPART. COLLINES,2021,Août,8,282.93030303030304,13.0
DEPART. COLLINES,2021,Septembre,9,207.28606060606063,9.0
DEPART. COLLINES,2021,Octobre,10,100.90727272727273,7.0
DEPART. COLLINES,2021,Novembre,11,6.742424242424242,2.0
DEPART. COLLINES,2021,Décembre,12,0.0,0.0
ATHIEME,2021,Janvier,1,3.3333333333333335,1.0
ATHIEME,2021,Février,2,2.6666666666666665,0.0
ATHIEME,2021,Mars,3,2.3000000000000003,1.0
ATHIEME,2021,Avril,4,28.933333333333334,2.0
ATHIEME,2021,Mai,5,30.5,3.0
ATHIEME,2021,Juin,6,124.0,11.0
ATHIEME,2021,Juillet,7,94.2,4.0
ATHIEME,2021,Août,8,130.56666666666666,8.0
ATHIEME,2021,Septembre,9,57.7,3.0
ATHIEME,2021,Octobre,10,179.33333333333334,10.0
ATHIEME,2021,Novembre,11,19.333333333333332,4.0
ATHIEME,2021,Décembre,12,16.166666666666668,2.0
BOPA,2021,Janvier,1,6.975,1.0
BOPA,2021,Février,2,8.5,1.0
BOPA,2021,Mars,3,47.025,5.0
BOPA,2021,Avril,4,96.275,4.0
BOPA,2021,Mai,5,86.26666666666668,4.0
BOPA,2021,Juin,6,157.05,10.0
BOPA,2021,Juillet,7,184.45,4.0
BOPA,2021,Août,8,36.2,7.0
BOPA,2021,Septembre,9,54.93333333333334,3.0
BOPA,2021,Octobre,10,120.05000000000001,9.0
BOPA,2021,Novembre,11,30.0,3.0
BOPA,2021,Décembre,12,15.319999999999999,1.0
COME,2021,Janvier,1,3.0,1.0
COME,2021,Février,2,0.0,0.0
COME,2021,Mars,3,17.0,2.0
COME,2021,Avril,4,34.5,5.0
COME,2021,Mai,5,79.83333333333333,5.0
COME,2021,Juin,6,168.66666666666666,7.0
COME,2021,Juillet,7,141.66666666666666,6.0
COME,2021,Août,8,61.0,4.0
COME,2021,Septembre,9,69.66666666666667,3.0
COME,2021,Octobre,10,136.66666666666666,9.0
COME,2021,Novembre,11,32.666666666666664,4.0
COME,2021,Décembre,12,16.0,1.0
GRAND-POPO,2021,Janvier,1,0.0,0.0
GRAND-POPO,2021,Février,2,0.0,0.0
GRAND-POPO,2021,Mars,3,0.0,0.0
GRAND-POPO,2021,Avril,4,5.225,1.0
GRAND-POPO,2021,Mai,5,60.7,5.0
GRAND-POPO,2021,Juin,6,0.0,0.0
GRAND-POPO,2021,Juillet,7,0.0,0.0
GRAND-POPO,2021,Août,8,0.0,0.0
GRAND-POPO,2021,Septembre,9,0.0,0.0
GRAND-POPO,2021,Octobre,10,90.31666666666666,6.0
GRAND-POPO,2021,Novembre,11,34.75,3.0
GRAND-POPO,2021,Décembre,12,5.25,1.0
HOUEYOGBE,2021,Janvier,1,8.0,1.0
HOUEYOGBE,2021,Février,2,0.0,0.0
HOUEYOGBE,2021,Mars,3,26.333333333333332,3.0
HOUEYOGBE,2021,Avril,4,76.56666666666666,4.0
HOUEYOGBE,2021,Mai,5,75.4,4.0
HOUEYOGBE,2021,Juin,6,179.89999999999998,9.0
HOUEYOGBE,2021,Juillet,7,219.0,7.0
HOUEYOGBE,2021,Août,8,79.0,4.0
HOUEYOGBE,2021,Septembre,9,56.0,3.0
HOUEYOGBE,2021,Octobre,10,166.0,8.0
HOUEYOGBE,2021,Novembre,11,63.0,4.0
HOUEYOGBE,2021,Décembre,12,19.0,2.0
LOKOSSA,2021,Janvier,1,0.5666666666666667,1.0
LOKOSSA,2021,Février,2,0.0,0.0
LOKOSSA,2021,Mars,3,60.300000000000004,3.0
LOKOSSA,2021,Avril,4,78.39999999999999,3.0
LOKOSSA,2021,Mai,5,28.3,5.0
LOKOSSA,2021,Juin,6,0.0,0.0
LOKOSSA,2021,Juillet,7,0.0,0.0
LOKOSSA,2021,Août,8,0.0,0.0
LOKOSSA,2021,Septembre,9,0.0,0.0
LOKOSSA,2021,Octobre,10,182.53333333333333,13.0
LOKOSSA,2021,Novembre,11,6.475,2.0
LOKOSSA,2021,Décembre,12,10.174999999999999,1.0
DEPART. MONO,2021,Janvier,1,4.892307692307693,1.0
DEPART. MONO,2021,Février,2,3.5,1.0
DEPART. MONO,2021,Mars,3,46.25714285714285,5.0
DEPART. MONO,2021,Avril,4,95.30818181818182,6.0
DEPART. MONO,2021,Mai,5,59.903571428571425,4.0
DEPART. MONO,2021,Juin,6,105.7,8.0
DEPART. MONO,2021,Juillet,7,83.43333333333334,3.0
DEPART. MONO,2021,Août,8,113.15,10.0
DEPART. MONO,2021,Septembre,9,57.6,4.0
DEPART. MONO,2021,Octobre,10,158.6,11.0
DEPART. MONO,2021,Novembre,11,35.14615384615385,5.0
DEPART. MONO,2021,Décembre,12,19.215384615384615,2.0
APLAHOUE,2021,Janvier,1,0.0,0.0
APLAHOUE,2021,Février,2,3.0,1.0
APLAHOUE,2021,Mars,3,75.2125,6.0
APLAHOUE,2021,Avril,4,70.025,5.0
APLAHOUE,2021,Mai,5,43.525,4.0
APLAHOUE,2021,Juin,6,145.3875,8.0
APLAHOUE,2021,Juillet,7,108.7375,5.0
APLAHOUE,2021,Août,8,105.21249999999999,8.0
APLAHOUE,2021,Septembre,9,147.4625,9.0
APLAHOUE,2021,Octobre,10,102.1625,8.0
APLAHOUE,2021,Novembre,11,59.900000000000006,4.0
APLAHOUE,2021,Décembre,12,1.0,1.0
DJAKOTOMEY,2021,Janvier,1,0.0,0.0
DJAKOTOMEY,2021,Février,2,0.0,0.0
DJAKOTOMEY,2021,Mars,3,50.5,6.0
DJAKOTOMEY,2021,Avril,4,61.88333333333334,4.0
DJAKOTOMEY,2021,Mai,5,30.400000000000002,5.0
DJAKOTOMEY,2021,Juin,6,131.65,10.0
DJAKOTOMEY,2021,Juillet,7,140.91666666666666,7.0
DJAKOTOMEY,2021,Août,8,107.58333333333334,9.0
DJAKOTOMEY,2021,Septembre,9,120.58333333333331,11.0
DJAKOTOMEY,2021,Octobre,10,114.66666666666666,10.0
DJAKOTOMEY,2021,Novembre,11,53.8333,8.0
DJAKOTOMEY,2021,Décembre,12,7.0,1.0
DOGBO,2021,Janvier,1,0.0,0.0
DOGBO,2021,Février,2,0.0,0.0
DOGBO,2021,Mars,3,48.88,7.0
DOGBO,2021,Avril,4,57.0,3.0
DOGBO,2021,Mai,5,38.64,4.0
DOGBO,2021,Juin,6,92.12,8.0
DOGBO,2021,Juillet,7,78.54,5.0
DOGBO,2021,Août,8,81.5,8.0
DOGBO,2021,Septembre,9,144.14,10.0
DOGBO,2021,Octobre,10,122.08,12.0
DOGBO,2021,Novembre,11,62.379999999999995,7.0
DOGBO,2021,Décembre,12,0.0,0.0
KLOUEKANME,2021,Janvier,1,0.0,0.0
KLOUEKANME,2021,Février,2,4.15,1.0
KLOUEKANME,2021,Mars,3,32.75714285714286,5.0
KLOUEKANME,2021,Avril,4,43.04285714285714,5.0
KLOUEKANME,2021,Mai,5,10.971428571428572,3.0
KLOUEKANME,2021,Juin,6,118.88571428571429,9.0
KLOUEKANME,2021,Juillet,7,72.11428571428571,5.0
KLOUEKANME,2021,Août,8,108.18571428571428,8.0
KLOUEKANME,2021,Septembre,9,122.57142857142858,8.0
KLOUEKANME,2021,Octobre,10,92.0142857142857,8.0
KLOUEKANME,2021,Novembre,11,22.957142857142856,3.0
KLOUEKANME,2021,Décembre,12,0.686,1.0
LALO,2021,Janvier,1,0.0,0.0
LALO,2021,Février,2,0.0,0.0
LALO,2021,Mars,3,29.125,4.0
LALO,2021,Avril,4,52.875,5.0
LALO,2021,Mai,5,8.375,3.0
LALO,2021,Juin,6,90.8,9.0
LALO,2021,Juillet,7,63.375,4.0
LALO,2021,Août,8,91.9,7.0
LALO,2021,Septembre,9,80.075,7.0
LALO,2021,Octobre,10,72.4,10.0
LALO,2021,Novembre,11,25.6,3.0
LALO,2021,Décembre,12,0.0,0.0
TOVIKLIN,2021,Janvier,1,0.0,0.0
TOVIKLIN,2021,Février,2,5.5,1.0
TOVIKLIN,2021,Mars,3,73.3,8.0
TOVIKLIN,2021,Avril,4,69.67999999999999,5.0
TOVIKLIN,2021,Mai,5,31.840000000000003,3.0
TOVIKLIN,2021,Juin,6,117.88,8.0
TOVIKLIN,2021,Juillet,7,126.38,6.0
TOVIKLIN,2021,Août,8,111.4,7.0
TOVIKLIN,2021,Septembre,9,87.54,7.0
TOVIKLIN,2021,Octobre,10,100.42,8.0
TOVIKLIN,2021,Novembre,11,24.919999999999998,3.0
TOVIKLIN,2021,Décembre,12,0.0,0.0
DEPART. COUFFO,2021,Janvier,1,0.0,0.0
DEPART. COUFFO,2021,Février,2,3.3,1.0
DEPART. COUFFO,2021,Mars,3,53.18285714285715,6.0
DEPART. COUFFO,2021,Avril,4,59.362857142857145,5.0
DEPART. COUFFO,2021,Mai,5,28.38,5.0
DEPART. COUFFO,2021,Juin,6,119.9542857142857,9.0
DEPART. COUFFO,2021,Juillet,7,99.95142857142858,5.0
DEPART. COUFFO,2021,Août,8,102.18857142857144,8.0
DEPART. COUFFO,2021,Septembre,9,121.13999999999999,7.857142857142857
DEPART. COUFFO,2021,Octobre,10,101.47142857142856,9.0
DEPART. COUFFO,2021,Novembre,11,41.75571428571429,6.0
DEPART. COUFFO,2021,Décembre,12,1.5,1.0
ADJARRA,2021,Janvier,1,15.35,1.5
ADJARRA,2021,Février,2,2.5,0.5
ADJARRA,2021,Mars,3,135.0,3.5
ADJARRA,2021,Avril,4,110.0,4.0
ADJARRA,2021,Mai,5,76.5,4.0
ADJARRA,2021,Juin,6,212.5,8.0
ADJARRA,2021,Juillet,7,157.75,4.5
ADJARRA,2021,Août,8,114.0,5.5
ADJARRA,2021,Septembre,9,215.25,9.5
ADJARRA,2021,Octobre,10,126.25,6.5
ADJARRA,2021,Novembre,11,165.0,5.5
ADJARRA,2021,Décembre,12,0.0,0.0
ADJOHOUN,2021,Janvier,1,8.233333333333334,0.6666666666666666
ADJOHOUN,2021,Février,2,0.9333333333333332,0.3333333333333333
ADJOHOUN,2021,Mars,3,82.0,5.0
ADJOHOUN,2021,Avril,4,26.599999999999998,3.3333333333333335
ADJOHOUN,2021,Mai,5,141.66666666666666,6.666666666666667
ADJOHOUN,2021,Juin,6,145.06666666666666,9.333333333333334
ADJOHOUN,2021,Juillet,7,203.20000000000002,5.666666666666667
ADJOHOUN,2021,Août,8,108.43333333333334,8.333333333333334
ADJOHOUN,2021,Septembre,9,145.86666666666667,9.666666666666666
ADJOHOUN,2021,Octobre,10,227.96666666666667,12.333333333333334
ADJOHOUN,2021,Novembre,11,110.16666666666667,10.333333333333334
ADJOHOUN,2021,Décembre,12,0.0,0.0
AGUEGUES,2021,Janvier,1,33.6,1.0
AGUEGUES,2021,Février,2,2.8,1.0
AGUEGUES,2021,Mars,3,144.3,5.0
AGUEGUES,2021,Avril,4,120.6,4.0
AGUEGUES,2021,Mai,5,90.2,5.0
AGUEGUES,2021,Juin,6,221.60000000000002,8.0
AGUEGUES,2021,Juillet,7,125.6,6.0
AGUEGUES,2021,Août,8,161.4,7.0
AGUEGUES,2021,Septembre,9,375.7,10.0
AGUEGUES,2021,Octobre,10,256.9,10.0
AGUEGUES,2021,Novembre,11,172.09999999999997,9.0
AGUEGUES,2021,Décembre,12,0.0,0.0
AKPRO-MISSERETE,2021,Janvier,1,37.0,2.0
AKPRO-MISSERETE,2021,Février,2,20.5,2.5
AKPRO-MISSERETE,2021,Mars,3,98.5,5.5
AKPRO-MISSERETE,2021,Avril,4,79.0,3.5
AKPRO-MISSERETE,2021,Mai,5,63.0,5.5
AKPRO-MISSERETE,2021,Juin,6,101.5,11.0
AKPRO-MISSERETE,2021,Juillet,7,201.5,11.0
AKPRO-MISSERETE,2021,Août,8,132.0,9.0
AKPRO-MISSERETE,2021,Septembre,9,167.5,12.0
AKPRO-MISSERETE,2021,Octobre,10,157.5,12.0
AKPRO-MISSERETE,2021,Novembre,11,148.5,11.0
AKPRO-MISSERETE,2021,Décembre,12,16.5,1.5
AVRANKOU,2021,Janvier,1,13.2,1.5
AVRANKOU,2021,Février,2,2.3,0.5
AVRANKOU,2021,Mars,3,109.45,4.0
AVRANKOU,2021,Avril,4,122.1,2.5
AVRANKOU,2021,Mai,5,66.75,4.0
AVRANKOU,2021,Juin,6,110.05,7.0
AVRANKOU,2021,Juillet,7,225.35,5.5
AVRANKOU,2021,Août,8,91.65,5.0
AVRANKOU,2021,Septembre,9,233.35,8.0
AVRANKOU,2021,Octobre,10,148.05,9.0
AVRANKOU,2021,Novembre,11,153.35,6.5
AVRANKOU,2021,Décembre,12,0.0,0.0
BONOU,2021,Janvier,1,0.0,0.0
BONOU,2021,Février,2,0.0,0.0
BONOU,2021,Mars,3,50.675,1.0
BONOU,2021,Avril,4,21.224999999999998,2.25
BONOU,2021,Mai,5,61.849999999999994,2.5
BONOU,2021,Juin,6,76.875,3.75
BONOU,2021,Juillet,7,119.3,4.0
BONOU,2021,Août,8,76.375,4.75
BONOU,2021,Septembre,9,254.52499999999998,5.75
BONOU,2021,Octobre,10,356.09999999999997,7.75
BONOU,2021,Novembre,11,97.825,4.0
BONOU,2021,Décembre,12,0.0,0.0
DANGBO,2021,Janvier,1,8.0,1.0
DANGBO,2021,Février,2,0.0,0.0
DANGBO,2021,Mars,3,68.3,5.0
DANGBO,2021,Avril,4,66.6,6.0
DANGBO,2021,Mai,5,78.3,7.0
DANGBO,2021,Juin,6,160.85,12.0
DANGBO,2021,Juillet,7,170.6,10.0
DANGBO,2021,Août,8,101.14999999999999,9.0
DANGBO,2021,Septembre,9,271.55,12.0
DANGBO,2021,Octobre,10,115.95,11.0
DANGBO,2021,Novembre,11,110.0,10.0
DANGBO,2021,Décembre,12,0.0,0.0
PORTO-NOVO,2021,Janvier,1,5.25,1.5
PORTO-NOVO,2021,Février,2,28.15,3.0
PORTO-NOVO,2021,Mars,3,107.0,4.5
PORTO-NOVO,2021,Avril,4,76.0,4.0
PORTO-NOVO,2021,Mai,5,59.75,4.5
PORTO-NOVO,2021,Juin,6,150.45,9.0
PORTO-NOVO,2021,Juillet,7,174.25,6.0
PORTO-NOVO,2021,Août,8,107.0,6.5
PORTO-NOVO,2021,Septembre,9,247.0,9.5
PORTO-NOVO,2021,Octobre,10,188.0,7.0
PORTO-NOVO,2021,Novembre,11,131.25,7.0
PORTO-NOVO,2021,Décembre,12,0.0,0.0
SEME-PODJI,2021,Janvier,1,15.95,1.5
SEME-PODJI,2021,Février,2,35.55,2.5
SEME-PODJI,2021,Mars,3,93.45,5.0
SEME-PODJI,2021,Avril,4,146.35,5.5
SEME-PODJI,2021,Mai,5,80.2,4.5
SEME-PODJI,2021,Juin,6,319.0,10.5
SEME-PODJI,2021,Juillet,7,132.10000000000002,4.5
SEME-PODJI,2021,Août,8,227.65,5.5
SEME-PODJI,2021,Septembre,9,336.5,9.5
SEME-PODJI,2021,Octobre,10,139.55,6.5
SEME-PODJI,2021,Novembre,11,76.85,5.0
SEME-PODJI,2021,Décembre,12,0.0,0.0
DEPART. OUEME,2021,Janvier,1,12.458823529411765,1.0588235294117647
DEPART. OUEME,2021,Février,2,10.799999999999999,1.1764705882352942
DEPART. OUEME,2021,Mars,3,92.19411764705882,3.8823529411764706
DEPART. OUEME,2021,Avril,4,72.62941176470588,3.5294117647058822
DEPART. OUEME,2021,Mai,5,81.23529411764706,4.470588235294118
DEPART. OUEME,2021,Juin,6,156.72352941176473,8.117647058823529
DEPART. OUEME,2021,Juillet,7,162.5470588235294,5.647058823529412
DEPART. OUEME,2021,Août,8,119.98823529411764,6.529411764705882
DEPART. OUEME,2021,Septembre,9,237.65294117647056,9.058823529411764
DEPART. OUEME,2021,Octobre,10,218.0235294117647,8.882352941176471
DEPART. OUEME,2021,Novembre,11,124.72352941176472,7.0588235294117645
DEPART. OUEME,2021,Décembre,12,1.9411764705882353,0.17647058823529413
ADJA-OUERE,2021,Janvier,1,0.0,0.0
ADJA-OUERE,2021,Février,2,19.0,1.0
ADJA-OUERE,2021,Mars,3,77.375,3.5
ADJA-OUERE,2021,Avril,4,58.675,4.5
ADJA-OUERE,2021,Mai,5,56.525,4.75
ADJA-OUERE,2021,Juin,6,56.525,4.75
ADJA-OUERE,2021,Juillet,7,144.775,7.25
ADJA-OUERE,2021,Août,8,113.125,7.75
ADJA-OUERE,2021,Septembre,9,376.525,11.75
ADJA-OUERE,2021,Octobre,10,260.875,12.25
ADJA-OUERE,2021,Novembre,11,61.675,2.75
ADJA-OUERE,2021,Décembre,12,0.0,0.0
IFANGNI,2021,Janvier,1,0.0,0.0
IFANGNI,2021,Février,2,37.25,2.5
IFANGNI,2021,Mars,3,117.2,4.25
IFANGNI,2021,Avril,4,71.5,2.75
IFANGNI,2021,Mai,5,74.65,6.25
IFANGNI,2021,Juin,6,74.65,6.25
IFANGNI,2021,Juillet,7,161.125,11.25
IFANGNI,2021,Août,8,108.275,7.5
IFANGNI,2021,Septembre,9,277.45,9.5
IFANGNI,2021,Octobre,10,201.375,10.75
IFANGNI,2021,Novembre,11,130.5,7.75
IFANGNI,2021,Décembre,12,0.0,0.0
KETOU,2021,Janvier,1,0.0,0.0
KETOU,2021,Février,2,21.6,1.4
KETOU,2021,Mars,3,32.0,3.6
KETOU,2021,Avril,4,174.8,6.6
KETOU,2021,Mai,5,78.78,4.4
KETOU,2021,Juin,6,78.78,4.4
KETOU,2021,Juillet,7,171.07999999999998,9.2
KETOU,2021,Août,8,156.8,11.0
KETOU,2021,Septembre,9,202.5,10.8
KETOU,2021,Octobre,10,170.1,10.0
KETOU,2021,Novembre,11,23.5,2.4
KETOU,2021,Décembre,12,0.0,0.0
POBE,2021,Janvier,1,0.0,0.0
POBE,2021,Février,2,24.75,1.25
POBE,2021,Mars,3,43.5,3.5
POBE,2021,Avril,4,89.125,6.25
POBE,2021,Mai,5,82.75,6.5
POBE,2021,Juin,6,82.75,6.5
POBE,2021,Juillet,7,157.5,8.0
POBE,2021,Août,8,102.75,6.25
POBE,2021,Septembre,9,217.375,9.25
POBE,2021,Octobre,10,152.5,9.75
POBE,2021,Novembre,11,55.5,3.5
POBE,2021,Décembre,12,0.0,0.0
SAKETE,2021,Janvier,1,0.8400000000000001,0.2
SAKETE,2021,Février,2,23.82,2.4
SAKETE,2021,Mars,3,72.22,3.0
SAKETE,2021,Avril,4,72.5,3.6
SAKETE,2021,Mai,5,91.32,6.6
SAKETE,2021,Juin,6,91.32,6.6
SAKETE,2021,Juillet,7,178.76,7.6
SAKETE,2021,Août,8,110.8,7.6
SAKETE,2021,Septembre,9,248.94,10.2
SAKETE,2021,Octobre,10,179.22,13.6
SAKETE,2021,Novembre,11,62.3,6.0
SAKETE,2021,Décembre,12,0.0,0.0
DEPART. PLATEAU,2021,Janvier,1,0.2210526315789474,1.0
DEPART. PLATEAU,2021,Février,2,21.58421052631579,4.0
DEPART. PLATEAU,2021,Mars,3,60.83684210526315,5.0
DEPART. PLATEAU,2021,Avril,4,100.35263157894737,7.0
DEPART. PLATEAU,2021,Mai,5,78.1157894736842,6.0
DEPART. PLATEAU,2021,Juin,6,78.1157894736842,6.0
DEPART. PLATEAU,2021,Juillet,7,165.3578947368421,10.0
DEPART. PLATEAU,2021,Août,8,122.63684210526316,10.0
DEPART. PLATEAU,2021,Septembre,9,259.13684210526316,12.0
DEPART. PLATEAU,2021,Octobre,10,185.9263157894737,13.0
DEPART. PLATEAU,2021,Novembre,11,56.42321981424149,5.0
DEPART. PLATEAU,2021,Décembre,12,0.0,0.0
ABOMEY-CALAVI,2021,Janvier,1,0.0,0.0
ABOMEY-CALAVI,2021,Février,2,0.0,0.0
ABOMEY-CALAVI,2021,Mars,3,77.0,2.0
ABOMEY-CALAVI,2021,Avril,4,43.5,1.0
ABOMEY-CALAVI,2021,Mai,5,105.0,3.5
ABOMEY-CALAVI,2021,Juin,6,134.0,7.0
ABOMEY-CALAVI,2021,Juillet,7,86.0,3.5
ABOMEY-CALAVI,2021,Août,8,138.0,6.0
ABOMEY-CALAVI,2021,Septembre,9,162.0,8.5
ABOMEY-CALAVI,2021,Octobre,10,157.5,5.5
ABOMEY-CALAVI,2021,Novembre,11,66.0,5.0
ABOMEY-CALAVI,2021,Décembre,12,0.0,0.0
ALLADA,2021,Janvier,1,16.0,1.0
ALLADA,2021,Février,2,25.0,2.5
ALLADA,2021,Mars,3,26.5,2.5
ALLADA,2021,Avril,4,41.5,1.5
ALLADA,2021,Mai,5,78.5,3.5
ALLADA,2021,Juin,6,139.5,8.0
ALLADA,2021,Juillet,7,180.0,4.5
ALLADA,2021,Août,8,113.0,5.5
ALLADA,2021,Septembre,9,253.0,10.5
ALLADA,2021,Octobre,10,200.5,10.5
ALLADA,2021,Novembre,11,264.0,8.5
ALLADA,2021,Décembre,12,0.0,0.0
KPOMASSE,2021,Janvier,1,3.0,0.5
KPOMASSE,2021,Février,2,3.0,0.5
KPOMASSE,2021,Mars,3,26.0,3.5
KPOMASSE,2021,Avril,4,16.0,2.5
KPOMASSE,2021,Mai,5,107.5,4.0
KPOMASSE,2021,Juin,6,179.5,9.0
KPOMASSE,2021,Juillet,7,112.0,3.0
KPOMASSE,2021,Août,8,70.5,4.0
KPOMASSE,2021,Septembre,9,174.5,6.5
KPOMASSE,2021,Octobre,10,69.0,6.5
KPOMASSE,2021,Novembre,11,96.0,4.5
KPOMASSE,2021,Décembre,12,0.0,0.0
OUIDAH,2021,Janvier,1,0.0,0.0
OUIDAH,2021,Février,2,6.25,1.0
OUIDAH,2021,Mars,3,53.955,5.0
OUIDAH,2021,Avril,4,49.5,7.0
OUIDAH,2021,Mai,5,65.0,7.5
OUIDAH,2021,Juin,6,199.5,12.0
OUIDAH,2021,Juillet,7,164.0,5.5
OUIDAH,2021,Août,8,121.05,7.0
OUIDAH,2021,Septembre,9,225.5,11.0
OUIDAH,2021,Octobre,10,112.1,9.5
OUIDAH,2021,Novembre,11,82.0,6.5
OUIDAH,2021,Décembre,12,0.0,0.0
SO-AVA,2021,Janvier,1,5.0,0.5
SO-AVA,2021,Février,2,6.0,0.5
SO-AVA,2021,Mars,3,63.5,4.0
SO-AVA,2021,Avril,4,21.6,2.5
SO-AVA,2021,Mai,5,142.0,4.5
SO-AVA,2021,Juin,6,126.0,9.0
SO-AVA,2021,Juillet,7,97.0,4.5
SO-AVA,2021,Août,8,112.0,7.5
SO-AVA,2021,Septembre,9,148.5,8.5
SO-AVA,2021,Octobre,10,88.0,7.0
SO-AVA,2021,Novembre,11,56.0,6.5
SO-AVA,2021,Décembre,12,0.0,0.0
TOFFO,2021,Janvier,1,21.5,1.0
TOFFO,2021,Février,2,12.0,0.5
TOFFO,2021,Mars,3,128.0,5.0
TOFFO,2021,Avril,4,192.0,6.5
TOFFO,2021,Mai,5,119.5,3.5
TOFFO,2021,Juin,6,124.0,6.5
TOFFO,2021,Juillet,7,160.5,4.5
TOFFO,2021,Août,8,97.0,4.5
TOFFO,2021,Septembre,9,364.5,10.0
TOFFO,2021,Octobre,10,308.0,11.0
TOFFO,2021,Novembre,11,169.0,7.0
TOFFO,2021,Décembre,12,0.0,0.0
TORI-BOSSITO,2021,Janvier,1,15.0,1.5
TORI-BOSSITO,2021,Février,2,5.0,0.5
TORI-BOSSITO,2021,Mars,3,47.0,3.5
TORI-BOSSITO,2021,Avril,4,31.5,1.5
TORI-BOSSITO,2021,Mai,5,48.5,3.0
TORI-BOSSITO,2021,Juin,6,149.5,9.0
TORI-BOSSITO,2021,Juillet,7,139.5,5.0
TORI-BOSSITO,2021,Août,8,89.0,7.0
TORI-BOSSITO,2021,Septembre,9,199.5,7.5
TORI-BOSSITO,2021,Octobre,10,146.0,8.5
TORI-BOSSITO,2021,Novembre,11,101.0,5.5
TORI-BOSSITO,2021,Décembre,12,0.0,0.0
ZE,2021,Janvier,1,30.0,1.0
ZE,2021,Février,2,8.0,1.0
ZE,2021,Mars,3,65.0,3.0
ZE,2021,Avril,4,28.0,2.5
ZE,2021,Mai,5,63.5,3.5
ZE,2021,Juin,6,102.5,10.0
ZE,2021,Juillet,7,116.5,4.0
ZE,2021,Août,8,80.5,6.5
ZE,2021,Septembre,9,223.5,7.3125
ZE,2021,Octobre,10,216.5,11.5
ZE,2021,Novembre,11,134.5,7.5
ZE,2021,Décembre,12,0.0,0.0
DEPART. ATLANTIQUE,2021,Janvier,1,12.083333333333332,0.6666666666666666
DEPART. ATLANTIQUE,2021,Février,2,9.875000000000002,0.9166666666666666
DEPART. ATLANTIQUE,2021,Mars,3,62.909166666666664,3.5833333333333335
DEPART. ATLANTIQUE,2021,Avril,4,59.68333333333334,3.5833333333333335
DEPART. ATLANTIQUE,2021,Mai,5,86.66666666666667,4.166666666666666
DEPART. ATLANTIQUE,2021,Juin,6,143.58333333333334,8.75
DEPART. ATLANTIQUE,2021,Juillet,7,140.5,4.25
DEPART. ATLANTIQUE,2021,Août,8,99.425,5.75
DEPART. ATLANTIQUE,2021,Septembre,9,234.91666666666669,9.333333333333332
DEPART. ATLANTIQUE,2021,Octobre,10,166.51666666666665,8.5
DEPART. ATLANTIQUE,2021,Novembre,11,125.24999999999999,5.916666666666667
DEPART. ATLANTIQUE,2021,Décembre,12,0.0,0.0
COTONOU,2021,Janvier,1,42.413333333333334,1.6666666666666667
COTONOU,2021,Février,2,0.0,0.0
COTONOU,2021,Mars,3,31.39333333333333,2.0
COTONOU,2021,Avril,4,46.266666666666666,2.0
COTONOU,2021,Mai,5,201.10333333333335,3.3333333333333335
COTONOU,2021,Juin,6,381.65666666666664,14.666666666666664
COTONOU,2021,Juillet,7,134.20000000000002,4.666666666666667
COTONOU,2021,Août,8,264.3666666666667,5.0
COTONOU,2021,Septembre,9,304.08,9.0
COTONOU,2021,Octobre,10,251.51,8.0
COTONOU,2021,Novembre,11,205.62,5.0
COTONOU,2021,Décembre,12,0.0,0.0
DEPART. LITTORAL,2021,Janvier,1,42.413333333333334,1.6666666666666667
DEPART. LITTORAL,2021,Février,2,0.0,0.0
DEPART. LITTORAL,2021,Mars,3,31.39333333333333,2.0
DEPART. LITTORAL,2021,Avril,4,46.266666666666666,2.0
DEPART. LITTORAL,2021,Mai,5,201.10333333333335,3.3333333333333335
DEPART. LITTORAL,2021,Juin,6,381.65666666666664,14.666666666666664
DEPART. LITTORAL,2021,Juillet,7,134.20000000000002,4.666666666666667
DEPART. LITTORAL,2021,Août,8,264.3666666666667,5.0
DEPART. LITTORAL,2021,Septembre,9,304.08,9.0
DEPART. LITTORAL,2021,Octobre,10,251.51,8.0
DEPART. LITTORAL,2021,Novembre,11,205.62,5.0
DEPART. LITTORAL,2021,Décembre,12,0.0,0.0
BENIN,2021,Janvier,1,3.8289826839826837,0.3121212121212121
BENIN,2021,Février,2,4.002857142857144,0.38160173160173155
BENIN,2021,Mars,3,40.96158781694495,2.668181818181818
BENIN,2021,Avril,4,59.624202226345076,3.567532467532468
BENIN,2021,Mai,5,75.68010884353741,5.032034632034632
BENIN,2021,Juin,6,129.1034183673469,7.785714285714284
BENIN,2021,Juillet,7,155.93953463203465,7.203030303030303
BENIN,2021,Août,8,186.39434724799005,9.661471861471862
BENIN,2021,Septembre,9,201.1272019171305,10.048430735930735
BENIN,2021,Octobre,10,107.73553957946815,6.752380952380953
BENIN,2021,Novembre,11,46.523339084724796,3.0354978354978353
BENIN,2021,Décembre,12,1.3908787878787878,0.16233766233766234
BEMBEREKE,2022,Janvier,1,0.0,0.0
BEMBEREKE,2022,Février,2,0.0,0.0
BEMBEREKE,2022,Mars,3,0.0,0.0
BEMBEREKE,2022,Avril,4,33.425,3.0
BEMBEREKE,2022,Mai,5,61.6,6.0
BEMBEREKE,2022,Juin,6,111.2,9.0
BEMBEREKE,2022,Juillet,7,221.105,15.0
BEMBEREKE,2022,Août,8,333.375,14.0
BEMBEREKE,2022,Septembre,9,198.64999999999998,11.0
BEMBEREKE,2022,Octobre,10,51.85,5.0
BEMBEREKE,2022,Novembre,11,0.0,0.0
BEMBEREKE,2022,Décembre,12,0.0,0.0
KALALE,2022,Janvier,1,0.0,0.0
KALALE,2022,Février,2,0.0,0.0
KALALE,2022,Mars,3,0.0,0.0
KALALE,2022,Avril,4,56.0,2.0
KALALE,2022,Mai,5,75.01666666666667,6.0
KALALE,2022,Juin,6,126.23333333333333,7.0
KALALE,2022,Juillet,7,146.31666666666666,9.0
KALALE,2022,Août,8,286.26666666666665,11.0
KALALE,2022,Septembre,9,129.33333333333334,9.0
KALALE,2022,Octobre,10,114.16166666666668,5.0
KALALE,2022,Novembre,11,0.0,0.0
KALALE,2022,Décembre,12,0.0,0.0
N'DALI,2022,Janvier,1,0.0,0.0
N'DALI,2022,Février,2,0.0,0.0
N'DALI,2022,Mars,3,4.05,1.0
N'DALI,2022,Avril,4,38.864999999999995,3.0
N'DALI,2022,Mai,5,44.5,5.0
N'DALI,2022,Juin,6,140.4,11.0
N'DALI,2022,Juillet,7,127.74999999999999,8.0
N'DALI,2022,Août,8,223.375,10.0
N'DALI,2022,Septembre,9,162.275,10.0
N'DALI,2022,Octobre,10,42.849999999999994,5.0
N'DALI,2022,Novembre,11,0.0,0.0
N'DALI,2022,Décembre,12,0.0,0.0
NIKKI,2022,Janvier,1,0.0,0.0
NIKKI,2022,Février,2,0.0,0.0
NIKKI,2022,Mars,3,10.64,1.0
NIKKI,2022,Avril,4,35.25999999999999,3.0
NIKKI,2022,Mai,5,123.74,8.0
NIKKI,2022,Juin,6,151.966,9.0
NIKKI,2022,Juillet,7,57.4,7.0
NIKKI,2022,Août,8,267.86,11.0
NIKKI,2022,Septembre,9,199.52,8.0
NIKKI,2022,Octobre,10,113.50399999999999,4.0
NIKKI,2022,Novembre,11,0.0,0.0
NIKKI,2022,Décembre,12,0.0,0.0
PARAKOU,2022,Janvier,1,0.0,0.0
PARAKOU,2022,Février,2,0.0,0.0
PARAKOU,2022,Mars,3,41.05,1.0
PARAKOU,2022,Avril,4,32.675,3.0
PARAKOU,2022,Mai,5,106.37500000000001,6.0
PARAKOU,2022,Juin,6,228.85250000000002,13.0
PARAKOU,2022,Juillet,7,219.625,10.0
PARAKOU,2022,Août,8,227.0775,11.0
PARAKOU,2022,Septembre,9,321.15,10.0
PARAKOU,2022,Octobre,10,47.012499999999996,5.0
PARAKOU,2022,Novembre,11,0.0,0.0
PARAKOU,2022,Décembre,12,0.0,0.0
PERERE,2022,Janvier,1,0.0,0.0
PERERE,2022,Février,2,0.0,0.0
PERERE,2022,Mars,3,16.0,1.0
PERERE,2022,Avril,4,34.0,4.0
PERERE,2022,Mai,5,143.73333333333332,8.0
PERERE,2022,Juin,6,146.79999999999998,10.0
PERERE,2022,Juillet,7,202.73333333333335,10.0
PERERE,2022,Août,8,401.06666666666666,13.0
PERERE,2022,Septembre,9,168.63333333333335,8.0
PERERE,2022,Octobre,10,108.08333333333333,4.0
PERERE,2022,Novembre,11,0.0,0.0
PERERE,2022,Décembre,12,0.0,0.0
SINENDE,2022,Janvier,1,0.0,0.0
SINENDE,2022,Février,2,0.0,0.0
SINENDE,2022,Mars,3,0.0,0.0
SINENDE,2022,Avril,4,75.45,4.0
SINENDE,2022,Mai,5,123.6,7.0
SINENDE,2022,Juin,6,219.75,6.0
SINENDE,2022,Juillet,7,271.15,8.0
SINENDE,2022,Août,8,383.2,12.0
SINENDE,2022,Septembre,9,280.35,9.0
SINENDE,2022,Octobre,10,19.0,2.0
SINENDE,2022,Novembre,11,0.0,0.0
SINENDE,2022,Décembre,12,0.0,0.0
TCHAOUROU,2022,Janvier,1,0.0,0.0
TCHAOUROU,2022,Février,2,0.0,0.0
TCHAOUROU,2022,Mars,3,122.94333333333333,8.0
TCHAOUROU,2022,Avril,4,100.48666666666666,5.0
TCHAOUROU,2022,Mai,5,144.97333333333333,7.0
TCHAOUROU,2022,Juin,6,255.86666666666667,16.0
TCHAOUROU,2022,Juillet,7,226.06666666666666,10.0
TCHAOUROU,2022,Août,8,218.9333333333333,10.0
TCHAOUROU,2022,Septembre,9,251.47,9.0
TCHAOUROU,2022,Octobre,10,16.2,2.0
TCHAOUROU,2022,Novembre,11,0.0,0.0
TCHAOUROU,2022,Décembre,12,0.0,0.0
BANIKOARA,2022,Janvier,1,0.0,0.0
BANIKOARA,2022,Février,2,0.0,0.0
BANIKOARA,2022,Mars,3,0.0,0.0
BANIKOARA,2022,Avril,4,0.0,0.0
BANIKOARA,2022,Mai,5,20.5,2.0
BANIKOARA,2022,Juin,6,47.3,4.0
BANIKOARA,2022,Juillet,7,207.41666666666669,9.0
BANIKOARA,2022,Août,8,269.58333333333337,13.0
BANIKOARA,2022,Septembre,9,248.5,13.0
BANIKOARA,2022,Octobre,10,51.416666666666664,4.0
BANIKOARA,2022,Novembre,11,0.0,0.0
BANIKOARA,2022,Décembre,12,0.0,0.0
GOGOUNOU,2022,Janvier,1,0.0,0.0
GOGOUNOU,2022,Février,2,0.0,0.0
GOGOUNOU,2022,Mars,3,9.666666666666666,1.0
GOGOUNOU,2022,Avril,4,31.333333333333332,1.0
GOGOUNOU,2022,Mai,5,71.36666666666667,5.0
GOGOUNOU,2022,Juin,6,97.64166666666667,9.0
GOGOUNOU,2022,Juillet,7,205.34166666666667,10.0
GOGOUNOU,2022,Août,8,336.175,15.0
GOGOUNOU,2022,Septembre,9,330.15,15.0
GOGOUNOU,2022,Octobre,10,71.85,5.0
GOGOUNOU,2022,Novembre,11,0.0,0.0
GOGOUNOU,2022,Décembre,12,0.0,0.0
KANDI,2022,Janvier,1,0.0,0.0
KANDI,2022,Février,2,0.0,0.0
KANDI,2022,Mars,3,0.0,0.0
KANDI,2022,Avril,4,4.0,1.0
KANDI,2022,Mai,5,49.07142857142857,5.0
KANDI,2022,Juin,6,81.85714285714286,5.0
KANDI,2022,Juillet,7,266.0,10.0
KANDI,2022,Août,8,219.6142857142857,12.0
KANDI,2022,Septembre,9,283.9142857142857,32.0
KANDI,2022,Octobre,10,43.771428571428565,5.0
KANDI,2022,Novembre,11,0.0,0.0
KANDI,2022,Décembre,12,0.0,0.0
KARIMAMA,2022,Janvier,1,0.0,0.0
KARIMAMA,2022,Février,2,0.0,0.0
KARIMAMA,2022,Mars,3,0.0,0.0
KARIMAMA,2022,Avril,4,0.0,0.0
KARIMAMA,2022,Mai,5,60.099999999999994,5.0
KARIMAMA,2022,Juin,6,104.8,8.0
KARIMAMA,2022,Juillet,7,233.8,14.0
KARIMAMA,2022,Août,8,302.3,12.0
KARIMAMA,2022,Septembre,9,212.2,12.0
KARIMAMA,2022,Octobre,10,22.0,3.0
KARIMAMA,2022,Novembre,11,0.0,0.0
KARIMAMA,2022,Décembre,12,0.0,0.0
MALANVILLE,2022,Janvier,1,0.0,0.0
MALANVILLE,2022,Février,2,0.0,0.0
MALANVILLE,2022,Mars,3,0.0,0.0
MALANVILLE,2022,Avril,4,3.75,1.0
MALANVILLE,2022,Mai,5,51.5,4.0
MALANVILLE,2022,Juin,6,154.95,10.0
MALANVILLE,2022,Juillet,7,211.125,11.0
MALANVILLE,2022,Août,8,270.0,13.0
MALANVILLE,2022,Septembre,9,317.5,11.0
MALANVILLE,2022,Octobre,10,61.0,6.0
MALANVILLE,2022,Novembre,11,0.0,0.0
MALANVILLE,2022,Décembre,12,0.0,0.0
SEGBANA,2022,Janvier,1,0.0,0.0
SEGBANA,2022,Février,2,0.0,0.0
SEGBANA,2022,Mars,3,0.0,0.0
SEGBANA,2022,Avril,4,0.0,0.0
SEGBANA,2022,Mai,5,0.0,0.0
SEGBANA,2022,Juin,6,153.695,9.0
SEGBANA,2022,Juillet,7,273.5,11.0
SEGBANA,2022,Août,8,232.5,11.0
SEGBANA,2022,Septembre,9,327.5,10.0
SEGBANA,2022,Octobre,10,50.0,5.0
SEGBANA,2022,Novembre,11,0.0,0.0
SEGBANA,2022,Décembre,12,0.0,0.0
BOUKOUMBE,2022,Janvier,1,0.0,0.0
BOUKOUMBE,2022,Février,2,0.0,0.0
BOUKOUMBE,2022,Mars,3,7.0,1.0
BOUKOUMBE,2022,Avril,4,90.0,3.0
BOUKOUMBE,2022,Mai,5,92.0,6.0
BOUKOUMBE,2022,Juin,6,179.7,10.0
BOUKOUMBE,2022,Juillet,7,204.5,10.0
BOUKOUMBE,2022,Août,8,153.60000000000002,8.0
BOUKOUMBE,2022,Septembre,9,289.75,10.0
BOUKOUMBE,2022,Octobre,10,67.0,3.0
BOUKOUMBE,2022,Novembre,11,0.0,0.0
BOUKOUMBE,2022,Décembre,12,0.0,0.0
COBLY,2022,Janvier,1,0.0,0.0
COBLY,2022,Février,2,0.0,0.0
COBLY,2022,Mars,3,23.8,2.0
COBLY,2022,Avril,4,122.0,5.0
COBLY,2022,Mai,5,129.15,9.5
COBLY,2022,Juin,6,130.8,12.5
COBLY,2022,Juillet,7,206.5,9.0
COBLY,2022,Août,8,137.3,8.0
COBLY,2022,Septembre,9,185.7,16.5
COBLY,2022,Octobre,10,63.85,3.0
COBLY,2022,Novembre,11,0.0,0.0
COBLY,2022,Décembre,12,0.0,0.0
KEROU,2022,Janvier,1,0.0,0.0
KEROU,2022,Février,2,0.0,0.0
KEROU,2022,Mars,3,5.75,0.5
KEROU,2022,Avril,4,38.65,3.0
KEROU,2022,Mai,5,138.0,7.5
KEROU,2022,Juin,6,150.45,10.5
KEROU,2022,Juillet,7,273.25,12.0
KEROU,2022,Août,8,220.5,14.5
KEROU,2022,Septembre,9,293.1,15.5
KEROU,2022,Octobre,10,63.325,6.5
KEROU,2022,Novembre,11,0.0,0.0
KEROU,2022,Décembre,12,0.0,0.0
KOUANDE,2022,Janvier,1,0.0,0.0
KOUANDE,2022,Février,2,0.0,0.0
KOUANDE,2022,Mars,3,25.8,3.0
KOUANDE,2022,Avril,4,43.400000000000006,4.0
KOUANDE,2022,Mai,5,201.2,8.0
KOUANDE,2022,Juin,6,136.2,11.0
KOUANDE,2022,Juillet,7,185.0,13.0
KOUANDE,2022,Août,8,236.6,17.0
KOUANDE,2022,Septembre,9,205.9,22.0
KOUANDE,2022,Octobre,10,84.8,4.0
KOUANDE,2022,Novembre,11,0.0,0.0
KOUANDE,2022,Décembre,12,0.0,0.0
MATERI,2022,Janvier,1,0.0,0.0
MATERI,2022,Février,2,0.0,0.0
MATERI,2022,Mars,3,18.375,1.0
MATERI,2022,Avril,4,27.025,2.0
MATERI,2022,Mai,5,50.5,4.5
MATERI,2022,Juin,6,202.925,9.25
MATERI,2022,Juillet,7,196.67499999999998,7.25
MATERI,2022,Août,8,130.4,6.5
MATERI,2022,Septembre,9,224.89999999999998,13.5
MATERI,2022,Octobre,10,142.56,6.0
MATERI,2022,Novembre,11,0.0,0.0
MATERI,2022,Décembre,12,0.0,0.0
NATITINGOU,2022,Janvier,1,0.0,0.0
NATITINGOU,2022,Février,2,0.0,0.0
NATITINGOU,2022,Mars,3,0.0,0.0
NATITINGOU,2022,Avril,4,101.0,6.0
NATITINGOU,2022,Mai,5,141.5,10.0
NATITINGOU,2022,Juin,6,176.10000000000002,14.0
NATITINGOU,2022,Juillet,7,154.0,11.0
NATITINGOU,2022,Août,8,287.0,14.0
NATITINGOU,2022,Septembre,9,289.5,16.0
NATITINGOU,2022,Octobre,10,61.0,7.0
NATITINGOU,2022,Novembre,11,0.0,0.0
NATITINGOU,2022,Décembre,12,0.0,0.0
PEHUNCO,2022,Janvier,1,0.0,0.0
PEHUNCO,2022,Février,2,0.0,0.0
PEHUNCO,2022,Mars,3,4.8,1.0
PEHUNCO,2022,Avril,4,71.9,4.0
PEHUNCO,2022,Mai,5,117.3,10.0
PEHUNCO,2022,Juin,6,192.1,11.0
PEHUNCO,2022,Juillet,7,222.3,13.0
PEHUNCO,2022,Août,8,231.6,19.0
PEHUNCO,2022,Septembre,9,269.8,18.0
PEHUNCO,2022,Octobre,10,106.6,4.0
PEHUNCO,2022,Novembre,11,0.0,0.0
PEHUNCO,2022,Décembre,12,0.0,0.0
TANGUIETA,2022,Janvier,1,0.0,0.0
TANGUIETA,2022,Février,2,0.0,0.0
TANGUIETA,2022,Mars,3,54.5,2.0
TANGUIETA,2022,Avril,4,43.5,4.0
TANGUIETA,2022,Mai,5,69.0,6.0
TANGUIETA,2022,Juin,6,166.45,10.0
TANGUIETA,2022,Juillet,7,165.5,7.5
TANGUIETA,2022,Août,8,97.3,7.0
TANGUIETA,2022,Septembre,9,275.05,16.0
TANGUIETA,2022,Octobre,10,60.5,3.0
TANGUIETA,2022,Novembre,11,0.0,0.0
TANGUIETA,2022,Décembre,12,0.0,0.0
TOUCOUNTOUNA,2022,Janvier,1,0.0,0.0
TOUCOUNTOUNA,2022,Février,2,0.0,0.0
TOUCOUNTOUNA,2022,Mars,3,53.0,2.0
TOUCOUNTOUNA,2022,Avril,4,51.0,5.0
TOUCOUNTOUNA,2022,Mai,5,83.0,7.0
TOUCOUNTOUNA,2022,Juin,6,247.0,13.0
TOUCOUNTOUNA,2022,Juillet,7,178.0,8.0
TOUCOUNTOUNA,2022,Août,8,147.0,7.0
TOUCOUNTOUNA,2022,Septembre,9,306.0,15.0
TOUCOUNTOUNA,2022,Octobre,10,63.0,3.0
TOUCOUNTOUNA,2022,Novembre,11,0.0,0.0
TOUCOUNTOUNA,2022,Décembre,12,0.0,0.0
BASSILA,2022,Janvier,1,0.0,0.0
BASSILA,2022,Février,2,0.0,0.0
BASSILA,2022,Mars,3,16.4,3.0
BASSILA,2022,Avril,4,91.4,8.0
BASSILA,2022,Mai,5,95.23333333333332,8.0
BASSILA,2022,Juin,6,198.43333333333334,13.0
BASSILA,2022,Juillet,7,180.9,13.0
BASSILA,2022,Août,8,273.2,15.0
BASSILA,2022,Septembre,9,0.0,0.0
BASSILA,2022,Octobre,10,0.0,0.0
BASSILA,2022,Novembre,11,0.0,0.0
BASSILA,2022,Décembre,12,0.0,0.0
COPARGO,2022,Janvier,1,0.0,0.0
COPARGO,2022,Février,2,0.0,0.0
COPARGO,2022,Mars,3,25.745000000000005,4.0
COPARGO,2022,Avril,4,79.47698412698412,6.0
COPARGO,2022,Mai,5,100.13538461538462,7.0
COPARGO,2022,Juin,6,172.59952380952382,12.0
COPARGO,2022,Juillet,7,164.17333333333335,9.0
COPARGO,2022,Août,8,299.49380952380955,12.0
COPARGO,2022,Septembre,9,204.04577777777777,13.0
COPARGO,2022,Octobre,10,66.09117647058824,5.0
COPARGO,2022,Novembre,11,3.3,1.0
COPARGO,2022,Décembre,12,0.0,0.0
DJOUGOU,2022,Janvier,1,0.0,0.0
DJOUGOU,2022,Février,2,0.0,0.0
DJOUGOU,2022,Mars,3,14.9,3.0
DJOUGOU,2022,Avril,4,82.48333333333333,5.0
DJOUGOU,2022,Mai,5,107.725,7.0
DJOUGOU,2022,Juin,6,157.41666666666669,10.0
DJOUGOU,2022,Juillet,7,178.83333333333331,9.0
DJOUGOU,2022,Août,8,352.01666666666665,11.0
DJOUGOU,2022,Septembre,9,153.0,9.0
DJOUGOU,2022,Octobre,10,70.0,3.0
DJOUGOU,2022,Novembre,11,0.0,0.0
DJOUGOU,2022,Décembre,12,0.0,0.0
OUAKE,2022,Janvier,1,0.0,0.0
OUAKE,2022,Février,2,0.0,0.0
OUAKE,2022,Mars,3,0.0,0.0
OUAKE,2022,Avril,4,84.85,6.0
OUAKE,2022,Mai,5,40.05,6.0
OUAKE,2022,Juin,6,168.66666666666666,12.0
OUAKE,2022,Juillet,7,120.9,9.0
OUAKE,2022,Août,8,259.95000000000005,13.0
OUAKE,2022,Septembre,9,0.0,0.0
OUAKE,2022,Octobre,10,0.0,0.0
OUAKE,2022,Novembre,11,0.0,0.0
OUAKE,2022,Décembre,12,0.0,0.0
ABOMEY,2022,Janvier,1,0.0,0.0
ABOMEY,2022,Février,2,9.0,1.0
ABOMEY,2022,Mars,3,121.0,7.0
ABOMEY,2022,Avril,4,213.33333333333334,8.0
ABOMEY,2022,Mai,5,213.33333333333334,8.0
ABOMEY,2022,Juin,6,111.0,6.0
ABOMEY,2022,Juillet,7,44.83333333333333,4.0
ABOMEY,2022,Août,8,89.56666666666666,7.0
ABOMEY,2022,Septembre,9,188.56666666666666,12.0
ABOMEY,2022,Octobre,10,139.33333333333331,9.0
ABOMEY,2022,Novembre,11,72.66666666666667,5.0
ABOMEY,2022,Décembre,12,0.0,0.0
AGBANGNIZOUN,2022,Janvier,1,0.0,0.0
AGBANGNIZOUN,2022,Février,2,11.0,1.0
AGBANGNIZOUN,2022,Mars,3,139.5,6.0
AGBANGNIZOUN,2022,Avril,4,216.8,8.0
AGBANGNIZOUN,2022,Mai,5,216.8,8.0
AGBANGNIZOUN,2022,Juin,6,186.33333333333331,6.0
AGBANGNIZOUN,2022,Juillet,7,45.13333333333333,5.0
AGBANGNIZOUN,2022,Août,8,105.46666666666665,7.0
AGBANGNIZOUN,2022,Septembre,9,193.8,10.0
AGBANGNIZOUN,2022,Octobre,10,132.0,8.0
AGBANGNIZOUN,2022,Novembre,11,40.66666666666667,4.0
AGBANGNIZOUN,2022,Décembre,12,0.0,0.0
BOHICON,2022,Janvier,1,0.0,0.0
BOHICON,2022,Février,2,27.0,2.0
BOHICON,2022,Mars,3,177.5,7.0
BOHICON,2022,Avril,4,276.0,9.0
BOHICON,2022,Mai,5,276.0,9.0
BOHICON,2022,Juin,6,188.0,7.0
BOHICON,2022,Juillet,7,56.5,3.0
BOHICON,2022,Août,8,133.1,8.0
BOHICON,2022,Septembre,9,250.015,12.0
BOHICON,2022,Octobre,10,135.75,8.0
BOHICON,2022,Novembre,11,34.5,4.0
BOHICON,2022,Décembre,12,0.0,0.0
COVE,2022,Janvier,1,0.0,0.0
COVE,2022,Février,2,0.0,0.0
COVE,2022,Mars,3,148.66666666666669,6.0
COVE,2022,Avril,4,221.33333333333331,7.0
COVE,2022,Mai,5,221.33333333333331,7.0
COVE,2022,Juin,6,123.66666666666667,5.0
COVE,2022,Juillet,7,47.4,4.0
COVE,2022,Août,8,108.66666666666667,6.0
COVE,2022,Septembre,9,213.53333333333336,11.0
COVE,2022,Octobre,10,135.33333333333334,8.0
COVE,2022,Novembre,11,49.66666666666667,2.0
COVE,2022,Décembre,12,0.0,0.0
DJIDJA,2022,Janvier,1,0.0,0.0
DJIDJA,2022,Février,2,0.0,0.0
DJIDJA,2022,Mars,3,212.5,7.0
DJIDJA,2022,Avril,4,175.75,7.0
DJIDJA,2022,Mai,5,175.75,7.0
DJIDJA,2022,Juin,6,136.0,7.0
DJIDJA,2022,Juillet,7,68.55,4.0
DJIDJA,2022,Août,8,125.5,8.0
DJIDJA,2022,Septembre,9,229.3,11.0
DJIDJA,2022,Octobre,10,138.0,7.0
DJIDJA,2022,Novembre,11,34.0,3.0
DJIDJA,2022,Décembre,12,0.0,0.0
OUINHI,2022,Janvier,1,0.0,0.0
OUINHI,2022,Février,2,0.0,0.0
OUINHI,2022,Mars,3,86.14999999999999,6.0
OUINHI,2022,Avril,4,165.40000000000003,6.0
OUINHI,2022,Mai,5,165.40000000000003,6.0
OUINHI,2022,Juin,6,56.725,4.0
OUINHI,2022,Juillet,7,81.375,6.0
OUINHI,2022,Août,8,33.325,5.0
OUINHI,2022,Septembre,9,148.97500000000002,10.0
OUINHI,2022,Octobre,10,109.3,8.0
OUINHI,2022,Novembre,11,28.0,2.0
OUINHI,2022,Décembre,12,0.0,0.0
ZAGNANADO,2022,Janvier,1,0.0,0.0
ZAGNANADO,2022,Février,2,14.666666666666666,1.0
ZAGNANADO,2022,Mars,3,97.325,6.0
ZAGNANADO,2022,Avril,4,172.16666666666666,8.0
ZAGNANADO,2022,Mai,5,172.16666666666666,8.0
ZAGNANADO,2022,Juin,6,103.94999999999999,6.0
ZAGNANADO,2022,Juillet,7,40.3,5.0
ZAGNANADO,2022,Août,8,64.05,7.0
ZAGNANADO,2022,Septembre,9,176.325,9.0
ZAGNANADO,2022,Octobre,10,103.975,7.0
ZAGNANADO,2022,Novembre,11,36.66666666666667,3.0
ZAGNANADO,2022,Décembre,12,0.0,0.0
ZA-KPOTA,2022,Janvier,1,0.0,0.0
ZA-KPOTA,2022,Février,2,6.0,1.0
ZA-KPOTA,2022,Mars,3,163.66666666666666,6.0
ZA-KPOTA,2022,Avril,4,190.16666666666669,6.0
ZA-KPOTA,2022,Mai,5,190.16666666666669,6.0
ZA-KPOTA,2022,Juin,6,142.33333333333334,6.0
ZA-KPOTA,2022,Juillet,7,77.86666666666666,5.0
ZA-KPOTA,2022,Août,8,171.0,6.0
ZA-KPOTA,2022,Septembre,9,210.5,11.0
ZA-KPOTA,2022,Octobre,10,103.66666666666667,8.0
ZA-KPOTA,2022,Novembre,11,58.333333333333336,4.0
ZA-KPOTA,2022,Décembre,12,0.0,0.0
ZOGBODOMEY,2022,Janvier,1,0.0,0.0
ZOGBODOMEY,2022,Février,2,0.0,0.0
ZOGBODOMEY,2022,Mars,3,71.9625,5.0
ZOGBODOMEY,2022,Avril,4,154.1875,8.0
ZOGBODOMEY,2022,Mai,5,154.1875,8.0
ZOGBODOMEY,2022,Juin,6,220.08249999999998,7.0
ZOGBODOMEY,2022,Juillet,7,56.400000000000006,5.0
ZOGBODOMEY,2022,Août,8,56.59166666666667,8.0
ZOGBODOMEY,2022,Septembre,9,165.60833333333335,9.0
ZOGBODOMEY,2022,Octobre,10,116.6,9.0
ZOGBODOMEY,2022,Novembre,11,48.75,4.0
ZOGBODOMEY,2022,Décembre,12,0.0,0.0
BANTE,2022,Janvier,1,0.0,0.0
BANTE,2022,Février,2,1.6666666666666667,1.0
BANTE,2022,Mars,3,27.083333333333332,3.0
BANTE,2022,Avril,4,82.35,6.0
BANTE,2022,Mai,5,82.35,6.0
BANTE,2022,Juin,6,137.73333333333335,6.0
BANTE,2022,Juillet,7,202.76666666666665,9.0
BANTE,2022,Août,8,273.4766666666667,8.0
BANTE,2022,Septembre,9,277.73333333333335,9.0
BANTE,2022,Octobre,10,93.46666666666667,5.0
BANTE,2022,Novembre,11,0.5333333333333333,1.0
BANTE,2022,Décembre,12,0.0,0.0
DASSA-ZOUME,2022,Janvier,1,0.0,0.0
DASSA-ZOUME,2022,Février,2,14.246000000000002,2.0
DASSA-ZOUME,2022,Mars,3,87.44800000000001,3.0
DASSA-ZOUME,2022,Avril,4,155.0,5.0
DASSA-ZOUME,2022,Mai,5,155.0,5.0
DASSA-ZOUME,2022,Juin,6,69.14600000000002,5.0
DASSA-ZOUME,2022,Juillet,7,119.64,6.0
DASSA-ZOUME,2022,Août,8,140.88000000000002,7.0
DASSA-ZOUME,2022,Septembre,9,146.04,6.0
DASSA-ZOUME,2022,Octobre,10,106.69999999999999,6.0
DASSA-ZOUME,2022,Novembre,11,0.0,0.0
DASSA-ZOUME,2022,Décembre,12,0.0,0.0
GLAZOUE,2022,Janvier,1,0.0,0.0
GLAZOUE,2022,Février,2,1.1666666666666667,1.0
GLAZOUE,2022,Mars,3,89.02166666666666,4.0
GLAZOUE,2022,Avril,4,158.17333333333335,6.0
GLAZOUE,2022,Mai,5,158.17333333333335,6.0
GLAZOUE,2022,Juin,6,86.42500000000001,5.0
GLAZOUE,2022,Juillet,7,193.16833333333335,8.0
GLAZOUE,2022,Août,8,357.53499999999997,9.0
GLAZOUE,2022,Septembre,9,193.11833333333334,8.0
GLAZOUE,2022,Octobre,10,60.31666666666667,5.0
GLAZOUE,2022,Novembre,11,0.0,0.0
GLAZOUE,2022,Décembre,12,0.0,0.0
OUESSE,2022,Janvier,1,0.0,0.0
OUESSE,2022,Février,2,0.0,0.0
OUESSE,2022,Mars,3,35.980000000000004,3.0
OUESSE,2022,Avril,4,119.11999999999999,6.0
OUESSE,2022,Mai,5,119.11999999999999,6.0
OUESSE,2022,Juin,6,96.0,5.0
OUESSE,2022,Juillet,7,139.81,6.0
OUESSE,2022,Août,8,284.1,11.0
OUESSE,2022,Septembre,9,236.7,9.0
OUESSE,2022,Octobre,10,75.32000000000001,6.0
OUESSE,2022,Novembre,11,0.0,0.0
OUESSE,2022,Décembre,12,0.0,0.0
SAVALOU,2022,Janvier,1,0.0,0.0
SAVALOU,2022,Février,2,0.0,0.0
SAVALOU,2022,Mars,3,28.35,2.0
SAVALOU,2022,Avril,4,107.875,6.0
SAVALOU,2022,Mai,5,107.875,6.0
SAVALOU,2022,Juin,6,41.3,2.0
SAVALOU,2022,Juillet,7,74.85,4.0
SAVALOU,2022,Août,8,174.175,6.0
SAVALOU,2022,Septembre,9,147.7,6.0
SAVALOU,2022,Octobre,10,109.3,5.0
SAVALOU,2022,Novembre,11,0.0,0.0
SAVALOU,2022,Décembre,12,0.0,0.0
SAVE,2022,Janvier,1,0.0,0.0
SAVE,2022,Février,2,0.0,0.0
SAVE,2022,Mars,3,20.333333333333336,3.0
SAVE,2022,Avril,4,83.0,5.0
SAVE,2022,Mai,5,83.0,5.0
SAVE,2022,Juin,6,54.8125,4.0
SAVE,2022,Juillet,7,40.66666666666667,3.0
SAVE,2022,Août,8,614.6666666666667,6.0
SAVE,2022,Septembre,9,382.0,7.0
SAVE,2022,Octobre,10,163.66666666666669,4.0
SAVE,2022,Novembre,11,0.0,0.0
SAVE,2022,Décembre,12,0.0,0.0
ATHIEME,2022,Janvier,1,5.666666666666667,1.0
ATHIEME,2022,Février,2,0.03333333333333333,1.0
ATHIEME,2022,Mars,3,30.866666666666664,2.0
ATHIEME,2022,Avril,4,143.56666666666666,10.0
ATHIEME,2022,Mai,5,138.33333333333334,6.0
ATHIEME,2022,Juin,6,118.9,9.0
ATHIEME,2022,Juillet,7,29.400000000000002,2.0
ATHIEME,2022,Août,8,21.400000000000002,3.0
ATHIEME,2022,Septembre,9,118.26666666666668,8.0
ATHIEME,2022,Octobre,10,127.25,11.0
ATHIEME,2022,Novembre,11,26.3,5.0
ATHIEME,2022,Décembre,12,0.0,0.0
BOPA,2022,Janvier,1,0.0,0.0
BOPA,2022,Février,2,0.0,0.0
BOPA,2022,Mars,3,66.94999999999999,3.0
BOPA,2022,Avril,4,143.27499999999998,6.0
BOPA,2022,Mai,5,113.67500000000001,4.0
BOPA,2022,Juin,6,110.875,6.0
BOPA,2022,Juillet,7,0.0,0.0
BOPA,2022,Août,8,47.224999999999994,3.0
BOPA,2022,Septembre,9,126.46666666666667,8.0
BOPA,2022,Octobre,10,232.0,12.0
BOPA,2022,Novembre,11,115.23333333333333,7.0
BOPA,2022,Décembre,12,4.9,1.0
COME,2022,Janvier,1,0.0,0.0
COME,2022,Février,2,0.0,0.0
COME,2022,Mars,3,29.333333333333332,1.0
COME,2022,Avril,4,180.66666666666666,10.0
COME,2022,Mai,5,101.309375,8.0
COME,2022,Juin,6,173.33333333333334,9.0
COME,2022,Juillet,7,4.0,1.0
COME,2022,Août,8,34.666666666666664,4.0
COME,2022,Septembre,9,145.83333333333334,13.0
COME,2022,Octobre,10,132.5,8.0
COME,2022,Novembre,11,72.5,4.0
COME,2022,Décembre,12,2.3333333333333335,1.0
GRAND-POPO,2022,Janvier,1,0.0,0.0
GRAND-POPO,2022,Février,2,0.0,0.0
GRAND-POPO,2022,Mars,3,44.166666666666664,1.0
GRAND-POPO,2022,Avril,4,266.35,10.0
GRAND-POPO,2022,Mai,5,177.80000000000004,8.0
GRAND-POPO,2022,Juin,6,231.1,11.0
GRAND-POPO,2022,Juillet,7,6.333333333333333,1.0
GRAND-POPO,2022,Août,8,30.733333333333334,3.0
GRAND-POPO,2022,Septembre,9,90.03333333333333,11.0
GRAND-POPO,2022,Octobre,10,109.89999999999999,6.0
GRAND-POPO,2022,Novembre,11,62.13333333333333,5.0
GRAND-POPO,2022,Décembre,12,0.9800000000000001,1.0
HOUEYOGBE,2022,Janvier,1,2.5,1.0
HOUEYOGBE,2022,Février,2,1.6666666666666667,1.0
HOUEYOGBE,2022,Mars,3,68.93333333333334,2.0
HOUEYOGBE,2022,Avril,4,238.73333333333335,10.0
HOUEYOGBE,2022,Mai,5,122.43333333333334,6.0
HOUEYOGBE,2022,Juin,6,157.5,7.666666666666667
HOUEYOGBE,2022,Juillet,7,11.0,1.0
HOUEYOGBE,2022,Août,8,51.0,4.0
HOUEYOGBE,2022,Septembre,9,139.13333333333333,9.0
HOUEYOGBE,2022,Octobre,10,171.0,8.0
HOUEYOGBE,2022,Novembre,11,88.0,6.0
HOUEYOGBE,2022,Décembre,12,10.0,1.0
LOKOSSA,2022,Janvier,1,0.0,0.0
LOKOSSA,2022,Février,2,0.0,0.0
LOKOSSA,2022,Mars,3,0.16666666666666666,1.0
LOKOSSA,2022,Avril,4,103.3,6.0
LOKOSSA,2022,Mai,5,242.8,9.0
LOKOSSA,2022,Juin,6,152.35000000000002,9.0
LOKOSSA,2022,Juillet,7,34.4,2.0
LOKOSSA,2022,Août,8,36.1,5.0
LOKOSSA,2022,Septembre,9,110.95,11.0
LOKOSSA,2022,Octobre,10,189.63333333333333,11.0
LOKOSSA,2022,Novembre,11,70.7,5.0
LOKOSSA,2022,Décembre,12,0.0,0.0
APLAHOUE,2022,Janvier,1,0.0,0.0
APLAHOUE,2022,Février,2,0.0,0.0
APLAHOUE,2022,Mars,3,57.2,5.0
APLAHOUE,2022,Avril,4,163.66250000000002,9.0
APLAHOUE,2022,Mai,5,198.5,8.0
APLAHOUE,2022,Juin,6,178.4375,10.0
APLAHOUE,2022,Juillet,7,38.325,5.0
APLAHOUE,2022,Août,8,48.21000000000001,6.0
APLAHOUE,2022,Septembre,9,154.45125,8.0
APLAHOUE,2022,Octobre,10,102.5875,7.0
APLAHOUE,2022,Novembre,11,32.875,4.0
APLAHOUE,2022,Décembre,12,2.6875,1.0
DJAKOTOMEY,2022,Janvier,1,0.0,0.0
DJAKOTOMEY,2022,Février,2,0.0,0.0
DJAKOTOMEY,2022,Mars,3,24.333333333333332,3.0
DJAKOTOMEY,2022,Avril,4,155.16666666666669,11.0
DJAKOTOMEY,2022,Mai,5,238.16666666666666,11.0
DJAKOTOMEY,2022,Juin,6,237.16666666666663,12.0
DJAKOTOMEY,2022,Juillet,7,39.416666666666664,5.0
DJAKOTOMEY,2022,Août,8,33.8,5.0
DJAKOTOMEY,2022,Septembre,9,121.41666666666666,12.0
DJAKOTOMEY,2022,Octobre,10,119.08333333333334,8.0
DJAKOTOMEY,2022,Novembre,11,192.33333333333334,5.0
DJAKOTOMEY,2022,Décembre,12,4.0,1.0
DOGBO,2022,Janvier,1,0.0,0.0
DOGBO,2022,Février,2,0.0,0.0
DOGBO,2022,Mars,3,0.8,1.0
DOGBO,2022,Avril,4,129.14,10.0
DOGBO,2022,Mai,5,190.01999999999998,9.0
DOGBO,2022,Juin,6,207.16000000000003,10.0
DOGBO,2022,Juillet,7,12.24,3.0
DOGBO,2022,Août,8,40.9,6.0
DOGBO,2022,Septembre,9,180.20000000000002,10.0
DOGBO,2022,Octobre,10,99.44,5.0
DOGBO,2022,Novembre,11,21.400000000000002,3.0
DOGBO,2022,Décembre,12,0.0,1.0
KLOUEKANME,2022,Janvier,1,0.0,0.0
KLOUEKANME,2022,Février,2,5.714285714285714,1.0
KLOUEKANME,2022,Mars,3,20.857142857142858,3.0
KLOUEKANME,2022,Avril,4,155.1142857142857,11.0
KLOUEKANME,2022,Mai,5,215.07142857142856,10.0
KLOUEKANME,2022,Juin,6,211.05714285714288,22.0
KLOUEKANME,2022,Juillet,7,56.17142857142858,5.0
KLOUEKANME,2022,Août,8,37.98571428571428,6.0
KLOUEKANME,2022,Septembre,9,156.32857142857145,11.0
KLOUEKANME,2022,Octobre,10,110.38571428571429,8.0
KLOUEKANME,2022,Novembre,11,36.42857142857143,5.0
KLOUEKANME,2022,Décembre,12,1.3571428571428572,1.0
LALO,2022,Janvier,1,0.0,0.0
LALO,2022,Février,2,0.0,0.0
LALO,2022,Mars,3,1.35,1.0
LALO,2022,Avril,4,76.35,7.0
LALO,2022,Mai,5,133.1,7.0
LALO,2022,Juin,6,196.075,11.0
LALO,2022,Juillet,7,12.625,3.0
LALO,2022,Août,8,22.625,4.0
LALO,2022,Septembre,9,68.475,8.0
LALO,2022,Octobre,10,52.15,63.0
LALO,2022,Novembre,11,40.75,3.0
LALO,2022,Décembre,12,0.0,0.0
TOVIKLIN,2022,Janvier,1,0.0,0.0
TOVIKLIN,2022,Février,2,0.0,0.0
TOVIKLIN,2022,Mars,3,11.82,2.0
TOVIKLIN,2022,Avril,4,148.86,6.0
TOVIKLIN,2022,Mai,5,231.27999999999997,9.0
TOVIKLIN,2022,Juin,6,283.74,9.0
TOVIKLIN,2022,Juillet,7,20.98,2.0
TOVIKLIN,2022,Août,8,23.8,4.0
TOVIKLIN,2022,Septembre,9,114.12,8.0
TOVIKLIN,2022,Octobre,10,141.18,8.0
TOVIKLIN,2022,Novembre,11,34.3,4.0
TOVIKLIN,2022,Décembre,12,5.2,1.0
ADJARRA,2022,Janvier,1,0.0,0.0
ADJARRA,2022,Février,2,0.0,0.0
ADJARRA,2022,Mars,3,61.25,2.5
ADJARRA,2022,Avril,4,282.75,10.5
ADJARRA,2022,Mai,5,141.0,6.5
ADJARRA,2022,Juin,6,227.0,11.0
ADJARRA,2022,Juillet,7,70.0,5.5
ADJARRA,2022,Août,8,29.5,3.0
ADJARRA,2022,Septembre,9,296.5,15.5
ADJARRA,2022,Octobre,10,205.25,11.5
ADJARRA,2022,Novembre,11,140.25,9.5
ADJARRA,2022,Décembre,12,15.0,1.5
ADJOHOUN,2022,Janvier,1,0.0,0.0
ADJOHOUN,2022,Février,2,0.0,0.0
ADJOHOUN,2022,Mars,3,91.39999999999999,2.0
ADJOHOUN,2022,Avril,4,225.86666666666667,9.0
ADJOHOUN,2022,Mai,5,124.53333333333335,4.333333333333333
ADJOHOUN,2022,Juin,6,128.83333333333334,11.0
ADJOHOUN,2022,Juillet,7,41.833333333333336,4.333333333333333
ADJOHOUN,2022,Août,8,55.4,7.0
ADJOHOUN,2022,Septembre,9,193.06666666666666,15.0
ADJOHOUN,2022,Octobre,10,151.0666666666667,11.333333333333334
ADJOHOUN,2022,Novembre,11,70.3,7.666666666666667
ADJOHOUN,2022,Décembre,12,0.9,0.3333333333333333
AGUEGUES,2022,Janvier,1,1.6,1.0
AGUEGUES,2022,Février,2,5.6,1.0
AGUEGUES,2022,Mars,3,69.6,3.0
AGUEGUES,2022,Avril,4,482.40000000000003,11.0
AGUEGUES,2022,Mai,5,134.5,9.0
AGUEGUES,2022,Juin,6,256.0,10.0
AGUEGUES,2022,Juillet,7,81.0,6.0
AGUEGUES,2022,Août,8,23.3,4.0
AGUEGUES,2022,Septembre,9,269.1,15.0
AGUEGUES,2022,Octobre,10,324.4,12.0
AGUEGUES,2022,Novembre,11,98.0,6.0
AGUEGUES,2022,Décembre,12,1.7,1.0
AKPRO-MISSERETE,2022,Janvier,1,0.0,0.0
AKPRO-MISSERETE,2022,Février,2,0.0,0.0
AKPRO-MISSERETE,2022,Mars,3,28.0,2.0
AKPRO-MISSERETE,2022,Avril,4,319.0,12.5
AKPRO-MISSERETE,2022,Mai,5,111.0,6.5
AKPRO-MISSERETE,2022,Juin,6,238.5,13.0
AKPRO-MISSERETE,2022,Juillet,7,63.5,6.5
AKPRO-MISSERETE,2022,Août,8,38.25,4.5
AKPRO-MISSERETE,2022,Septembre,9,247.85,16.5
AKPRO-MISSERETE,2022,Octobre,10,217.75,14.5
AKPRO-MISSERETE,2022,Novembre,11,65.35,8.5
AKPRO-MISSERETE,2022,Décembre,12,1.75,0.5
AVRANKOU,2022,Janvier,1,0.0,0.0
AVRANKOU,2022,Février,2,0.0,0.0
AVRANKOU,2022,Mars,3,58.25,1.5
AVRANKOU,2022,Avril,4,189.40499999999997,7.5
AVRANKOU,2022,Mai,5,146.75,7.0
AVRANKOU,2022,Juin,6,165.2,11.5
AVRANKOU,2022,Juillet,7,69.5,5.5
AVRANKOU,2022,Août,8,46.3,5.0
AVRANKOU,2022,Septembre,9,298.8,13.5
AVRANKOU,2022,Octobre,10,227.35,12.5
AVRANKOU,2022,Novembre,11,166.14999999999998,10.0
AVRANKOU,2022,Décembre,12,7.95,2.5
BONOU,2022,Janvier,1,0.0,0.0
BONOU,2022,Février,2,15.275,0.5
BONOU,2022,Mars,3,70.025,1.5
BONOU,2022,Avril,4,203.025,5.0
BONOU,2022,Mai,5,143.25,5.0
BONOU,2022,Juin,6,156.325,8.0
BONOU,2022,Juillet,7,32.025,2.0
BONOU,2022,Août,8,55.775,2.0
BONOU,2022,Septembre,9,87.3,6.5
BONOU,2022,Octobre,10,83.725,5.0
BONOU,2022,Novembre,11,5.5,0.5
BONOU,2022,Décembre,12,7.25,1.0
DANGBO,2022,Janvier,1,0.0,0.0
DANGBO,2022,Février,2,0.0,0.0
DANGBO,2022,Mars,3,79.65,3.0
DANGBO,2022,Avril,4,211.05,7.0
DANGBO,2022,Mai,5,104.0,5.0
DANGBO,2022,Juin,6,193.5,9.5
DANGBO,2022,Juillet,7,40.8,4.0
DANGBO,2022,Août,8,42.65,5.0
DANGBO,2022,Septembre,9,129.75,12.0
DANGBO,2022,Octobre,10,214.55,13.0
DANGBO,2022,Novembre,11,80.85,12.5
DANGBO,2022,Décembre,12,18.85,4.0
PORTO-NOVO,2022,Janvier,1,6.25,1.0
PORTO-NOVO,2022,Février,2,0.0,0.0
PORTO-NOVO,2022,Mars,3,20.25,1.0
PORTO-NOVO,2022,Avril,4,252.25,7.5
PORTO-NOVO,2022,Mai,5,154.0,7.5
PORTO-NOVO,2022,Juin,6,241.5,11.0
PORTO-NOVO,2022,Juillet,7,79.75,4.0
PORTO-NOVO,2022,Août,8,24.25,3.0
PORTO-NOVO,2022,Septembre,9,294.25,12.0
PORTO-NOVO,2022,Octobre,10,195.75,9.0
PORTO-NOVO,2022,Novembre,11,106.0,9.0
PORTO-NOVO,2022,Décembre,12,20.5,2.0
SEME-PODJI,2022,Janvier,1,0.7,0.5
SEME-PODJI,2022,Février,2,0.0,0.0
SEME-PODJI,2022,Mars,3,64.7,1.0
SEME-PODJI,2022,Avril,4,291.2,8.0
SEME-PODJI,2022,Mai,5,158.25,7.0
SEME-PODJI,2022,Juin,6,419.35,11.0
SEME-PODJI,2022,Juillet,7,124.85,4.5
SEME-PODJI,2022,Août,8,29.9,3.5
SEME-PODJI,2022,Septembre,9,270.20000000000005,9.5
SEME-PODJI,2022,Octobre,10,217.95,8.5
SEME-PODJI,2022,Novembre,11,178.8,6.0
SEME-PODJI,2022,Décembre,12,21.7,1.0
ADJA-OUERE,2022,Janvier,1,0.0,0.0
ADJA-OUERE,2022,Février,2,1.0,0.25
ADJA-OUERE,2022,Mars,3,81.75,3.0
ADJA-OUERE,2022,Avril,4,261.65,6.5
ADJA-OUERE,2022,Mai,5,156.11999999999998,7.2
ADJA-OUERE,2022,Juin,6,279.41999999999996,10.4
ADJA-OUERE,2022,Juillet,7,50.14,3.0
ADJA-OUERE,2022,Août,8,86.92,5.2
ADJA-OUERE,2022,Septembre,9,186.7,8.799999999999999
ADJA-OUERE,2022,Octobre,10,247.21999999999997,9.6
ADJA-OUERE,2022,Novembre,11,52.94,2.8
ADJA-OUERE,2022,Décembre,12,9.5,0.6
IFANGNI,2022,Janvier,1,0.0,0.0
IFANGNI,2022,Février,2,0.0,0.0
IFANGNI,2022,Mars,3,82.75,3.75
IFANGNI,2022,Avril,4,212.125,9.0
IFANGNI,2022,Mai,5,91.75,5.25
IFANGNI,2022,Juin,6,149.125,9.5
IFANGNI,2022,Juillet,7,109.5,4.5
IFANGNI,2022,Août,8,50.875,4.5
IFANGNI,2022,Septembre,9,221.125,12.5
IFANGNI,2022,Octobre,10,280.625,10.75
IFANGNI,2022,Novembre,11,118.375,7.0
IFANGNI,2022,Décembre,12,0.625,0.5
KETOU,2022,Janvier,1,0.0,0.0
KETOU,2022,Février,2,30.2,1.4
KETOU,2022,Mars,3,66.1,3.2
KETOU,2022,Avril,4,123.4,6.6
KETOU,2022,Mai,5,115.3,5.8
KETOU,2022,Juin,6,256.6,11.6
KETOU,2022,Juillet,7,33.6,3.2
KETOU,2022,Août,8,83.0,5.4
KETOU,2022,Septembre,9,171.5,10.6
KETOU,2022,Octobre,10,123.1,9.0
KETOU,2022,Novembre,11,46.5,2.4
KETOU,2022,Décembre,12,0.2,0.2
POBE,2022,Janvier,1,0.0,0.0
POBE,2022,Février,2,17.375,2.25
POBE,2022,Mars,3,51.25,5.25
POBE,2022,Avril,4,212.25,6.5
POBE,2022,Mai,5,65.25,4.75
POBE,2022,Juin,6,259.5,11.75
POBE,2022,Juillet,7,26.25,3.5
POBE,2022,Août,8,50.125,4.0
POBE,2022,Septembre,9,87.0,6.25
POBE,2022,Octobre,10,145.5,7.75
POBE,2022,Novembre,11,24.5,2.25
POBE,2022,Décembre,12,0.0,0.0
SAKETE,2022,Janvier,1,0.0,0.0
SAKETE,2022,Février,2,0.0,0.0
SAKETE,2022,Mars,3,50.06,3.6
SAKETE,2022,Avril,4,191.06,7.4
SAKETE,2022,Mai,5,124.88,6.2
SAKETE,2022,Juin,6,160.07999999999998,11.0
SAKETE,2022,Juillet,7,69.44,6.0
SAKETE,2022,Août,8,65.16000000000001,6.0
SAKETE,2022,Septembre,9,162.72000000000003,11.4
SAKETE,2022,Octobre,10,241.6,12.8
SAKETE,2022,Novembre,11,49.62,4.4
SAKETE,2022,Décembre,12,0.1,0.2
ABOMEY-CALAVI,2022,Janvier,1,8.5,0.5
ABOMEY-CALAVI,2022,Février,2,0.0,0.0
ABOMEY-CALAVI,2022,Mars,3,27.5,1.5
ABOMEY-CALAVI,2022,Avril,4,223.5,8.5
ABOMEY-CALAVI,2022,Mai,5,138.5,5.0
ABOMEY-CALAVI,2022,Juin,6,194.0,6.5
ABOMEY-CALAVI,2022,Juillet,7,9.0,1.0
ABOMEY-CALAVI,2022,Août,8,38.5,2.0
ABOMEY-CALAVI,2022,Septembre,9,121.5,7.5
ABOMEY-CALAVI,2022,Octobre,10,116.5,7.5
ABOMEY-CALAVI,2022,Novembre,11,72.0,4.0
ABOMEY-CALAVI,2022,Décembre,12,7.5,0.5
ALLADA,2022,Janvier,1,0.0,0.0
ALLADA,2022,Février,2,10.5,1.0
ALLADA,2022,Mars,3,49.5,3.0
ALLADA,2022,Avril,4,193.5,7.5
ALLADA,2022,Mai,5,165.5,5.5
ALLADA,2022,Juin,6,200.0,9.5
ALLADA,2022,Juillet,7,24.5,3.0
ALLADA,2022,Août,8,82.0,6.5
ALLADA,2022,Septembre,9,132.0,8.5
ALLADA,2022,Octobre,10,343.5,14.0
ALLADA,2022,Novembre,11,174.5,7.0
ALLADA,2022,Décembre,12,55.0,1.5
KPOMASSE,2022,Janvier,1,0.0,0.0
KPOMASSE,2022,Février,2,2.0,0.5
KPOMASSE,2022,Mars,3,51.0,2.0
KPOMASSE,2022,Avril,4,253.0,9.5
KPOMASSE,2022,Mai,5,139.5,5.0
KPOMASSE,2022,Juin,6,183.5,8.0
KPOMASSE,2022,Juillet,7,19.0,1.5
KPOMASSE,2022,Août,8,51.0,4.0
KPOMASSE,2022,Septembre,9,127.0,7.0
KPOMASSE,2022,Octobre,10,145.5,7.5
KPOMASSE,2022,Novembre,11,123.5,5.0
KPOMASSE,2022,Décembre,12,35.0,1.0
OUIDAH,2022,Janvier,1,0.0,0.0
OUIDAH,2022,Février,2,0.0,0.0
OUIDAH,2022,Mars,3,55.8,2.5
OUIDAH,2022,Avril,4,234.0,13.0
OUIDAH,2022,Mai,5,167.4,10.5
OUIDAH,2022,Juin,6,211.6,14.0
OUIDAH,2022,Juillet,7,53.9,4.5
OUIDAH,2022,Août,8,33.0,5.0
OUIDAH,2022,Septembre,9,84.05,14.0
OUIDAH,2022,Octobre,10,155.0,9.5
OUIDAH,2022,Novembre,11,148.65,9.0
OUIDAH,2022,Décembre,12,2.0,1.0
SO-AVA,2022,Janvier,1,0.0,0.0
SO-AVA,2022,Février,2,0.0,0.0
SO-AVA,2022,Mars,3,42.5,2.0
SO-AVA,2022,Avril,4,258.0,9.5
SO-AVA,2022,Mai,5,131.5,6.0
SO-AVA,2022,Juin,6,223.5,10.5
SO-AVA,2022,Juillet,7,13.0,3.0
SO-AVA,2022,Août,8,23.5,3.5
SO-AVA,2022,Septembre,9,96.0,8.5
SO-AVA,2022,Octobre,10,92.5,5.5
SO-AVA,2022,Novembre,11,59.0,5.0
SO-AVA,2022,Décembre,12,0.0,0.0
TOFFO,2022,Janvier,1,0.0,0.0
TOFFO,2022,Février,2,9.0,1.0
TOFFO,2022,Mars,3,71.0,2.5
TOFFO,2022,Avril,4,201.5,7.5
TOFFO,2022,Mai,5,224.0,7.0
TOFFO,2022,Juin,6,309.0,10.5
TOFFO,2022,Juillet,7,58.5,2.0
TOFFO,2022,Août,8,74.0,2.5
TOFFO,2022,Septembre,9,229.5,7.5
TOFFO,2022,Octobre,10,400.5,13.0
TOFFO,2022,Novembre,11,105.0,3.5
TOFFO,2022,Décembre,12,0.0,0.0
TORI-BOSSITO,2022,Janvier,1,11.5,2.0
TORI-BOSSITO,2022,Février,2,5.0,0.5
TORI-BOSSITO,2022,Mars,3,42.0,3.0
TORI-BOSSITO,2022,Avril,4,161.5,8.0
TORI-BOSSITO,2022,Mai,5,158.0,6.5
TORI-BOSSITO,2022,Juin,6,153.5,9.5
TORI-BOSSITO,2022,Juillet,7,32.0,3.5
TORI-BOSSITO,2022,Août,8,53.5,5.0
TORI-BOSSITO,2022,Septembre,9,139.0,10.0
TORI-BOSSITO,2022,Octobre,10,139.5,10.5
TORI-BOSSITO,2022,Novembre,11,113.0,10.0
TORI-BOSSITO,2022,Décembre,12,30.0,1.0
ZE,2022,Janvier,1,0.0,0.0
ZE,2022,Février,2,0.0,0.0
ZE,2022,Mars,3,46.5,3.0
ZE,2022,Avril,4,116.5,4.5
ZE,2022,Mai,5,126.5,4.0
ZE,2022,Juin,6,132.5,6.5
ZE,2022,Juillet,7,125.5,4.5
ZE,2022,Août,8,90.5,5.0
ZE,2022,Septembre,9,84.0,6.0
ZE,2022,Octobre,10,403.0,12.0
ZE,2022,Novembre,11,58.5,6.0
ZE,2022,Décembre,12,44.0,1.0
COTONOU,2022,Janvier,1,0.0,0.0
COTONOU,2022,Février,2,20.733333333333334,0.6666666666666666
COTONOU,2022,Mars,3,62.036666666666676,3.3333333333333335
COTONOU,2022,Avril,4,133.15333333333334,10.666666666666668
COTONOU,2022,Mai,5,84.43333333333334,8.333333333333332
COTONOU,2022,Juin,6,180.40333333333336,10.333333333333334
COTONOU,2022,Juillet,7,30.96666666666667,3.6666666666666665
COTONOU,2022,Août,8,16.833333333333332,2.0
COTONOU,2022,Septembre,9,214.38,10.666666666666668
COTONOU,2022,Octobre,10,100.81666666666666,7.666666666666666
COTONOU,2022,Novembre,11,26.883333333333333,4.666666666666667
COTONOU,2022,Décembre,12,0.0,0.0
BEMBEREKE,2023,Janvier,1,0.0,0.0
BEMBEREKE,2023,Février,2,0.0,0.0
BEMBEREKE,2023,Mars,3,0.0,0.0
BEMBEREKE,2023,Avril,4,77.225,4.0
BEMBEREKE,2023,Mai,5,82.225,5.0
BEMBEREKE,2023,Juin,6,240.75,12.0
BEMBEREKE,2023,Juillet,7,160.675,9.0
BEMBEREKE,2023,Août,8,362.29999999999995,15.0
BEMBEREKE,2023,Septembre,9,221.95,12.0
BEMBEREKE,2023,Octobre,10,125.75,5.0
BEMBEREKE,2023,Novembre,11,0.0,0.0
BEMBEREKE,2023,Décembre,12,1270.875,62.0
KALALE,2023,Janvier,1,0.0,0.0
KALALE,2023,Février,2,0.0,0.0
KALALE,2023,Mars,3,0.0,0.0
KALALE,2023,Avril,4,49.15,4.0
KALALE,2023,Mai,5,55.16666666666667,5.0
KALALE,2023,Juin,6,212.05,10.0
KALALE,2023,Juillet,7,215.19999999999996,13.0
KALALE,2023,Août,8,276.4166666666667,13.0
KALALE,2023,Septembre,9,195.26666666666665,13.0
KALALE,2023,Octobre,10,141.58333333333331,5.0
KALALE,2023,Novembre,11,0.0,0.0
KALALE,2023,Décembre,12,1144.8333333333333,63.0
N'DALI,2023,Janvier,1,0.0,0.0
N'DALI,2023,Février,2,0.0,0.0
N'DALI,2023,Mars,3,11.75,2.0
N'DALI,2023,Avril,4,64.0,5.0
N'DALI,2023,Mai,5,74.8,6.0
N'DALI,2023,Juin,6,156.175,11.0
N'DALI,2023,Juillet,7,242.9,12.0
N'DALI,2023,Août,8,291.15,14.0
N'DALI,2023,Septembre,9,166.25,13.0
N'DALI,2023,Octobre,10,133.0,5.0
N'DALI,2023,Novembre,11,0.0,0.0
N'DALI,2023,Décembre,12,1140.025,68.0
NIKKI,2023,Janvier,1,0.0,0.0
NIKKI,2023,Février,2,0.0,0.0
NIKKI,2023,Mars,3,19.599999999999998,1.0
NIKKI,2023,Avril,4,58.266666666666666,2.0
NIKKI,2023,Mai,5,109.56666666666666,6.0
NIKKI,2023,Juin,6,117.19999999999999,8.0
NIKKI,2023,Juillet,7,262.0333333333333,14.0
NIKKI,2023,Août,8,222.63333333333333,13.0
NIKKI,2023,Septembre,9,138.63333333333333,12.0
NIKKI,2023,Octobre,10,157.5,7.0
NIKKI,2023,Novembre,11,0.0,0.0
NIKKI,2023,Décembre,12,1085.4333333333334,63.0
PARAKOU,2023,Janvier,1,0.0,0.0
PARAKOU,2023,Février,2,6.2,1.0
PARAKOU,2023,Mars,3,41.6575,3.0
PARAKOU,2023,Avril,4,97.88250000000001,4.0
PARAKOU,2023,Mai,5,59.8,5.0
PARAKOU,2023,Juin,6,104.65,9.0
PARAKOU,2023,Juillet,7,163.475,11.0
PARAKOU,2023,Août,8,206.075,10.0
PARAKOU,2023,Septembre,9,219.16499999999996,10.0
PARAKOU,2023,Octobre,10,236.425,11.0
PARAKOU,2023,Novembre,11,0.0,0.0
PARAKOU,2023,Décembre,12,1135.33,64.0
PERERE,2023,Janvier,1,0.0,0.0
PERERE,2023,Février,2,0.0,0.0
PERERE,2023,Mars,3,8.425,1.0
PERERE,2023,Avril,4,52.074999999999996,3.0
PERERE,2023,Mai,5,97.55,6.0
PERERE,2023,Juin,6,177.1,9.0
PERERE,2023,Juillet,7,325.6,13.0
PERERE,2023,Août,8,357.77500000000003,13.0
PERERE,2023,Septembre,9,258.4,11.0
PERERE,2023,Octobre,10,117.25,6.0
PERERE,2023,Novembre,11,0.0,0.0
PERERE,2023,Décembre,12,1394.1750000000002,62.0
SINENDE,2023,Janvier,1,0.0,0.0
SINENDE,2023,Février,2,0.0,0.0
SINENDE,2023,Mars,3,0.0,0.0
SINENDE,2023,Avril,4,119.9,4.0
SINENDE,2023,Mai,5,93.5,4.0
SINENDE,2023,Juin,6,222.6,9.0
SINENDE,2023,Juillet,7,232.65,8.0
SINENDE,2023,Août,8,314.95,15.0
SINENDE,2023,Septembre,9,218.125,9.0
SINENDE,2023,Octobre,10,178.625,5.0
SINENDE,2023,Novembre,11,0.0,0.0
SINENDE,2023,Décembre,12,1380.35,54.0
TCHAOUROU,2023,Janvier,1,9.825,1.0
TCHAOUROU,2023,Février,2,0.0,0.0
TCHAOUROU,2023,Mars,3,17.075000000000003,3.0
TCHAOUROU,2023,Avril,4,156.735,8.0
TCHAOUROU,2023,Mai,5,147.775,7.0
TCHAOUROU,2023,Juin,6,177.925,10.0
TCHAOUROU,2023,Juillet,7,234.05,11.0
TCHAOUROU,2023,Août,8,185.325,12.0
TCHAOUROU,2023,Septembre,9,200.625,12.0
TCHAOUROU,2023,Octobre,10,208.75,7.0
TCHAOUROU,2023,Novembre,11,0.0,0.0
TCHAOUROU,2023,Décembre,12,1338.085,71.0
BANIKOARA,2023,Janvier,1,0.0,0.0
BANIKOARA,2023,Février,2,0.0,0.0
BANIKOARA,2023,Mars,3,4.166666666666667,1.0
BANIKOARA,2023,Avril,4,4.833333333333333,1.0
BANIKOARA,2023,Mai,5,11.23076923076923,2.0
BANIKOARA,2023,Juin,6,96.93589743589746,7.0
BANIKOARA,2023,Juillet,7,184.73461538461538,12.0
BANIKOARA,2023,Août,8,281.6038461538462,17.0
BANIKOARA,2023,Septembre,9,157.45384615384614,12.0
BANIKOARA,2023,Octobre,10,47.57692307692308,4.0
BANIKOARA,2023,Novembre,11,0.0,0.0
BANIKOARA,2023,Décembre,12,788.5358974358975,56.0
GOGOUNOU,2023,Janvier,1,0.0,0.0
GOGOUNOU,2023,Février,2,0.0,0.0
GOGOUNOU,2023,Mars,3,4.0,1.0
GOGOUNOU,2023,Avril,4,26.891666666666666,3.0
GOGOUNOU,2023,Mai,5,120.375,4.0
GOGOUNOU,2023,Juin,6,191.48,10.0
GOGOUNOU,2023,Juillet,7,172.015,9.0
GOGOUNOU,2023,Août,8,305.56499999999994,16.0
GOGOUNOU,2023,Septembre,9,217.145,15.0
GOGOUNOU,2023,Octobre,10,24.33,3.0
GOGOUNOU,2023,Novembre,11,0.0,0.0
GOGOUNOU,2023,Décembre,12,1061.8016666666665,61.0
KANDI,2023,Janvier,1,0.0,0.0
KANDI,2023,Février,2,0.0,0.0
KANDI,2023,Mars,3,3.1875,1.0
KANDI,2023,Avril,4,13.375,3.0
KANDI,2023,Mai,5,49.4375,2.0
KANDI,2023,Juin,6,101.08295454545456,6.0
KANDI,2023,Juillet,7,123.81,11.0
KANDI,2023,Août,8,375.3583333333333,19.0
KANDI,2023,Septembre,9,199.69583333333333,15.0
KANDI,2023,Octobre,10,38.07727272727273,4.0
KANDI,2023,Novembre,11,0.0,0.0
KANDI,2023,Décembre,12,904.024393939394,61.0
KARIMAMA,2023,Janvier,1,0.0,0.0
KARIMAMA,2023,Février,2,0.0,0.0
KARIMAMA,2023,Mars,3,4.0,1.0
KARIMAMA,2023,Avril,4,0.0,0.0
KARIMAMA,2023,Mai,5,16.0,1.0
KARIMAMA,2023,Juin,6,152.56,6.0
KARIMAMA,2023,Juillet,7,62.06,8.0
KARIMAMA,2023,Août,8,249.46,14.0
KARIMAMA,2023,Septembre,9,103.6,8.0
KARIMAMA,2023,Octobre,10,28.64,3.0
KARIMAMA,2023,Novembre,11,0.0,0.0
KARIMAMA,2023,Décembre,12,616.32,41.0
MALANVILLE,2023,Janvier,1,0.0,0.0
MALANVILLE,2023,Février,2,0.0,0.0
MALANVILLE,2023,Mars,3,10.5,1.0
MALANVILLE,2023,Avril,4,0.0,0.0
MALANVILLE,2023,Mai,5,28.625,3.0
MALANVILLE,2023,Juin,6,149.96666666666667,7.0
MALANVILLE,2023,Juillet,7,136.90666666666667,12.0
MALANVILLE,2023,Août,8,362.4166666666667,16.0
MALANVILLE,2023,Septembre,9,183.94166666666666,15.0
MALANVILLE,2023,Octobre,10,56.93333333333334,3.0
MALANVILLE,2023,Novembre,11,0.0,0.0
MALANVILLE,2023,Décembre,12,929.29,57.0
SEGBANA,2023,Janvier,1,0.0,0.0
SEGBANA,2023,Février,2,0.0,0.0
SEGBANA,2023,Mars,3,7.166666666666666,2.0
SEGBANA,2023,Avril,4,15.466666666666665,2.0
SEGBANA,2023,Mai,5,39.6,5.0
SEGBANA,2023,Juin,6,135.93424242424243,9.0
SEGBANA,2023,Juillet,7,244.59090909090912,13.0
SEGBANA,2023,Août,8,289.18181818181824,15.0
SEGBANA,2023,Septembre,9,166.73636363636365,12.0
SEGBANA,2023,Octobre,10,42.09090909090909,3.0
SEGBANA,2023,Novembre,11,0.0,0.0
SEGBANA,2023,Décembre,12,940.7675757575759,61.0
BOUKOUMBE,2023,Janvier,1,0.0,0.0
BOUKOUMBE,2023,Février,2,0.0,0.0
BOUKOUMBE,2023,Mars,3,8.8,1.0
BOUKOUMBE,2023,Avril,4,58.3,5.0
BOUKOUMBE,2023,Mai,5,99.0,6.0
BOUKOUMBE,2023,Juin,6,102.0,5.0
BOUKOUMBE,2023,Juillet,7,211.0,7.0
BOUKOUMBE,2023,Août,8,371.0,15.0
BOUKOUMBE,2023,Septembre,9,302.0,13.0
BOUKOUMBE,2023,Octobre,10,111.0,7.0
BOUKOUMBE,2023,Novembre,11,0.0,0.0
BOUKOUMBE,2023,Décembre,12,1263.1,59.0
COBLY,2023,Janvier,1,0.0,0.0
COBLY,2023,Février,2,0.0,0.0
COBLY,2023,Mars,3,0.0,0.0
COBLY,2023,Avril,4,4.5,0.5
COBLY,2023,Mai,5,88.0,6.0
COBLY,2023,Juin,6,83.65,3.5
COBLY,2023,Juillet,7,140.0,9.5
COBLY,2023,Août,8,350.05,17.0
COBLY,2023,Septembre,9,264.75,15.0
COBLY,2023,Octobre,10,125.8,9.5
COBLY,2023,Novembre,11,0.0,0.0
COBLY,2023,Décembre,12,1056.75,61.0
KEROU,2023,Janvier,1,0.0,0.0
KEROU,2023,Février,2,0.0,0.0
KEROU,2023,Mars,3,22.0,1.5
KEROU,2023,Avril,4,24.6,2.0
KEROU,2023,Mai,5,46.550000000000004,3.5
KEROU,2023,Juin,6,163.5,9.5
KEROU,2023,Juillet,7,213.675,12.0
KEROU,2023,Août,8,343.735,17.5
KEROU,2023,Septembre,9,201.72500000000002,11.5
KEROU,2023,Octobre,10,54.85,5.5
KEROU,2023,Novembre,11,0.0,0.0
KEROU,2023,Décembre,12,1070.635,63.0
KOUANDE,2023,Janvier,1,0.0,0.0
KOUANDE,2023,Février,2,3.9,1.0
KOUANDE,2023,Mars,3,4.3,2.0
KOUANDE,2023,Avril,4,56.800000000000004,4.0
KOUANDE,2023,Mai,5,122.7,12.0
KOUANDE,2023,Juin,6,117.0,13.0
KOUANDE,2023,Juillet,7,222.3,14.0
KOUANDE,2023,Août,8,280.70000000000005,19.0
KOUANDE,2023,Septembre,9,207.6,17.0
KOUANDE,2023,Octobre,10,65.2,6.0
KOUANDE,2023,Novembre,11,0.0,0.0
KOUANDE,2023,Décembre,12,1080.5,88.0
MATERI,2023,Janvier,1,0.0,0.0
MATERI,2023,Février,2,0.0,0.0
MATERI,2023,Mars,3,12.5,0.75
MATERI,2023,Avril,4,31.6,3.0
MATERI,2023,Mai,5,65.85,5.0
MATERI,2023,Juin,6,87.17500000000001,5.25
MATERI,2023,Juillet,7,167.35,7.5
MATERI,2023,Août,8,361.45,16.75
MATERI,2023,Septembre,9,214.625,13.25
MATERI,2023,Octobre,10,71.6,6.5
MATERI,2023,Novembre,11,0.0,0.0
MATERI,2023,Décembre,12,1012.15,58.0
NATITINGOU,2023,Janvier,1,0.0,0.0
NATITINGOU,2023,Février,2,0.0,0.0
NATITINGOU,2023,Mars,3,12.0,4.0
NATITINGOU,2023,Avril,4,73.0,6.0
NATITINGOU,2023,Mai,5,111.0,6.0
NATITINGOU,2023,Juin,6,73.0,5.0
NATITINGOU,2023,Juillet,7,233.5,11.0
NATITINGOU,2023,Août,8,346.0,18.0
NATITINGOU,2023,Septembre,9,333.0,17.0
NATITINGOU,2023,Octobre,10,109.5,9.0
NATITINGOU,2023,Novembre,11,32.0,1.0
NATITINGOU,2023,Décembre,12,1323.0,77.0
PEHUNCO,2023,Janvier,1,0.0,0.0
PEHUNCO,2023,Février,2,0.0,0.0
PEHUNCO,2023,Mars,3,43.3,4.0
PEHUNCO,2023,Avril,4,22.6,1.0
PEHUNCO,2023,Mai,5,174.8,7.0
PEHUNCO,2023,Juin,6,132.0,7.0
PEHUNCO,2023,Juillet,7,215.7,10.0
PEHUNCO,2023,Août,8,369.8,16.0
PEHUNCO,2023,Septembre,9,226.0,14.0
PEHUNCO,2023,Octobre,10,31.1,3.0
PEHUNCO,2023,Novembre,11,0.0,0.0
PEHUNCO,2023,Décembre,12,1215.3,62.0
TANGUIETA,2023,Janvier,1,0.0,0.0
TANGUIETA,2023,Février,2,0.0,0.0
TANGUIETA,2023,Mars,3,0.0,0.0
TANGUIETA,2023,Avril,4,17.5,1.0
TANGUIETA,2023,Mai,5,84.0,5.0
TANGUIETA,2023,Juin,6,103.0,6.5
TANGUIETA,2023,Juillet,7,143.0,9.0
TANGUIETA,2023,Août,8,376.6,15.0
TANGUIETA,2023,Septembre,9,264.5,16.0
TANGUIETA,2023,Octobre,10,132.5,9.0
TANGUIETA,2023,Novembre,11,0.0,0.0
TANGUIETA,2023,Décembre,12,1121.1,61.5
TOUCOUNTOUNA,2023,Janvier,1,0.0,0.0
TOUCOUNTOUNA,2023,Février,2,0.0,0.0
TOUCOUNTOUNA,2023,Mars,3,13.0,1.0
TOUCOUNTOUNA,2023,Avril,4,131.0,6.0
TOUCOUNTOUNA,2023,Mai,5,97.0,5.0
TOUCOUNTOUNA,2023,Juin,6,100.0,5.0
TOUCOUNTOUNA,2023,Juillet,7,0.0,0.0
TOUCOUNTOUNA,2023,Août,8,321.0,12.0
TOUCOUNTOUNA,2023,Septembre,9,402.0,15.0
TOUCOUNTOUNA,2023,Octobre,10,44.0,3.0
TOUCOUNTOUNA,2023,Novembre,11,18.0,1.0
TOUCOUNTOUNA,2023,Décembre,12,1126.0,48.0
BASSILA,2023,Janvier,1,0.0,0.0
BASSILA,2023,Février,2,0.0,0.0
BASSILA,2023,Mars,3,18.95,3.0
BASSILA,2023,Avril,4,74.85000000000001,7.0
BASSILA,2023,Mai,5,124.13333333333334,7.0
BASSILA,2023,Juin,6,172.68333333333334,12.0
BASSILA,2023,Juillet,7,331.5,14.0
BASSILA,2023,Août,8,180.25,13.0
BASSILA,2023,Septembre,9,167.7,12.0
BASSILA,2023,Octobre,10,93.35,5.0
BASSILA,2023,Novembre,11,0.5,1.0
BASSILA,2023,Décembre,12,1163.9166666666665,74.0
COPARGO,2023,Janvier,1,0.9666666666666667,1.0
COPARGO,2023,Février,2,1.011111111111111,1.0
COPARGO,2023,Mars,3,35.895,5.0
COPARGO,2023,Avril,4,90.17916666666666,7.0
COPARGO,2023,Mai,5,101.97000000000001,6.0
COPARGO,2023,Juin,6,155.27777777777777,11.0
COPARGO,2023,Juillet,7,269.48333333333335,14.0
COPARGO,2023,Août,8,227.07777777777778,12.0
COPARGO,2023,Septembre,9,179.525,12.0
COPARGO,2023,Octobre,10,76.81428571428572,6.0
COPARGO,2023,Novembre,11,0.5,1.0
COPARGO,2023,Décembre,12,1138.7001190476192,76.0
DJOUGOU,2023,Janvier,1,0.0,0.0
DJOUGOU,2023,Février,2,0.0,0.0
DJOUGOU,2023,Mars,3,35.93333333333334,3.0
DJOUGOU,2023,Avril,4,116.66666666666667,6.0
DJOUGOU,2023,Mai,5,92.73333333333333,5.0
DJOUGOU,2023,Juin,6,143.1,10.0
DJOUGOU,2023,Juillet,7,254.13333333333333,13.0
DJOUGOU,2023,Août,8,246.0,12.0
DJOUGOU,2023,Septembre,9,189.35000000000002,8.0
DJOUGOU,2023,Octobre,10,53.7,6.0
DJOUGOU,2023,Novembre,11,0.0,0.0
DJOUGOU,2023,Décembre,12,1131.6166666666668,63.0
OUAKE,2023,Janvier,1,0.0,0.0
OUAKE,2023,Février,2,2.55,1.0
OUAKE,2023,Mars,3,61.96666666666667,3.0
OUAKE,2023,Avril,4,83.3,6.0
OUAKE,2023,Mai,5,80.75,0.7
OUAKE,2023,Juin,6,162.1,10.0
OUAKE,2023,Juillet,7,221.9,15.0
OUAKE,2023,Août,8,156.45,13.0
OUAKE,2023,Septembre,9,144.5,10.0
OUAKE,2023,Octobre,10,119.80000000000001,8.0
OUAKE,2023,Novembre,11,0.0,0.0
OUAKE,2023,Décembre,12,1033.3166666666666,66.7
ABOMEY,2023,Janvier,1,0.0,0.0
ABOMEY,2023,Février,2,12.0,1.0
ABOMEY,2023,Mars,3,58.66666666666667,4.0
ABOMEY,2023,Avril,4,81.66666666666667,5.0
ABOMEY,2023,Mai,5,81.66666666666667,5.0
ABOMEY,2023,Juin,6,94.66666666666667,7.0
ABOMEY,2023,Juillet,7,252.0,12.0
ABOMEY,2023,Août,8,94.66666666666666,8.0
ABOMEY,2023,Septembre,9,137.5,8.0
ABOMEY,2023,Octobre,10,150.33333333333334,10.0
ABOMEY,2023,Novembre,11,1.6666666666666667,1.0
ABOMEY,2023,Décembre,12,964.8333333333334,61.0
AGBANGNIZOUN,2023,Janvier,1,0.0,0.0
AGBANGNIZOUN,2023,Février,2,0.0,0.0
AGBANGNIZOUN,2023,Mars,3,61.0,3.0
AGBANGNIZOUN,2023,Avril,4,173.33333333333331,7.0
AGBANGNIZOUN,2023,Mai,5,173.33333333333331,7.0
AGBANGNIZOUN,2023,Juin,6,113.5,6.0
AGBANGNIZOUN,2023,Juillet,7,279.66666666666663,14.0
AGBANGNIZOUN,2023,Août,8,105.66666666666666,6.0
AGBANGNIZOUN,2023,Septembre,9,205.57333333333332,10.0
AGBANGNIZOUN,2023,Octobre,10,143.73333333333335,8.0
AGBANGNIZOUN,2023,Novembre,11,6.666666666666667,1.0
AGBANGNIZOUN,2023,Décembre,12,1262.4733333333334,62.0
BOHICON,2023,Janvier,1,0.0,0.0
BOHICON,2023,Février,2,27.5,2.0
BOHICON,2023,Mars,3,104.5,5.0
BOHICON,2023,Avril,4,132.0,6.0
BOHICON,2023,Mai,5,132.0,6.0
BOHICON,2023,Juin,6,129.0,7.0
BOHICON,2023,Juillet,7,307.0,13.0
BOHICON,2023,Août,8,103.0,7.0
BOHICON,2023,Septembre,9,206.95,10.0
BOHICON,2023,Octobre,10,212.66666666666666,11.0
BOHICON,2023,Novembre,11,8.0,1.0
BOHICON,2023,Décembre,12,1362.6166666666668,68.0
COVE,2023,Janvier,1,0.0,0.0
COVE,2023,Février,2,17.5,1.0
COVE,2023,Mars,3,40.8,3.0
COVE,2023,Avril,4,193.1,9.0
COVE,2023,Mai,5,193.1,9.0
COVE,2023,Juin,6,129.66666666666669,8.0
COVE,2023,Juillet,7,210.63333333333333,12.0
COVE,2023,Août,8,89.56666666666666,7.0
COVE,2023,Septembre,9,114.4,8.0
COVE,2023,Octobre,10,181.9333333333333,9.0
COVE,2023,Novembre,11,3.8000000000000003,1.0
COVE,2023,Décembre,12,1174.5,67.0
DJIDJA,2023,Janvier,1,0.0,0.0
DJIDJA,2023,Février,2,5.333333333333333,1.0
DJIDJA,2023,Mars,3,49.75,2.0
DJIDJA,2023,Avril,4,156.5,6.0
DJIDJA,2023,Mai,5,156.5,6.0
DJIDJA,2023,Juin,6,152.5,7.0
DJIDJA,2023,Juillet,7,286.25,13.0
DJIDJA,2023,Août,8,161.45833333333334,8.0
DJIDJA,2023,Septembre,9,200.0,9.0
DJIDJA,2023,Octobre,10,210.0,11.0
DJIDJA,2023,Novembre,11,15.680000000000001,2.0
DJIDJA,2023,Décembre,12,1393.9716666666668,65.0
OUINHI,2023,Janvier,1,0.0,0.0
OUINHI,2023,Février,2,12.5,1.0
OUINHI,2023,Mars,3,67.925,4.0
OUINHI,2023,Avril,4,117.425,8.0
OUINHI,2023,Mai,5,117.425,8.0
OUINHI,2023,Juin,6,130.925,7.5
OUINHI,2023,Juillet,7,245.10000000000002,12.0
OUINHI,2023,Août,8,113.925,8.0
OUINHI,2023,Septembre,9,168.1475,9.0
OUINHI,2023,Octobre,10,187.12499999999997,12.0
OUINHI,2023,Novembre,11,6.75,1.0
OUINHI,2023,Décembre,12,1167.2475,70.5
ZAGNANADO,2023,Janvier,1,0.0,0.0
ZAGNANADO,2023,Février,2,8.35,1.0
ZAGNANADO,2023,Mars,3,56.85,5.0
ZAGNANADO,2023,Avril,4,122.35,8.0
ZAGNANADO,2023,Mai,5,122.35,8.0
ZAGNANADO,2023,Juin,6,121.375,7.0
ZAGNANADO,2023,Juillet,7,306.84250000000003,13.0
ZAGNANADO,2023,Août,8,138.625,7.0
ZAGNANADO,2023,Septembre,9,147.35,8.0
ZAGNANADO,2023,Octobre,10,155.985,9.0
ZAGNANADO,2023,Novembre,11,8.0,1.0
ZAGNANADO,2023,Décembre,12,1188.0774999999999,67.0
ZA-KPOTA,2023,Janvier,1,0.0,0.0
ZA-KPOTA,2023,Février,2,10.666666666666666,1.0
ZA-KPOTA,2023,Mars,3,79.0,5.0
ZA-KPOTA,2023,Avril,4,139.33333333333334,6.0
ZA-KPOTA,2023,Mai,5,139.33333333333334,6.0
ZA-KPOTA,2023,Juin,6,103.66666666666667,5.0
ZA-KPOTA,2023,Juillet,7,221.33333333333334,10.0
ZA-KPOTA,2023,Août,8,145.33333333333331,7.0
ZA-KPOTA,2023,Septembre,9,162.5,8.0
ZA-KPOTA,2023,Octobre,10,212.99999999999997,10.0
ZA-KPOTA,2023,Novembre,11,12.666666666666666,1.0
ZA-KPOTA,2023,Décembre,12,1226.8333333333335,59.0
ZOGBODOMEY,2023,Janvier,1,0.0,0.0
ZOGBODOMEY,2023,Février,2,21.5,1.0
ZOGBODOMEY,2023,Mars,3,111.84,6.0
ZOGBODOMEY,2023,Avril,4,182.0,8.0
ZOGBODOMEY,2023,Mai,5,182.0,8.0
ZOGBODOMEY,2023,Juin,6,175.70833333333334,7.0
ZOGBODOMEY,2023,Juillet,7,290.875,11.0
ZOGBODOMEY,2023,Août,8,198.2,10.0
ZOGBODOMEY,2023,Septembre,9,218.2,10.0
ZOGBODOMEY,2023,Octobre,10,231.55,10.0
ZOGBODOMEY,2023,Novembre,11,13.825,1.0
ZOGBODOMEY,2023,Décembre,12,1625.6983333333335,72.0
BANTE,2023,Janvier,1,0.0,0.0
BANTE,2023,Février,2,0.8,1.0
BANTE,2023,Mars,3,55.2,3.0
BANTE,2023,Avril,4,68.68,5.0
BANTE,2023,Mai,5,68.68,5.0
BANTE,2023,Juin,6,74.0,3.0
BANTE,2023,Juillet,7,123.87500000000001,9.0
BANTE,2023,Août,8,159.8375,8.0
BANTE,2023,Septembre,9,265.7,11.0
BANTE,2023,Octobre,10,113.7675,8.0
BANTE,2023,Novembre,11,2.95,1.0
BANTE,2023,Décembre,12,933.4900000000001,54.0
DASSA-ZOUME,2023,Janvier,1,0.0,0.0
DASSA-ZOUME,2023,Février,2,5.533333333333332,1.0
DASSA-ZOUME,2023,Mars,3,93.53166666666667,4.0
DASSA-ZOUME,2023,Avril,4,81.6,4.0
DASSA-ZOUME,2023,Mai,5,81.6,4.0
DASSA-ZOUME,2023,Juin,6,119.66999999999999,8.0
DASSA-ZOUME,2023,Juillet,7,258.18,9.0
DASSA-ZOUME,2023,Août,8,130.39999999999998,8.0
DASSA-ZOUME,2023,Septembre,9,284.605,12.0
DASSA-ZOUME,2023,Octobre,10,366.665,14.0
DASSA-ZOUME,2023,Novembre,11,43.959999999999994,2.0
DASSA-ZOUME,2023,Décembre,12,1465.745,66.0
GLAZOUE,2023,Janvier,1,0.0,0.0
GLAZOUE,2023,Février,2,19.725714285714282,1.0
GLAZOUE,2023,Mars,3,73.75571428571428,4.0
GLAZOUE,2023,Avril,4,105.99714285714286,5.0
GLAZOUE,2023,Mai,5,105.99714285714286,5.0
GLAZOUE,2023,Juin,6,81.52095238095238,6.0
GLAZOUE,2023,Juillet,7,211.085,8.0
GLAZOUE,2023,Août,8,126.22333333333334,6.0
GLAZOUE,2023,Septembre,9,243.24999999999997,8.0
GLAZOUE,2023,Octobre,10,172.19799999999998,7.0
GLAZOUE,2023,Novembre,11,7.601999999999999,1.0
GLAZOUE,2023,Décembre,12,1147.3550000000002,51.0
OUESSE,2023,Janvier,1,0.0,0.0
OUESSE,2023,Février,2,0.0,0.0
OUESSE,2023,Mars,3,35.125,3.0
OUESSE,2023,Avril,4,50.0,3.0
OUESSE,2023,Mai,5,50.0,3.0
OUESSE,2023,Juin,6,150.68666666666667,7.0
OUESSE,2023,Juillet,7,152.01666666666665,9.0
OUESSE,2023,Août,8,152.33333333333331,9.0
OUESSE,2023,Septembre,9,291.01666666666665,11.0
OUESSE,2023,Octobre,10,132.83333333333334,9.0
OUESSE,2023,Novembre,11,0.6666666666666666,1.0
OUESSE,2023,Décembre,12,1014.6783333333333,55.0
SAVALOU,2023,Janvier,1,0.0,0.0
SAVALOU,2023,Février,2,2.7142857142857144,1.0
SAVALOU,2023,Mars,3,108.4857142857143,5.0
SAVALOU,2023,Avril,4,108.62857142857142,5.0
SAVALOU,2023,Mai,5,108.62857142857142,5.0
SAVALOU,2023,Juin,6,47.2,9.0
SAVALOU,2023,Juillet,7,198.25,6.0
SAVALOU,2023,Août,8,124.77499999999999,5.0
SAVALOU,2023,Septembre,9,204.79166666666666,8.0
SAVALOU,2023,Octobre,10,211.0,9.0
SAVALOU,2023,Novembre,11,14.0,1.0
SAVALOU,2023,Décembre,12,1128.4738095238095,54.0
SAVE,2023,Janvier,1,0.0,0.0
SAVE,2023,Février,2,17.5,1.0
SAVE,2023,Mars,3,30.083333333333336,3.0
SAVE,2023,Avril,4,32.5,3.0
SAVE,2023,Mai,5,32.5,3.0
SAVE,2023,Juin,6,82.375,5.0
SAVE,2023,Juillet,7,183.5,5.0
SAVE,2023,Août,8,206.5,5.0
SAVE,2023,Septembre,9,421.0,7.0
SAVE,2023,Octobre,10,211.0,10.0
SAVE,2023,Novembre,11,56.0,2.0
SAVE,2023,Décembre,12,1272.9583333333335,44.0
ATHIEME,2023,Janvier,1,0.0,0.0
ATHIEME,2023,Février,2,14.5,2.0
ATHIEME,2023,Mars,3,107.9,6.0
ATHIEME,2023,Avril,4,167.76666666666668,8.0
ATHIEME,2023,Mai,5,177.1,9.0
ATHIEME,2023,Juin,6,91.96666666666665,8.0
ATHIEME,2023,Juillet,7,123.33333333333333,7.0
ATHIEME,2023,Août,8,60.666666666666664,5.0
ATHIEME,2023,Septembre,9,251.46666666666667,9.666666666666666
ATHIEME,2023,Octobre,10,96.2,8.0
ATHIEME,2023,Novembre,11,23.433333333333334,2.0
ATHIEME,2023,Décembre,12,1114.3333333333335,64.66666666666666
BOPA,2023,Janvier,1,0.0,0.0
BOPA,2023,Février,2,13.566666666666668,2.0
BOPA,2023,Mars,3,121.23333333333333,6.0
BOPA,2023,Avril,4,147.03333333333333,8.0
BOPA,2023,Mai,5,166.29999999999998,8.0
BOPA,2023,Juin,6,108.23333333333335,10.0
BOPA,2023,Juillet,7,178.4333333333333,7.0
BOPA,2023,Août,8,74.89999999999999,6.0
BOPA,2023,Septembre,9,206.69999999999996,5.666666666666667
BOPA,2023,Octobre,10,129.46666666666664,7.0
BOPA,2023,Novembre,11,25.366666666666664,1.3333333333333333
BOPA,2023,Décembre,12,1171.2333333333331,61.0
COME,2023,Janvier,1,0.0,0.0
COME,2023,Février,2,21.333333333333332,3.0
COME,2023,Mars,3,129.66666666666666,7.0
COME,2023,Avril,4,144.66666666666666,7.0
COME,2023,Mai,5,168.0,10.0
COME,2023,Juin,6,131.66666666666666,11.0
COME,2023,Juillet,7,77.16666666666667,8.0
COME,2023,Août,8,114.33333333333333,10.0
COME,2023,Septembre,9,156.91666666666666,8.333333333333334
COME,2023,Octobre,10,179.66666666666666,9.0
COME,2023,Novembre,11,14.666666666666666,2.0
COME,2023,Décembre,12,1138.0833333333333,75.33333333333333
GRAND-POPO,2023,Janvier,1,0.0,0.0
GRAND-POPO,2023,Février,2,42.0,2.0
GRAND-POPO,2023,Mars,3,79.65,4.0
GRAND-POPO,2023,Avril,4,137.5,6.0
GRAND-POPO,2023,Mai,5,177.7,10.0
GRAND-POPO,2023,Juin,6,143.15,12.0
GRAND-POPO,2023,Juillet,7,92.15,9.0
GRAND-POPO,2023,Août,8,122.65,8.0
GRAND-POPO,2023,Septembre,9,248.6,10.5
GRAND-POPO,2023,Octobre,10,202.85,10.5
GRAND-POPO,2023,Novembre,11,24.05,2.0
GRAND-POPO,2023,Décembre,12,1270.2999999999997,74.0
HOUEYOGBE,2023,Janvier,1,1.6666666666666667,1.0
HOUEYOGBE,2023,Février,2,41.300000000000004,3.0
HOUEYOGBE,2023,Mars,3,114.13333333333333,5.0
HOUEYOGBE,2023,Avril,4,140.29999999999998,7.0
HOUEYOGBE,2023,Mai,5,241.86666666666667,11.0
HOUEYOGBE,2023,Juin,6,85.10000000000001,10.0
HOUEYOGBE,2023,Juillet,7,110.89999999999999,10.0
HOUEYOGBE,2023,Août,8,55.4,7.0
HOUEYOGBE,2023,Septembre,9,211.0,9.0
HOUEYOGBE,2023,Octobre,10,137.0,10.0
HOUEYOGBE,2023,Novembre,11,28.0,2.0
HOUEYOGBE,2023,Décembre,12,1166.6666666666665,75.0
LOKOSSA,2023,Janvier,1,0.0,0.0
LOKOSSA,2023,Février,2,5.6,1.0
LOKOSSA,2023,Mars,3,116.0,6.0
LOKOSSA,2023,Avril,4,178.6,7.0
LOKOSSA,2023,Mai,5,145.15,10.0
LOKOSSA,2023,Juin,6,35.900000000000006,9.0
LOKOSSA,2023,Juillet,7,172.45,9.0
LOKOSSA,2023,Août,8,64.0,7.0
LOKOSSA,2023,Septembre,9,192.0,11.0
LOKOSSA,2023,Octobre,10,104.0,10.0
LOKOSSA,2023,Novembre,11,17.05,1.5
LOKOSSA,2023,Décembre,12,1030.75,71.5
APLAHOUE,2023,Janvier,1,13.74375,0.625
APLAHOUE,2023,Février,2,22.725,1.0
APLAHOUE,2023,Mars,3,163.9375,4.0
APLAHOUE,2023,Avril,4,112.35000000000001,7.0
APLAHOUE,2023,Mai,5,82.2625,6.0
APLAHOUE,2023,Juin,6,118.13749999999999,6.0
APLAHOUE,2023,Juillet,7,165.53750000000002,7.0
APLAHOUE,2023,Août,8,68.6125,5.0
APLAHOUE,2023,Septembre,9,190.95,10.0
APLAHOUE,2023,Octobre,10,179.445,10.0
APLAHOUE,2023,Novembre,11,16.8125,2.0
APLAHOUE,2023,Décembre,12,1134.5137499999998,58.625
DJAKOTOMEY,2023,Janvier,1,25.0,1.0
DJAKOTOMEY,2023,Février,2,11.833333333333334,1.0
DJAKOTOMEY,2023,Mars,3,65.86666666666666,5.0
DJAKOTOMEY,2023,Avril,4,172.0,11.0
DJAKOTOMEY,2023,Mai,5,86.58333333333333,6.0
DJAKOTOMEY,2023,Juin,6,78.41666666666666,5.0
DJAKOTOMEY,2023,Juillet,7,208.66666666666666,10.0
DJAKOTOMEY,2023,Août,8,83.66666666666667,6.0
DJAKOTOMEY,2023,Septembre,9,162.91666666666669,11.0
DJAKOTOMEY,2023,Octobre,10,146.83333333333334,11.0
DJAKOTOMEY,2023,Novembre,11,22.833333333333332,2.0
DJAKOTOMEY,2023,Décembre,12,1064.6166666666663,69.0
DOGBO,2023,Janvier,1,0.0,0.0
DOGBO,2023,Février,2,3.22,1.0
DOGBO,2023,Mars,3,44.3,4.0
DOGBO,2023,Avril,4,151.98000000000002,9.0
DOGBO,2023,Mai,5,91.44000000000001,6.0
DOGBO,2023,Juin,6,30.799999999999997,4.0
DOGBO,2023,Juillet,7,135.28,8.0
DOGBO,2023,Août,8,75.86,6.0
DOGBO,2023,Septembre,9,142.2,8.0
DOGBO,2023,Octobre,10,119.60000000000001,9.0
DOGBO,2023,Novembre,11,15.02,1.0
DOGBO,2023,Décembre,12,809.6999999999999,56.0
KLOUEKANME,2023,Janvier,1,0.0,0.0
KLOUEKANME,2023,Février,2,5.571428571428571,1.0
KLOUEKANME,2023,Mars,3,45.25714285714285,3.0
KLOUEKANME,2023,Avril,4,127.75714285714287,9.0
KLOUEKANME,2023,Mai,5,90.77142857142857,8.0
KLOUEKANME,2023,Juin,6,130.15714285714284,9.0
KLOUEKANME,2023,Juillet,7,200.8,14.0
KLOUEKANME,2023,Août,8,80.71428571428571,6.0
KLOUEKANME,2023,Septembre,9,164.92857142857144,10.0
KLOUEKANME,2023,Octobre,10,106.94285714285715,9.0
KLOUEKANME,2023,Novembre,11,11.214285714285714,1.0
KLOUEKANME,2023,Décembre,12,964.1142857142856,70.0
LALO,2023,Janvier,1,0.0,0.0
LALO,2023,Février,2,15.275,1.0
LALO,2023,Mars,3,63.400000000000006,5.0
LALO,2023,Avril,4,86.875,6.0
LALO,2023,Mai,5,79.625,7.0
LALO,2023,Juin,6,58.325,5.0
LALO,2023,Juillet,7,101.125,7.0
LALO,2023,Août,8,85.0,5.0
LALO,2023,Septembre,9,88.55,8.0
LALO,2023,Octobre,10,138.25,8.0
LALO,2023,Novembre,11,0.0,0.0
LALO,2023,Décembre,12,716.425,52.0
TOVIKLIN,2023,Janvier,1,0.0,0.0
TOVIKLIN,2023,Février,2,6.6,1.0
TOVIKLIN,2023,Mars,3,49.74,4.0
TOVIKLIN,2023,Avril,4,129.06,8.0
TOVIKLIN,2023,Mai,5,77.3,6.0
TOVIKLIN,2023,Juin,6,88.38,5.0
TOVIKLIN,2023,Juillet,7,208.33999999999997,8.0
TOVIKLIN,2023,Août,8,79.1,6.0
TOVIKLIN,2023,Septembre,9,160.60000000000002,9.0
TOVIKLIN,2023,Octobre,10,158.1,10.0
TOVIKLIN,2023,Novembre,11,3.6,1.0
TOVIKLIN,2023,Décembre,12,960.82,58.0
ADJARRA,2023,Janvier,1,0.0,0.0
ADJARRA,2023,Février,2,5.0,1.5
ADJARRA,2023,Mars,3,138.0,7.5
ADJARRA,2023,Avril,4,133.5,8.0
ADJARRA,2023,Mai,5,170.65,9.5
ADJARRA,2023,Juin,6,261.75,11.5
ADJARRA,2023,Juillet,7,245.875,9.5
ADJARRA,2023,Août,8,31.5,6.0
ADJARRA,2023,Septembre,9,303.9,12.5
ADJARRA,2023,Octobre,10,198.75,10.5
ADJARRA,2023,Novembre,11,65.55,3.0
ADJARRA,2023,Décembre,12,1554.475,79.5
ADJOHOUN,2023,Janvier,1,0.0,0.0
ADJOHOUN,2023,Février,2,26.5,2.3333333333333335
ADJOHOUN,2023,Mars,3,104.03333333333335,7.666666666666667
ADJOHOUN,2023,Avril,4,141.13333333333333,8.333333333333334
ADJOHOUN,2023,Mai,5,146.29999999999998,10.666666666666666
ADJOHOUN,2023,Juin,6,159.4,10.666666666666666
ADJOHOUN,2023,Juillet,7,279.43333333333334,13.333333333333334
ADJOHOUN,2023,Août,8,77.33333333333333,6.333333333333333
ADJOHOUN,2023,Septembre,9,221.4333333333333,13.666666666666666
ADJOHOUN,2023,Octobre,10,91.46666666666665,7.0
ADJOHOUN,2023,Novembre,11,5.3,2.0
ADJOHOUN,2023,Décembre,12,1252.3333333333333,82.0
AGUEGUES,2023,Janvier,1,0.0,0.0
AGUEGUES,2023,Février,2,9.2,2.0
AGUEGUES,2023,Mars,3,256.5,7.0
AGUEGUES,2023,Avril,4,254.79999999999998,5.0
AGUEGUES,2023,Mai,5,218.1,10.0
AGUEGUES,2023,Juin,6,388.59999999999997,11.0
AGUEGUES,2023,Juillet,7,250.7,9.0
AGUEGUES,2023,Août,8,148.3,7.0
AGUEGUES,2023,Septembre,9,422.6,18.0
AGUEGUES,2023,Octobre,10,391.5,13.0
AGUEGUES,2023,Novembre,11,73.8,4.0
AGUEGUES,2023,Décembre,12,2414.1000000000004,86.0
AKPRO-MISSERETE,2023,Janvier,1,2.35,0.5
AKPRO-MISSERETE,2023,Février,2,17.65,2.5
AKPRO-MISSERETE,2023,Mars,3,133.35,7.0
AKPRO-MISSERETE,2023,Avril,4,181.75,7.0
AKPRO-MISSERETE,2023,Mai,5,165.0,10.5
AKPRO-MISSERETE,2023,Juin,6,227.95,14.0
AKPRO-MISSERETE,2023,Juillet,7,330.75,11.5
AKPRO-MISSERETE,2023,Août,8,84.95,8.5
AKPRO-MISSERETE,2023,Septembre,9,377.05,16.5
AKPRO-MISSERETE,2023,Octobre,10,226.35,12.5
AKPRO-MISSERETE,2023,Novembre,11,71.0,3.0
AKPRO-MISSERETE,2023,Décembre,12,1818.1499999999999,93.5
AVRANKOU,2023,Janvier,1,0.0,0.0
AVRANKOU,2023,Février,2,16.15,2.0
AVRANKOU,2023,Mars,3,150.175,7.5
AVRANKOU,2023,Avril,4,191.7,8.0
AVRANKOU,2023,Mai,5,167.75,10.5
AVRANKOU,2023,Juin,6,228.77499999999998,13.5
AVRANKOU,2023,Juillet,7,227.45,12.0
AVRANKOU,2023,Août,8,110.05000000000001,9.5
AVRANKOU,2023,Septembre,9,316.3,12.0
AVRANKOU,2023,Octobre,10,150.625,10.0
AVRANKOU,2023,Novembre,11,47.9,3.0
AVRANKOU,2023,Décembre,12,1606.875,88.0
BONOU,2023,Janvier,1,0.0,0.0
BONOU,2023,Février,2,7.2875000000000005,1.5
BONOU,2023,Mars,3,99.025,5.5
BONOU,2023,Avril,4,101.5,7.25
BONOU,2023,Mai,5,125.52499999999999,9.0
BONOU,2023,Juin,6,73.21249999999999,4.25
BONOU,2023,Juillet,7,311.54999999999995,7.75
BONOU,2023,Août,8,148.225,6.0
BONOU,2023,Septembre,9,134.875,6.0
BONOU,2023,Octobre,10,206.8,8.25
BONOU,2023,Novembre,11,45.55,3.0
BONOU,2023,Décembre,12,1253.55,58.5
DANGBO,2023,Janvier,1,13.1,2.0
DANGBO,2023,Février,2,31.6,3.5
DANGBO,2023,Mars,3,132.64999999999998,8.0
DANGBO,2023,Avril,4,155.25,7.0
DANGBO,2023,Mai,5,114.30000000000001,8.0
DANGBO,2023,Juin,6,247.55,11.5
DANGBO,2023,Juillet,7,203.8,12.0
DANGBO,2023,Août,8,84.0,8.0
DANGBO,2023,Septembre,9,306.9,11.0
DANGBO,2023,Octobre,10,116.25,8.0
DANGBO,2023,Novembre,11,28.25,4.0
DANGBO,2023,Décembre,12,1433.65,83.0
PORTO-NOVO,2023,Janvier,1,0.0,0.0
PORTO-NOVO,2023,Février,2,16.0,3.0
PORTO-NOVO,2023,Mars,3,124.75,6.5
PORTO-NOVO,2023,Avril,4,192.725,7.0
PORTO-NOVO,2023,Mai,5,173.5,9.0
PORTO-NOVO,2023,Juin,6,279.3,12.5
PORTO-NOVO,2023,Juillet,7,251.0,7.0
PORTO-NOVO,2023,Août,8,62.25,6.0
PORTO-NOVO,2023,Septembre,9,318.5,10.5
PORTO-NOVO,2023,Octobre,10,346.4,8.0
PORTO-NOVO,2023,Novembre,11,53.5,2.5
PORTO-NOVO,2023,Décembre,12,1817.9250000000002,72.0
SEME-PODJI,2023,Janvier,1,0.0,0.0
SEME-PODJI,2023,Février,2,7.0,1.0
SEME-PODJI,2023,Mars,3,146.9,5.5
SEME-PODJI,2023,Avril,4,160.35,7.5
SEME-PODJI,2023,Mai,5,362.65,13.0
SEME-PODJI,2023,Juin,6,510.0,15.5
SEME-PODJI,2023,Juillet,7,209.3,7.5
SEME-PODJI,2023,Août,8,48.8,5.5
SEME-PODJI,2023,Septembre,9,326.3,9.0
SEME-PODJI,2023,Octobre,10,310.3,10.5
SEME-PODJI,2023,Novembre,11,118.65,3.5
SEME-PODJI,2023,Décembre,12,2200.25,78.5
ADJA-OUERE,2023,Janvier,1,1.0,1.0
ADJA-OUERE,2023,Février,2,54.1,2.0
ADJA-OUERE,2023,Mars,3,148.7,7.0
ADJA-OUERE,2023,Avril,4,212.04,9.0
ADJA-OUERE,2023,Mai,5,181.72000000000003,11.0
ADJA-OUERE,2023,Juin,6,152.3,9.0
ADJA-OUERE,2023,Juillet,7,263.78000000000003,10.2
ADJA-OUERE,2023,Août,8,51.0,4.2
ADJA-OUERE,2023,Septembre,9,103.8,7.2
ADJA-OUERE,2023,Octobre,10,112.8,6.0
ADJA-OUERE,2023,Novembre,11,24.666666666666668,1.3333333333333333
ADJA-OUERE,2023,Décembre,12,1305.9066666666665,67.93333333333334
IFANGNI,2023,Janvier,1,5.0,1.0
IFANGNI,2023,Février,2,39.0,2.0
IFANGNI,2023,Mars,3,158.0,6.0
IFANGNI,2023,Avril,4,173.0,5.0
IFANGNI,2023,Mai,5,154.0,7.0
IFANGNI,2023,Juin,6,127.0,7.0
IFANGNI,2023,Juillet,7,189.375,8.25
IFANGNI,2023,Août,8,39.0,5.75
IFANGNI,2023,Septembre,9,246.0,8.75
IFANGNI,2023,Octobre,10,109.75,6.25
IFANGNI,2023,Novembre,11,30.25,1.75
IFANGNI,2023,Décembre,12,1270.375,58.75
KETOU,2023,Janvier,1,3.4,1.0
KETOU,2023,Février,2,80.0,3.0
KETOU,2023,Mars,3,165.4,8.0
KETOU,2023,Avril,4,65.8,7.0
KETOU,2023,Mai,5,102.1,7.0
KETOU,2023,Juin,6,216.20000000000002,11.0
KETOU,2023,Juillet,7,164.2,8.4
KETOU,2023,Août,8,106.35,6.2
KETOU,2023,Septembre,9,126.8,8.2
KETOU,2023,Octobre,10,254.4,12.6
KETOU,2023,Novembre,11,25.9,2.2
KETOU,2023,Décembre,12,1310.5500000000004,74.6
POBE,2023,Janvier,1,2.0,1.0
POBE,2023,Février,2,29.5,2.0
POBE,2023,Mars,3,153.0,9.0
POBE,2023,Avril,4,100.25,9.0
POBE,2023,Mai,5,124.875,9.0
POBE,2023,Juin,6,158.0,11.0
POBE,2023,Juillet,7,207.0,9.0
POBE,2023,Août,8,165.0,8.25
POBE,2023,Septembre,9,139.625,9.25
POBE,2023,Octobre,10,191.125,11.5
POBE,2023,Novembre,11,23.25,2.25
POBE,2023,Décembre,12,1293.625,81.25
SAKETE,2023,Janvier,1,5.46,1.0
SAKETE,2023,Février,2,32.519999999999996,3.0
SAKETE,2023,Mars,3,147.38,8.0
SAKETE,2023,Avril,4,220.14,10.0
SAKETE,2023,Mai,5,133.10000000000002,9.0
SAKETE,2023,Juin,6,150.07999999999998,9.0
SAKETE,2023,Juillet,7,146.1,8.8
SAKETE,2023,Août,8,64.84,7.2
SAKETE,2023,Septembre,9,217.64000000000001,11.6
SAKETE,2023,Octobre,10,148.68,9.6
SAKETE,2023,Novembre,11,55.43,4.0
SAKETE,2023,Décembre,12,1321.3700000000003,81.19999999999999
ABOMEY-CALAVI,2023,Janvier,1,19.0,1.0
ABOMEY-CALAVI,2023,Février,2,26.5,1.0
ABOMEY-CALAVI,2023,Mars,3,69.0,3.5
ABOMEY-CALAVI,2023,Avril,4,91.5,4.5
ABOMEY-CALAVI,2023,Mai,5,126.0,5.5
ABOMEY-CALAVI,2023,Juin,6,232.0,8.5
ABOMEY-CALAVI,2023,Juillet,7,133.0,6.5
ABOMEY-CALAVI,2023,Août,8,69.5,5.5
ABOMEY-CALAVI,2023,Septembre,9,239.0,9.5
ABOMEY-CALAVI,2023,Octobre,10,129.0,9.0
ABOMEY-CALAVI,2023,Novembre,11,0.0,0.0
ABOMEY-CALAVI,2023,Décembre,12,1134.5,54.5
ALLADA,2023,Janvier,1,44.5,1.5
ALLADA,2023,Février,2,28.5,1.5
ALLADA,2023,Mars,3,89.5,6.0
ALLADA,2023,Avril,4,249.75,9.5
ALLADA,2023,Mai,5,189.5,7.5
ALLADA,2023,Juin,6,206.0,11.0
ALLADA,2023,Juillet,7,184.0,8.0
ALLADA,2023,Août,8,95.0,9.0
ALLADA,2023,Septembre,9,318.0,10.0
ALLADA,2023,Octobre,10,150.0,10.0
ALLADA,2023,Novembre,11,0.0,0.0
ALLADA,2023,Décembre,12,1554.75,74.0
KPOMASSE,2023,Janvier,1,2.5,0.5
KPOMASSE,2023,Février,2,11.5,1.0
KPOMASSE,2023,Mars,3,101.5,5.0
KPOMASSE,2023,Avril,4,124.0,6.0
KPOMASSE,2023,Mai,5,145.5,7.0
KPOMASSE,2023,Juin,6,140.5,11.0
KPOMASSE,2023,Juillet,7,126.0,5.5
KPOMASSE,2023,Août,8,109.0,7.5
KPOMASSE,2023,Septembre,9,237.0,9.0
KPOMASSE,2023,Octobre,10,115.5,8.0
KPOMASSE,2023,Novembre,11,0.0,0.0
KPOMASSE,2023,Décembre,12,1113.0,60.5
OUIDAH,2023,Janvier,1,1.05,0.5
OUIDAH,2023,Février,2,15.0,1.0
OUIDAH,2023,Mars,3,82.0,6.5
OUIDAH,2023,Avril,4,121.0,9.0
OUIDAH,2023,Mai,5,164.8,11.0
OUIDAH,2023,Juin,6,307.0,15.0
OUIDAH,2023,Juillet,7,175.7,13.5
OUIDAH,2023,Août,8,46.95,9.0
OUIDAH,2023,Septembre,9,293.0,11.5
OUIDAH,2023,Octobre,10,47.0,6.0
OUIDAH,2023,Novembre,11,0.0,0.0
OUIDAH,2023,Décembre,12,1253.5,83.0
SO-AVA,2023,Janvier,1,28.0,1.0
SO-AVA,2023,Février,2,12.0,1.0
SO-AVA,2023,Mars,3,107.0,7.0
SO-AVA,2023,Avril,4,123.5,8.5
SO-AVA,2023,Mai,5,106.5,5.5
SO-AVA,2023,Juin,6,263.5,8.5
SO-AVA,2023,Juillet,7,159.0,6.5
SO-AVA,2023,Août,8,100.0,6.5
SO-AVA,2023,Septembre,9,251.0,9.5
SO-AVA,2023,Octobre,10,59.0,5.0
SO-AVA,2023,Novembre,11,0.0,0.0
SO-AVA,2023,Décembre,12,1209.5,59.0
TOFFO,2023,Janvier,1,0.0,0.0
TOFFO,2023,Février,2,27.0,2.0
TOFFO,2023,Mars,3,94.5,4.5
TOFFO,2023,Avril,4,199.5,8.0
TOFFO,2023,Mai,5,156.0,7.5
TOFFO,2023,Juin,6,70.0,4.0
TOFFO,2023,Juillet,7,234.5,9.5
TOFFO,2023,Août,8,93.5,6.0
TOFFO,2023,Septembre,9,178.0,10.0
TOFFO,2023,Octobre,10,31.1,3.0
TOFFO,2023,Novembre,11,0.0,0.0
TOFFO,2023,Décembre,12,1084.1,54.5
TORI-BOSSITO,2023,Janvier,1,7.5,0.5
TORI-BOSSITO,2023,Février,2,32.5,1.5
TORI-BOSSITO,2023,Mars,3,57.5,5.0
TORI-BOSSITO,2023,Avril,4,119.0,8.0
TORI-BOSSITO,2023,Mai,5,115.5,8.0
TORI-BOSSITO,2023,Juin,6,193.5,10.5
TORI-BOSSITO,2023,Juillet,7,123.5,8.0
TORI-BOSSITO,2023,Août,8,102.0,8.5
TORI-BOSSITO,2023,Septembre,9,263.5,10.0
TORI-BOSSITO,2023,Octobre,10,44.0,3.0
TORI-BOSSITO,2023,Novembre,11,18.0,1.0
TORI-BOSSITO,2023,Décembre,12,1076.5,64.0
ZE,2023,Janvier,1,26.0,1.0
ZE,2023,Février,2,10.0,0.5
ZE,2023,Mars,3,50.5,4.5
ZE,2023,Avril,4,176.5,7.0
ZE,2023,Mai,5,81.5,6.5
ZE,2023,Juin,6,173.5,7.0
ZE,2023,Juillet,7,158.5,6.0
ZE,2023,Août,8,87.5,6.0
ZE,2023,Septembre,9,295.5,10.75
ZE,2023,Octobre,10,65.2,6.0
ZE,2023,Novembre,11,0.0,0.0
ZE,2023,Décembre,12,1124.7,55.25
COTONOU,2023,Janvier,1,0.0,0.0
COTONOU,2023,Février,2,2.1999999999999997,1.3333333333333333
COTONOU,2023,Mars,3,70.19,6.666666666666667
COTONOU,2023,Avril,4,48.4,5.666666666666667
COTONOU,2023,Mai,5,81.56666666666668,8.666666666666666
COTONOU,2023,Juin,6,241.17,11.0
COTONOU,2023,Juillet,7,3.3333333333333335,2.0
COTONOU,2023,Août,8,27.486666666666665,7.0
COTONOU,2023,Septembre,9,172.44,10.0
COTONOU,2023,Octobre,10,120.80000000000001,8.666666666666666
COTONOU,2023,Novembre,11,31.55333333333333,2.6666666666666665
COTONOU,2023,Décembre,12,799.1399999999999,63.666666666666664
BEMBEREKE,2024,Janvier,1,0.0,0.0
BEMBEREKE,2024,Février,2,0.0,0.0
BEMBEREKE,2024,Mars,3,1.7212500000000002,1.0
BEMBEREKE,2024,Avril,4,151.89125,11.0
BEMBEREKE,2024,Mai,5,262.59375,8.0
BEMBEREKE,2024,Juin,6,102.9375,7.0
BEMBEREKE,2024,Juillet,7,197.64999999999998,10.0
BEMBEREKE,2024,Août,8,167.9375,9.0
BEMBEREKE,2024,Septembre,9,218.0,11.0
BEMBEREKE,2024,Octobre,10,99.75,8.0
BEMBEREKE,2024,Novembre,11,0.0,0.0
BEMBEREKE,2024,Décembre,12,0.0,0.0
KALALE,2024,Janvier,1,0.0,0.0
KALALE,2024,Février,2,0.0,0.0
KALALE,2024,Mars,3,2.5016666666666665,1.0
KALALE,2024,Avril,4,176.26999999999998,13.0
KALALE,2024,Mai,5,91.94999999999999,6.0
KALALE,2024,Juin,6,121.7,9.0
KALALE,2024,Juillet,7,230.2,13.0
KALALE,2024,Août,8,169.33333333333334,9.0
KALALE,2024,Septembre,9,349.1833333333333,12.0
KALALE,2024,Octobre,10,105.83333333333334,9.0
KALALE,2024,Novembre,11,0.0,0.0
KALALE,2024,Décembre,12,0.0,0.0
N'DALI,2024,Janvier,1,0.0,0.0
N'DALI,2024,Février,2,0.0,0.0
N'DALI,2024,Mars,3,6.25,1.0
N'DALI,2024,Avril,4,160.83333333333331,11.0
N'DALI,2024,Mai,5,88.95,7.0
N'DALI,2024,Juin,6,65.66666666666666,5.0
N'DALI,2024,Juillet,7,225.03333333333336,10.0
N'DALI,2024,Août,8,160.1,9.0
N'DALI,2024,Septembre,9,292.0,13.0
N'DALI,2024,Octobre,10,118.2,9.0
N'DALI,2024,Novembre,11,0.0,0.0
N'DALI,2024,Décembre,12,0.0,0.0
NIKKI,2024,Janvier,1,0.0,0.0
NIKKI,2024,Février,2,0.0,0.0
NIKKI,2024,Mars,3,10.841428571428573,2.0
NIKKI,2024,Avril,4,173.66857142857143,12.0
NIKKI,2024,Mai,5,70.80285714285715,6.0
NIKKI,2024,Juin,6,82.76666666666668,6.0
NIKKI,2024,Juillet,7,219.09999999999997,10.0
NIKKI,2024,Août,8,108.17999999999999,3.0
NIKKI,2024,Septembre,9,363.02099999999996,10.0
NIKKI,2024,Octobre,10,89.0,9.0
NIKKI,2024,Novembre,11,0.0,0.0
NIKKI,2024,Décembre,12,0.0,0.0
PARAKOU,2024,Janvier,1,0.0,0.0
PARAKOU,2024,Février,2,0.0,0.0
PARAKOU,2024,Mars,3,14.0175,1.0
PARAKOU,2024,Avril,4,159.85000000000002,10.0
PARAKOU,2024,Mai,5,79.4,5.0
PARAKOU,2024,Juin,6,44.833333333333336,4.0
PARAKOU,2024,Juillet,7,63.0,6.0
PARAKOU,2024,Août,8,114.96666666666667,5.0
PARAKOU,2024,Septembre,9,499.75,13.0
PARAKOU,2024,Octobre,10,152.25,9.0
PARAKOU,2024,Novembre,11,0.0,0.0
PARAKOU,2024,Décembre,12,0.0,0.0
PERERE,2024,Janvier,1,0.0,0.0
PERERE,2024,Février,2,0.0,0.0
PERERE,2024,Mars,3,16.685,2.0
PERERE,2024,Avril,4,161.445,10.0
PERERE,2024,Mai,5,85.19500000000001,5.0
PERERE,2024,Juin,6,72.85,7.0
PERERE,2024,Juillet,7,274.575,9.0
PERERE,2024,Août,8,161.25,10.0
PERERE,2024,Septembre,9,455.8,13.0
PERERE,2024,Octobre,10,101.175,9.0
PERERE,2024,Novembre,11,0.0,0.0
PERERE,2024,Décembre,12,0.0,0.0
SINENDE,2024,Janvier,1,0.0,0.0
SINENDE,2024,Février,2,0.0,0.0
SINENDE,2024,Mars,3,0.0,0.0
SINENDE,2024,Avril,4,126.04999999999998,10.0
SINENDE,2024,Mai,5,181.058,5.0
SINENDE,2024,Juin,6,72.32,7.0
SINENDE,2024,Juillet,7,175.57999999999998,9.0
SINENDE,2024,Août,8,175.5425,8.0
SINENDE,2024,Septembre,9,318.72,13.0
SINENDE,2024,Octobre,10,174.64,11.0
SINENDE,2024,Novembre,11,0.0,0.0
SINENDE,2024,Décembre,12,0.0,0.0
TCHAOUROU,2024,Janvier,1,0.0,0.0
TCHAOUROU,2024,Février,2,0.0,0.0
TCHAOUROU,2024,Mars,3,3.75,1.0
TCHAOUROU,2024,Avril,4,98.078,11.0
TCHAOUROU,2024,Mai,5,58.580666666666666,5.0
TCHAOUROU,2024,Juin,6,70.36666666666666,6.0
TCHAOUROU,2024,Juillet,7,34.96000000000001,4.0
TCHAOUROU,2024,Août,8,164.89499999999998,6.0
TCHAOUROU,2024,Septembre,9,521.6875,14.0
TCHAOUROU,2024,Octobre,10,182.95,10.0
TCHAOUROU,2024,Novembre,11,0.0,0.0
TCHAOUROU,2024,Décembre,12,0.0,0.0
BANIKOARA,2024,Janvier,1,0.0,0.0
BANIKOARA,2024,Février,2,0.0,0.0
BANIKOARA,2024,Mars,3,0.0,0.0
BANIKOARA,2024,Avril,4,2.127272727272727,3.0
BANIKOARA,2024,Mai,5,108.32272727272728,7.0
BANIKOARA,2024,Juin,6,138.20909090909092,9.0
BANIKOARA,2024,Juillet,7,260.2818181818182,13.0
BANIKOARA,2024,Août,8,186.225,11.0
BANIKOARA,2024,Septembre,9,192.38333333333333,13.0
BANIKOARA,2024,Octobre,10,76.00833333333334,7.0
BANIKOARA,2024,Novembre,11,0.0,0.0
BANIKOARA,2024,Décembre,12,0.0,0.0
GOGOUNOU,2024,Janvier,1,0.0,0.0
GOGOUNOU,2024,Février,2,0.0,0.0
GOGOUNOU,2024,Mars,3,0.0,0.0
GOGOUNOU,2024,Avril,4,0.0,0.0
GOGOUNOU,2024,Mai,5,107.47777777777777,7.0
GOGOUNOU,2024,Juin,6,101.94444444444444,8.0
GOGOUNOU,2024,Juillet,7,298.1444444444444,14.0
GOGOUNOU,2024,Août,8,183.73000000000002,14.0
GOGOUNOU,2024,Septembre,9,227.41,16.0
GOGOUNOU,2024,Octobre,10,111.61,7.0
GOGOUNOU,2024,Novembre,11,0.0,0.0
GOGOUNOU,2024,Décembre,12,0.0,0.0
KANDI,2024,Janvier,1,0.0,0.0
KANDI,2024,Février,2,0.0,0.0
KANDI,2024,Mars,3,0.0,0.0
KANDI,2024,Avril,4,4.816666666666666,1.0
KANDI,2024,Mai,5,89.46666666666667,8.0
KANDI,2024,Juin,6,145.58333333333334,9.0
KANDI,2024,Juillet,7,243.90833333333336,14.0
KANDI,2024,Août,8,257.9558333333333,14.0
KANDI,2024,Septembre,9,239.95833333333331,17.0
KANDI,2024,Octobre,10,116.60000000000001,9.0
KANDI,2024,Novembre,11,0.0,0.0
KANDI,2024,Décembre,12,0.0,0.0
KARIMAMA,2024,Janvier,1,0.0,0.0
KARIMAMA,2024,Février,2,0.0,0.0
KARIMAMA,2024,Mars,3,0.0,0.0
KARIMAMA,2024,Avril,4,0.0,0.0
KARIMAMA,2024,Mai,5,54.019999999999996,5.0
KARIMAMA,2024,Juin,6,82.46,4.0
KARIMAMA,2024,Juillet,7,251.92000000000002,10.0
KARIMAMA,2024,Août,8,365.4,10.0
KARIMAMA,2024,Septembre,9,162.74,10.0
KARIMAMA,2024,Octobre,10,35.620000000000005,3.0
KARIMAMA,2024,Novembre,11,0.0,0.0
KARIMAMA,2024,Décembre,12,0.0,0.0
MALANVILLE,2024,Janvier,1,0.0,0.0
MALANVILLE,2024,Février,2,0.0,0.0
MALANVILLE,2024,Mars,3,0.0,0.0
MALANVILLE,2024,Avril,4,0.0,0.0
MALANVILLE,2024,Mai,5,88.38333333333334,7.0
MALANVILLE,2024,Juin,6,114.00833333333334,8.0
MALANVILLE,2024,Juillet,7,198.95000000000002,13.0
MALANVILLE,2024,Août,8,294.0366666666667,13.0
MALANVILLE,2024,Septembre,9,240.08333333333331,17.0
MALANVILLE,2024,Octobre,10,86.725,7.0
MALANVILLE,2024,Novembre,11,0.0,0.0
MALANVILLE,2024,Décembre,12,0.0,0.0
SEGBANA,2024,Janvier,1,0.0,0.0
SEGBANA,2024,Février,2,0.0,0.0
SEGBANA,2024,Mars,3,0.0,0.0
SEGBANA,2024,Avril,4,3.0,1.0
SEGBANA,2024,Mai,5,88.8,5.0
SEGBANA,2024,Juin,6,98.1,9.0
SEGBANA,2024,Juillet,7,251.39999999999998,11.0
SEGBANA,2024,Août,8,213.286,11.0
SEGBANA,2024,Septembre,9,271.72,13.0
SEGBANA,2024,Octobre,10,126.07999999999998,7.0
SEGBANA,2024,Novembre,11,0.0,0.0
SEGBANA,2024,Décembre,12,0.0,0.0
BOUKOUMBE,2024,Janvier,1,0.0,0.0
BOUKOUMBE,2024,Février,2,0.0,0.0
BOUKOUMBE,2024,Mars,3,0.0,0.0
BOUKOUMBE,2024,Avril,4,0.0,0.0
BOUKOUMBE,2024,Mai,5,212.0,5.0
BOUKOUMBE,2024,Juin,6,156.0,4.0
BOUKOUMBE,2024,Juillet,7,181.5,6.0
BOUKOUMBE,2024,Août,8,157.0,6.0
BOUKOUMBE,2024,Septembre,9,219.0,15.0
BOUKOUMBE,2024,Octobre,10,141.1,9.0
BOUKOUMBE,2024,Novembre,11,0.0,0.0
BOUKOUMBE,2024,Décembre,12,0.0,0.0
COBLY,2024,Janvier,1,0.0,0.0
COBLY,2024,Février,2,0.0,0.0
COBLY,2024,Mars,3,0.0,0.0
COBLY,2024,Avril,4,0.0,0.0
COBLY,2024,Mai,5,122.6,5.0
COBLY,2024,Juin,6,151.05,8.0
COBLY,2024,Juillet,7,186.535,9.0
COBLY,2024,Août,8,193.25,9.0
COBLY,2024,Septembre,9,229.5,12.0
COBLY,2024,Octobre,10,318.54999999999995,14.0
COBLY,2024,Novembre,11,0.0,0.0
COBLY,2024,Décembre,12,0.0,0.0
KEROU,2024,Janvier,1,0.0,0.0
KEROU,2024,Février,2,0.0,0.0
KEROU,2024,Mars,3,0.0,0.0
KEROU,2024,Avril,4,54.85,4.0
KEROU,2024,Mai,5,135.3,6.0
KEROU,2024,Juin,6,98.6,11.0
KEROU,2024,Juillet,7,179.9,9.0
KEROU,2024,Août,8,290.9,14.0
KEROU,2024,Septembre,9,204.85,12.0
KEROU,2024,Octobre,10,276.4,11.0
KEROU,2024,Novembre,11,0.0,0.0
KEROU,2024,Décembre,12,0.0,0.0
KOUANDE,2024,Janvier,1,0.0,0.0
KOUANDE,2024,Février,2,3.9,1.0
KOUANDE,2024,Mars,3,6.0,2.0
KOUANDE,2024,Avril,4,76.5,9.0
KOUANDE,2024,Mai,5,133.20000000000002,8.0
KOUANDE,2024,Juin,6,197.5,14.0
KOUANDE,2024,Juillet,7,194.7,8.0
KOUANDE,2024,Août,8,280.89,14.0
KOUANDE,2024,Septembre,9,199.4,13.0
KOUANDE,2024,Octobre,10,133.5,10.0
KOUANDE,2024,Novembre,11,0.0,0.0
KOUANDE,2024,Décembre,12,0.0,0.0
MATERI,2024,Janvier,1,0.0,0.0
MATERI,2024,Février,2,0.0,0.0
MATERI,2024,Mars,3,0.0,0.0
MATERI,2024,Avril,4,0.0,0.0
MATERI,2024,Mai,5,160.05,6.0
MATERI,2024,Juin,6,213.0,10.0
MATERI,2024,Juillet,7,154.425,8.0
MATERI,2024,Août,8,117.3,6.0
MATERI,2024,Septembre,9,210.75,12.0
MATERI,2024,Octobre,10,217.125,9.0
MATERI,2024,Novembre,11,0.0,0.0
MATERI,2024,Décembre,12,0.0,0.0
NATITINGOU,2024,Janvier,1,0.0,0.0
NATITINGOU,2024,Février,2,0.0,0.0
NATITINGOU,2024,Mars,3,13.0,2.0
NATITINGOU,2024,Avril,4,74.0,2.0
NATITINGOU,2024,Mai,5,128.0,7.0
NATITINGOU,2024,Juin,6,162.0,8.0
NATITINGOU,2024,Juillet,7,256.5,8.0
NATITINGOU,2024,Août,8,145.5,9.0
NATITINGOU,2024,Septembre,9,233.0,19.0
NATITINGOU,2024,Octobre,10,154.0,10.0
NATITINGOU,2024,Novembre,11,0.0,0.0
NATITINGOU,2024,Décembre,12,0.0,0.0
PEHUNCO,2024,Janvier,1,0.0,0.0
PEHUNCO,2024,Février,2,0.0,0.0
PEHUNCO,2024,Mars,3,0.0,0.0
PEHUNCO,2024,Avril,4,81.0,3.0
PEHUNCO,2024,Mai,5,108.3,5.0
PEHUNCO,2024,Juin,6,126.1,8.0
PEHUNCO,2024,Juillet,7,186.10000000000002,12.0
PEHUNCO,2024,Août,8,244.1,15.0
PEHUNCO,2024,Septembre,9,199.3,13.0
PEHUNCO,2024,Octobre,10,104.4,10.0
PEHUNCO,2024,Novembre,11,0.0,0.0
PEHUNCO,2024,Décembre,12,0.0,0.0
TANGUIETA,2024,Janvier,1,0.0,0.0
TANGUIETA,2024,Février,2,0.0,0.0
TANGUIETA,2024,Mars,3,0.0,0.0
TANGUIETA,2024,Avril,4,17.5,1.0
TANGUIETA,2024,Mai,5,118.5,6.0
TANGUIETA,2024,Juin,6,143.45,7.0
TANGUIETA,2024,Juillet,7,206.0,6.0
TANGUIETA,2024,Août,8,139.1,8.0
TANGUIETA,2024,Septembre,9,238.35,13.0
TANGUIETA,2024,Octobre,10,154.7,8.0
TANGUIETA,2024,Novembre,11,0.0,0.0
TANGUIETA,2024,Décembre,12,0.0,0.0
TOUCOUNTOUNA,2024,Janvier,1,0.0,0.0
TOUCOUNTOUNA,2024,Février,2,0.0,0.0
TOUCOUNTOUNA,2024,Mars,3,0.0,0.0
TOUCOUNTOUNA,2024,Avril,4,3.0,1.0
TOUCOUNTOUNA,2024,Mai,5,130.0,8.0
TOUCOUNTOUNA,2024,Juin,6,121.8,5.0
TOUCOUNTOUNA,2024,Juillet,7,210.0,7.0
TOUCOUNTOUNA,2024,Août,8,152.7,9.0
TOUCOUNTOUNA,2024,Septembre,9,247.0,17.0
TOUCOUNTOUNA,2024,Octobre,10,166.0,10.0
TOUCOUNTOUNA,2024,Novembre,11,0.0,0.0
TOUCOUNTOUNA,2024,Décembre,12,0.0,0.0
BASSILA,2024,Janvier,1,0.0,0.0
BASSILA,2024,Février,2,0.0,0.0
BASSILA,2024,Mars,3,18.6,3.0
BASSILA,2024,Avril,4,30.200000000000003,3.0
BASSILA,2024,Mai,5,57.300000000000004,3.0
BASSILA,2024,Juin,6,109.5,8.0
BASSILA,2024,Juillet,7,130.94333333333333,7.0
BASSILA,2024,Août,8,99.83333333333333,8.0
BASSILA,2024,Septembre,9,121.93333333333334,11.0
BASSILA,2024,Octobre,10,96.6,7.0
BASSILA,2024,Novembre,11,0.0,0.0
BASSILA,2024,Décembre,12,0.0,0.0
COPARGO,2024,Janvier,1,0.0,0.0
COPARGO,2024,Février,2,0.0,0.0
COPARGO,2024,Mars,3,5.566666666666666,3.0
COPARGO,2024,Avril,4,32.687651515151515,6.0
COPARGO,2024,Mai,5,75.36666666666667,5.0
COPARGO,2024,Juin,6,140.515,8.0
COPARGO,2024,Juillet,7,177.68583333333333,9.0
COPARGO,2024,Août,8,135.53257575757576,7.0
COPARGO,2024,Septembre,9,166.63333333333333,11.0
COPARGO,2024,Octobre,10,99.83333333333333,8.0
COPARGO,2024,Novembre,11,0.0,0.0
COPARGO,2024,Décembre,12,0.0,0.0
DJOUGOU,2024,Janvier,1,0.0,0.0
DJOUGOU,2024,Février,2,0.0,0.0
DJOUGOU,2024,Mars,3,2.75,1.0
DJOUGOU,2024,Avril,4,27.142500000000002,3.0
DJOUGOU,2024,Mai,5,77.92500000000001,5.0
DJOUGOU,2024,Juin,6,120.82499999999999,6.0
DJOUGOU,2024,Juillet,7,229.825,11.0
DJOUGOU,2024,Août,8,162.575,9.0
DJOUGOU,2024,Septembre,9,175.25,9.0
DJOUGOU,2024,Octobre,10,84.425,6.0
DJOUGOU,2024,Novembre,11,0.0,0.0
DJOUGOU,2024,Décembre,12,0.0,0.0
OUAKE,2024,Janvier,1,0.0,0.0
OUAKE,2024,Février,2,0.0,0.0
OUAKE,2024,Mars,3,0.0,0.0
OUAKE,2024,Avril,4,28.633333333333333,8.0
OUAKE,2024,Mai,5,48.63333333333334,6.0
OUAKE,2024,Juin,6,138.26666666666665,8.0
OUAKE,2024,Juillet,7,139.56666666666666,7.0
OUAKE,2024,Août,8,91.63333333333334,6.0
OUAKE,2024,Septembre,9,196.36666666666665,11.0
OUAKE,2024,Octobre,10,94.93333333333334,8.0
OUAKE,2024,Novembre,11,0.0,0.0
OUAKE,2024,Décembre,12,0.0,0.0
ABOMEY,2024,Janvier,1,0.0,0.0
ABOMEY,2024,Février,2,11.666666666666668,2.0
ABOMEY,2024,Mars,3,56.0,3.0
ABOMEY,2024,Avril,4,71.0,5.0
ABOMEY,2024,Mai,5,71.0,5.0
ABOMEY,2024,Juin,6,134.0,7.0
ABOMEY,2024,Juillet,7,6.333333333333333,1.0
ABOMEY,2024,Août,8,108.0,5.0
ABOMEY,2024,Septembre,9,117.83333333333334,8.0
ABOMEY,2024,Octobre,10,111.33333333333333,10.0
ABOMEY,2024,Novembre,11,2.3333333333333335,1.0
ABOMEY,2024,Décembre,12,0.0,0.0
AGBANGNIZOUN,2024,Janvier,1,0.0,0.0
AGBANGNIZOUN,2024,Février,2,0.0,0.0
AGBANGNIZOUN,2024,Mars,3,69.66666666666667,5.0
AGBANGNIZOUN,2024,Avril,4,82.00333333333333,4.0
AGBANGNIZOUN,2024,Mai,5,82.00333333333333,4.0
AGBANGNIZOUN,2024,Juin,6,168.66666666666669,6.0
AGBANGNIZOUN,2024,Juillet,7,29.666666666666664,2.0
AGBANGNIZOUN,2024,Août,8,118.16666666666667,4.0
AGBANGNIZOUN,2024,Septembre,9,166.96666666666664,8.0
AGBANGNIZOUN,2024,Octobre,10,149.0,10.0
AGBANGNIZOUN,2024,Novembre,11,14.29,1.0
AGBANGNIZOUN,2024,Décembre,12,0.0,0.0
BOHICON,2024,Janvier,1,0.0,0.0
BOHICON,2024,Février,2,0.0,0.0
BOHICON,2024,Mars,3,68.66666666666667,4.0
BOHICON,2024,Avril,4,80.2,5.0
BOHICON,2024,Mai,5,80.2,5.0
BOHICON,2024,Juin,6,248.36666666666667,9.0
BOHICON,2024,Juillet,7,12.466666666666665,2.0
BOHICON,2024,Août,8,115.1,7.0
BOHICON,2024,Septembre,9,204.36666666666667,10.0
BOHICON,2024,Octobre,10,159.33333333333334,11.0
BOHICON,2024,Novembre,11,0.0,0.0
BOHICON,2024,Décembre,12,0.0,0.0
COVE,2024,Janvier,1,0.0,0.0
COVE,2024,Février,2,0.0,0.0
COVE,2024,Mars,3,73.33333333333333,4.0
COVE,2024,Avril,4,53.83333333333334,5.0
COVE,2024,Mai,5,53.83333333333334,5.0
COVE,2024,Juin,6,285.1666666666667,8.0
COVE,2024,Juillet,7,5.666666666666666,2.0
COVE,2024,Août,8,131.5,7.0
COVE,2024,Septembre,9,107.33333333333334,7.0
COVE,2024,Octobre,10,139.63333333333333,11.0
COVE,2024,Novembre,11,15.666666666666666,3.0
COVE,2024,Décembre,12,0.0,0.0
DJIDJA,2024,Janvier,1,0.0,0.0
DJIDJA,2024,Février,2,8.16,1.0
DJIDJA,2024,Mars,3,70.8,5.0
DJIDJA,2024,Avril,4,119.96,8.0
DJIDJA,2024,Mai,5,119.96,8.0
DJIDJA,2024,Juin,6,194.16,9.0
DJIDJA,2024,Juillet,7,7.6,2.0
DJIDJA,2024,Août,8,88.56,5.0
DJIDJA,2024,Septembre,9,126.94,8.0
DJIDJA,2024,Octobre,10,109.69999999999999,10.0
DJIDJA,2024,Novembre,11,0.0,0.0
DJIDJA,2024,Décembre,12,0.0,0.0
OUINHI,2024,Janvier,1,0.0,0.0
OUINHI,2024,Février,2,0.0,0.0
OUINHI,2024,Mars,3,54.1,4.0
OUINHI,2024,Avril,4,93.9,5.0
OUINHI,2024,Mai,5,93.9,5.0
OUINHI,2024,Juin,6,128.025,8.0
OUINHI,2024,Juillet,7,2.0,1.0
OUINHI,2024,Août,8,119.6,6.0
OUINHI,2024,Septembre,9,111.875,8.0
OUINHI,2024,Octobre,10,197.0,12.0
OUINHI,2024,Novembre,11,4.875,1.0
OUINHI,2024,Décembre,12,0.0,0.0
ZAGNANADO,2024,Janvier,1,0.0,0.0
ZAGNANADO,2024,Février,2,0.0,0.0
ZAGNANADO,2024,Mars,3,72.375,4.0
ZAGNANADO,2024,Avril,4,99.25,7.0
ZAGNANADO,2024,Mai,5,99.25,7.0
ZAGNANADO,2024,Juin,6,189.0,9.0
ZAGNANADO,2024,Juillet,7,13.25,2.0
ZAGNANADO,2024,Août,8,120.25,7.0
ZAGNANADO,2024,Septembre,9,117.575,7.0
ZAGNANADO,2024,Octobre,10,123.875,11.0
ZAGNANADO,2024,Novembre,11,0.0,0.0
ZAGNANADO,2024,Décembre,12,0.0,0.0
ZA-KPOTA,2024,Janvier,1,0.0,0.0
ZA-KPOTA,2024,Février,2,0.0,0.0
ZA-KPOTA,2024,Mars,3,71.66666666666666,3.0
ZA-KPOTA,2024,Avril,4,108.66666666666666,6.0
ZA-KPOTA,2024,Mai,5,108.66666666666666,6.0
ZA-KPOTA,2024,Juin,6,299.66666666666663,9.0
ZA-KPOTA,2024,Juillet,7,6.333333333333333,1.0
ZA-KPOTA,2024,Août,8,182.0,7.0
ZA-KPOTA,2024,Septembre,9,139.0,9.0
ZA-KPOTA,2024,Octobre,10,134.13333333333333,9.0
ZA-KPOTA,2024,Novembre,11,16.666666666666668,1.0
ZA-KPOTA,2024,Décembre,12,0.0,0.0
ZOGBODOMEY,2024,Janvier,1,0.0,0.0
ZOGBODOMEY,2024,Février,2,4.75,1.0
ZOGBODOMEY,2024,Mars,3,55.25,3.0
ZOGBODOMEY,2024,Avril,4,101.7,6.0
ZOGBODOMEY,2024,Mai,5,101.7,6.0
ZOGBODOMEY,2024,Juin,6,302.825,9.0
ZOGBODOMEY,2024,Juillet,7,33.625,3.0
ZOGBODOMEY,2024,Août,8,120.025,6.0
ZOGBODOMEY,2024,Septembre,9,195.375,9.0
ZOGBODOMEY,2024,Octobre,10,208.425,10.0
ZOGBODOMEY,2024,Novembre,11,14.25,1.0
ZOGBODOMEY,2024,Décembre,12,0.0,0.0
BANTE,2024,Janvier,1,0.0,0.0
BANTE,2024,Février,2,0.5,1.0
BANTE,2024,Mars,3,28.416666666666668,2.0
BANTE,2024,Avril,4,102.18333333333334,5.0
BANTE,2024,Mai,5,102.18333333333334,5.0
BANTE,2024,Juin,6,89.08333333333334,4.0
BANTE,2024,Juillet,7,256.89666666666665,9.0
BANTE,2024,Août,8,228.49166666666667,8.0
BANTE,2024,Septembre,9,306.71333333333337,9.0
BANTE,2024,Octobre,10,256.81333333333333,10.0
BANTE,2024,Novembre,11,0.0,0.0
BANTE,2024,Décembre,12,0.0,0.0
DASSA-ZOUME,2024,Janvier,1,0.0,0.0
DASSA-ZOUME,2024,Février,2,50.540000000000006,2.0
DASSA-ZOUME,2024,Mars,3,38.1,3.0
DASSA-ZOUME,2024,Avril,4,86.66,7.0
DASSA-ZOUME,2024,Mai,5,86.66,7.0
DASSA-ZOUME,2024,Juin,6,173.76000000000002,6.0
DASSA-ZOUME,2024,Juillet,7,137.39000000000001,5.0
DASSA-ZOUME,2024,Août,8,113.86000000000001,6.0
DASSA-ZOUME,2024,Septembre,9,126.49,6.0
DASSA-ZOUME,2024,Octobre,10,332.24999999999994,12.0
DASSA-ZOUME,2024,Novembre,11,0.0,0.0
DASSA-ZOUME,2024,Décembre,12,0.0,0.0
GLAZOUE,2024,Janvier,1,0.0,0.0
GLAZOUE,2024,Février,2,8.428571428571429,1.0
GLAZOUE,2024,Mars,3,16.434285714285714,1.0
GLAZOUE,2024,Avril,4,103.18142857142857,4.0
GLAZOUE,2024,Mai,5,103.18142857142857,4.0
GLAZOUE,2024,Juin,6,99.57714285714286,4.0
GLAZOUE,2024,Juillet,7,92.47857142857143,4.0
GLAZOUE,2024,Août,8,132.25,7.0
GLAZOUE,2024,Septembre,9,136.79142857142855,6.0
GLAZOUE,2024,Octobre,10,278.4342857142857,11.0
GLAZOUE,2024,Novembre,11,0.0,0.0
GLAZOUE,2024,Décembre,12,0.0,0.0
OUESSE,2024,Janvier,1,0.0,0.0
OUESSE,2024,Février,2,14.6,2.0
OUESSE,2024,Mars,3,40.0,3.0
OUESSE,2024,Avril,4,45.0,4.0
OUESSE,2024,Mai,5,45.0,4.0
OUESSE,2024,Juin,6,58.599999999999994,3.0
OUESSE,2024,Juillet,7,80.10000000000001,5.0
OUESSE,2024,Août,8,348.7,7.0
OUESSE,2024,Septembre,9,223.0,9.0
OUESSE,2024,Octobre,10,334.14000000000004,12.0
OUESSE,2024,Novembre,11,0.0,0.0
OUESSE,2024,Décembre,12,0.0,0.0
SAVALOU,2024,Janvier,1,0.0,0.0
SAVALOU,2024,Février,2,10.8,2.0
SAVALOU,2024,Mars,3,32.2,3.0
SAVALOU,2024,Avril,4,127.5,6.0
SAVALOU,2024,Mai,5,127.5,6.0
SAVALOU,2024,Juin,6,106.3,5.0
SAVALOU,2024,Juillet,7,232.64000000000001,7.0
SAVALOU,2024,Août,8,170.3,6.0
SAVALOU,2024,Septembre,9,229.68,7.0
SAVALOU,2024,Octobre,10,314.3,9.0
SAVALOU,2024,Novembre,11,0.0,0.0
SAVALOU,2024,Décembre,12,0.0,0.0
SAVE,2024,Janvier,1,0.0,0.0
SAVE,2024,Février,2,14.75,2.0
SAVE,2024,Mars,3,14.75,3.0
SAVE,2024,Avril,4,68.5,4.0
SAVE,2024,Mai,5,68.5,4.0
SAVE,2024,Juin,6,58.25,4.0
SAVE,2024,Juillet,7,90.25,3.0
SAVE,2024,Août,8,200.0,7.0
SAVE,2024,Septembre,9,272.0,9.0
SAVE,2024,Octobre,10,407.75,11.0
SAVE,2024,Novembre,11,0.0,0.0
SAVE,2024,Décembre,12,0.0,0.0
ATHIEME,2024,Janvier,1,0.9,1.0
ATHIEME,2024,Février,2,24.2,1.0
ATHIEME,2024,Mars,3,133.33333333333334,5.0
ATHIEME,2024,Avril,4,103.93333333333334,8.0
ATHIEME,2024,Mai,5,148.26666666666665,8.0
ATHIEME,2024,Juin,6,132.9,9.0
ATHIEME,2024,Juillet,7,8.4,4.0
ATHIEME,2024,Août,8,32.36666666666667,5.0
ATHIEME,2024,Septembre,9,61.76666666666667,5.0
ATHIEME,2024,Octobre,10,201.93333333333334,14.0
ATHIEME,2024,Novembre,11,21.666666666666668,2.0
ATHIEME,2024,Décembre,12,0.0,0.0
BOPA,2024,Janvier,1,0.0,0.0
BOPA,2024,Février,2,1.5,1.0
BOPA,2024,Mars,3,39.8,4.0
BOPA,2024,Avril,4,219.2,9.0
BOPA,2024,Mai,5,106.8,6.0
BOPA,2024,Juin,6,203.45,11.0
BOPA,2024,Juillet,7,4.5,1.0
BOPA,2024,Août,8,10.344999999999999,2.0
BOPA,2024,Septembre,9,64.8,6.0
BOPA,2024,Octobre,10,271.35,15.0
BOPA,2024,Novembre,11,24.049999999999997,3.0
BOPA,2024,Décembre,12,0.0,0.0
COME,2024,Janvier,1,10.333333333333334,1.0
COME,2024,Février,2,0.5,1.0
COME,2024,Mars,3,56.83333333333333,3.0
COME,2024,Avril,4,193.33333333333334,8.0
COME,2024,Mai,5,156.0,8.0
COME,2024,Juin,6,120.08333333333331,11.0
COME,2024,Juillet,7,5.333333333333334,3.0
COME,2024,Août,8,9.5,3.0
COME,2024,Septembre,9,20.583333333333336,5.0
COME,2024,Octobre,10,148.75,13.0
COME,2024,Novembre,11,6.833333333333333,3.0
COME,2024,Décembre,12,0.0,0.0
GRAND-POPO,2024,Janvier,1,9.366666666666667,1.0
GRAND-POPO,2024,Février,2,2.1733333333333333,1.0
GRAND-POPO,2024,Mars,3,36.56333333333334,3.0
GRAND-POPO,2024,Avril,4,154.96666666666667,7.0
GRAND-POPO,2024,Mai,5,120.93333333333334,7.0
GRAND-POPO,2024,Juin,6,211.00666666666666,13.0
GRAND-POPO,2024,Juillet,7,10.75,3.0
GRAND-POPO,2024,Août,8,11.5,2.0
GRAND-POPO,2024,Septembre,9,14.4,3.0
GRAND-POPO,2024,Octobre,10,159.43333333333334,12.0
GRAND-POPO,2024,Novembre,11,10.200000000000001,2.0
GRAND-POPO,2024,Décembre,12,0.0,0.0
HOUEYOGBE,2024,Janvier,1,0.6666666666666666,1.0
HOUEYOGBE,2024,Février,2,5.0,2.0
HOUEYOGBE,2024,Mars,3,48.833333333333336,4.0
HOUEYOGBE,2024,Avril,4,164.53333333333336,8.0
HOUEYOGBE,2024,Mai,5,161.7,9.0
HOUEYOGBE,2024,Juin,6,203.8,12.0
HOUEYOGBE,2024,Juillet,7,15.099999999999998,5.0
HOUEYOGBE,2024,Août,8,22.53333333333333,7.0
HOUEYOGBE,2024,Septembre,9,67.33333333333333,8.0
HOUEYOGBE,2024,Octobre,10,282.8333333333333,16.0
HOUEYOGBE,2024,Novembre,11,21.333333333333336,3.0
HOUEYOGBE,2024,Décembre,12,0.0,0.0
LOKOSSA,2024,Janvier,1,0.7,1.0
LOKOSSA,2024,Février,2,15.899999999999999,1.0
LOKOSSA,2024,Mars,3,66.35,5.0
LOKOSSA,2024,Avril,4,123.55,7.0
LOKOSSA,2024,Mai,5,118.89999999999999,8.0
LOKOSSA,2024,Juin,6,204.15,15.0
LOKOSSA,2024,Juillet,7,11.450000000000001,3.0
LOKOSSA,2024,Août,8,43.35,7.0
LOKOSSA,2024,Septembre,9,103.2,9.0
LOKOSSA,2024,Octobre,10,204.6,16.0
LOKOSSA,2024,Novembre,11,3.75,1.0
LOKOSSA,2024,Décembre,12,0.0,0.0
APLAHOUE,2024,Janvier,1,4.375,2.0
APLAHOUE,2024,Février,2,42.9875,2.0
APLAHOUE,2024,Mars,3,9.25,2.0
APLAHOUE,2024,Avril,4,120.45,6.0
APLAHOUE,2024,Mai,5,164.2625,7.0
APLAHOUE,2024,Juin,6,149.95000000000002,7.0
APLAHOUE,2024,Juillet,7,42.97500000000001,4.0
APLAHOUE,2024,Août,8,86.7875,4.0
APLAHOUE,2024,Septembre,9,129.60125,6.0
APLAHOUE,2024,Octobre,10,210.05,11.0
APLAHOUE,2024,Novembre,11,1.15,2.0
APLAHOUE,2024,Décembre,12,0.0,0.0
DJAKOTOMEY,2024,Janvier,1,3.5,1.0
DJAKOTOMEY,2024,Février,2,58.0,2.0
DJAKOTOMEY,2024,Mars,3,4.166666666666666,2.0
DJAKOTOMEY,2024,Avril,4,97.08333333333334,5.0
DJAKOTOMEY,2024,Mai,5,174.0,9.0
DJAKOTOMEY,2024,Juin,6,212.0,12.0
DJAKOTOMEY,2024,Juillet,7,13.333333333333334,3.0
DJAKOTOMEY,2024,Août,8,48.5,6.0
DJAKOTOMEY,2024,Septembre,9,191.24999999999997,8.0
DJAKOTOMEY,2024,Octobre,10,265.0,13.0
DJAKOTOMEY,2024,Novembre,11,6.666666666666667,2.0
DJAKOTOMEY,2024,Décembre,12,0.0,0.0
DOGBO,2024,Janvier,1,4.2,2.0
DOGBO,2024,Février,2,26.02,2.0
DOGBO,2024,Mars,3,1.32,2.0
DOGBO,2024,Avril,4,119.502,7.0
DOGBO,2024,Mai,5,176.04,9.0
DOGBO,2024,Juin,6,261.46000000000004,11.0
DOGBO,2024,Juillet,7,18.980000000000004,3.0
DOGBO,2024,Août,8,36.519999999999996,4.0
DOGBO,2024,Septembre,9,121.03999999999999,6.0
DOGBO,2024,Octobre,10,140.14,11.0
DOGBO,2024,Novembre,11,5.84,1.0
DOGBO,2024,Décembre,12,0.0,0.0
KLOUEKANME,2024,Janvier,1,0.0,0.0
KLOUEKANME,2024,Février,2,26.042857142857144,2.0
KLOUEKANME,2024,Mars,3,2.357142857142857,1.0
KLOUEKANME,2024,Avril,4,70.33857142857143,6.0
KLOUEKANME,2024,Mai,5,159.31428571428572,8.0
KLOUEKANME,2024,Juin,6,206.68571428571425,9.0
KLOUEKANME,2024,Juillet,7,22.785714285714285,3.0
KLOUEKANME,2024,Août,8,75.94285714285715,7.0
KLOUEKANME,2024,Septembre,9,150.4714285714286,7.0
KLOUEKANME,2024,Octobre,10,173.41428571428568,13.0
KLOUEKANME,2024,Novembre,11,7.142857142857142,2.0
KLOUEKANME,2024,Décembre,12,0.0,0.0
LALO,2024,Janvier,1,0.0,0.0
LALO,2024,Février,2,30.25,2.0
LALO,2024,Mars,3,2.5,1.0
LALO,2024,Avril,4,55.5,4.0
LALO,2024,Mai,5,79.75,8.0
LALO,2024,Juin,6,58.75,6.0
LALO,2024,Juillet,7,20.75,3.0
LALO,2024,Août,8,41.75,4.0
LALO,2024,Septembre,9,62.5,7.0
LALO,2024,Octobre,10,131.25,12.0
LALO,2024,Novembre,11,9.0,1.0
LALO,2024,Décembre,12,0.0,0.0
TOVIKLIN,2024,Janvier,1,0.0,0.0
TOVIKLIN,2024,Février,2,84.8,2.0
TOVIKLIN,2024,Mars,3,8.0,1.0
TOVIKLIN,2024,Avril,4,119.19999999999999,5.0
TOVIKLIN,2024,Mai,5,145.4,5.0
TOVIKLIN,2024,Juin,6,169.8,6.0
TOVIKLIN,2024,Juillet,7,0.0,0.0
TOVIKLIN,2024,Août,8,38.8,4.0
TOVIKLIN,2024,Septembre,9,132.6,6.0
TOVIKLIN,2024,Octobre,10,201.4,13.0
TOVIKLIN,2024,Novembre,11,27.3,2.0
TOVIKLIN,2024,Décembre,12,0.0,0.0
ADJARRA,2024,Janvier,1,0.0,0.0
ADJARRA,2024,Février,2,0.0,0.0
ADJARRA,2024,Mars,3,101.5,3.0
ADJARRA,2024,Avril,4,146.0,7.0
ADJARRA,2024,Mai,5,174.25,8.0
ADJARRA,2024,Juin,6,151.0,10.0
ADJARRA,2024,Juillet,7,41.0,1.0
ADJARRA,2024,Août,8,15.25,3.0
ADJARRA,2024,Septembre,9,41.25,4.0
ADJARRA,2024,Octobre,10,152.25,9.0
ADJARRA,2024,Novembre,11,33.25,2.0
ADJARRA,2024,Décembre,12,0.0,0.0
ADJOHOUN,2024,Janvier,1,0.0,0.0
ADJOHOUN,2024,Février,2,2.1999999999999997,1.0
ADJOHOUN,2024,Mars,3,44.6,5.0
ADJOHOUN,2024,Avril,4,95.19999999999999,7.0
ADJOHOUN,2024,Mai,5,209.39999999999998,6.0
ADJOHOUN,2024,Juin,6,244.33333333333331,11.0
ADJOHOUN,2024,Juillet,7,27.599999999999998,3.0
ADJOHOUN,2024,Août,8,4.666666666666667,1.0
ADJOHOUN,2024,Septembre,9,60.1,6.0
ADJOHOUN,2024,Octobre,10,195.36666666666667,16.0
ADJOHOUN,2024,Novembre,11,2.9666666666666663,2.0
ADJOHOUN,2024,Décembre,12,0.0,0.0
AGUEGUES,2024,Janvier,1,0.0,0.0
AGUEGUES,2024,Février,2,44.1,3.0
AGUEGUES,2024,Mars,3,64.7,3.0
AGUEGUES,2024,Avril,4,161.3,6.0
AGUEGUES,2024,Mai,5,288.0,8.0
AGUEGUES,2024,Juin,6,215.39999999999998,11.0
AGUEGUES,2024,Juillet,7,38.7,3.0
AGUEGUES,2024,Août,8,40.1,2.0
AGUEGUES,2024,Septembre,9,82.5,6.0
AGUEGUES,2024,Octobre,10,328.1,10.0
AGUEGUES,2024,Novembre,11,58.4,5.0
AGUEGUES,2024,Décembre,12,0.0,0.0
AKPRO-MISSERETE,2024,Janvier,1,0.0,0.0
AKPRO-MISSERETE,2024,Février,2,29.95,2.0
AKPRO-MISSERETE,2024,Mars,3,40.75,4.0
AKPRO-MISSERETE,2024,Avril,4,89.9,6.0
AKPRO-MISSERETE,2024,Mai,5,214.85,9.0
AKPRO-MISSERETE,2024,Juin,6,285.0,10.0
AKPRO-MISSERETE,2024,Juillet,7,20.5,1.0
AKPRO-MISSERETE,2024,Août,8,25.4,4.0
AKPRO-MISSERETE,2024,Septembre,9,64.05,7.0
AKPRO-MISSERETE,2024,Octobre,10,211.25,12.0
AKPRO-MISSERETE,2024,Novembre,11,22.3,3.0
AKPRO-MISSERETE,2024,Décembre,12,0.0,0.0
AVRANKOU,2024,Janvier,1,0.0,0.0
AVRANKOU,2024,Février,2,0.0,0.0
AVRANKOU,2024,Mars,3,28.2,3.0
AVRANKOU,2024,Avril,4,99.7,7.0
AVRANKOU,2024,Mai,5,214.0,8.0
AVRANKOU,2024,Juin,6,165.5,8.0
AVRANKOU,2024,Juillet,7,25.0,1.0
AVRANKOU,2024,Août,8,19.63,4.0
AVRANKOU,2024,Septembre,9,29.2,7.0
AVRANKOU,2024,Octobre,10,156.5,10.0
AVRANKOU,2024,Novembre,11,17.5,2.0
AVRANKOU,2024,Décembre,12,0.0,0.0
BONOU,2024,Janvier,1,0.0,0.0
BONOU,2024,Février,2,14.8,1.0
BONOU,2024,Mars,3,78.45,3.0
BONOU,2024,Avril,4,158.95,4.0
BONOU,2024,Mai,5,260.15,6.0
BONOU,2024,Juin,6,239.09999999999997,8.0
BONOU,2024,Juillet,7,13.625,1.0
BONOU,2024,Août,8,51.625,3.0
BONOU,2024,Septembre,9,50.7,5.0
BONOU,2024,Octobre,10,224.51500000000001,11.0
BONOU,2024,Novembre,11,4.5,1.0
BONOU,2024,Décembre,12,0.0,0.0
DANGBO,2024,Janvier,1,0.2,1.0
DANGBO,2024,Février,2,51.0,2.0
DANGBO,2024,Mars,3,44.6,4.0
DANGBO,2024,Avril,4,125.19999999999999,8.0
DANGBO,2024,Mai,5,114.30000000000001,8.0
DANGBO,2024,Juin,6,202.8,6.0
DANGBO,2024,Juillet,7,14.3,2.0
DANGBO,2024,Août,8,27.299999999999997,6.0
DANGBO,2024,Septembre,9,27.1,6.0
DANGBO,2024,Octobre,10,127.5,10.0
DANGBO,2024,Novembre,11,17.8,2.0
DANGBO,2024,Décembre,12,0.0,0.0
PORTO-NOVO,2024,Janvier,1,0.0,0.0
PORTO-NOVO,2024,Février,2,1.25,1.0
PORTO-NOVO,2024,Mars,3,105.0,4.0
PORTO-NOVO,2024,Avril,4,157.0,7.0
PORTO-NOVO,2024,Mai,5,212.0,8.0
PORTO-NOVO,2024,Juin,6,197.0,11.0
PORTO-NOVO,2024,Juillet,7,41.5,1.0
PORTO-NOVO,2024,Août,8,45.25,4.0
PORTO-NOVO,2024,Septembre,9,29.5,5.0
PORTO-NOVO,2024,Octobre,10,155.75,10.0
PORTO-NOVO,2024,Novembre,11,42.75,4.0
PORTO-NOVO,2024,Décembre,12,0.0,0.0
SEME-PODJI,2024,Janvier,1,9.65,0.5
SEME-PODJI,2024,Février,2,5.25,0.5
SEME-PODJI,2024,Mars,3,119.15,3.5
SEME-PODJI,2024,Avril,4,174.7,7.5
SEME-PODJI,2024,Mai,5,273.05,8.5
SEME-PODJI,2024,Juin,6,356.7,13.5
SEME-PODJI,2024,Juillet,7,65.35,2.0
SEME-PODJI,2024,Août,8,84.2,5.0
SEME-PODJI,2024,Septembre,9,78.45,3.0
SEME-PODJI,2024,Octobre,10,302.05,11.5
SEME-PODJI,2024,Novembre,11,23.799999999999997,2.5
SEME-PODJI,2024,Décembre,12,0.0,0.0
ADJA-OUERE,2024,Janvier,1,0.0,0.0
ADJA-OUERE,2024,Février,2,23.333333333333332,1.0
ADJA-OUERE,2024,Mars,3,47.33333333333333,5.0
ADJA-OUERE,2024,Avril,4,178.83333333333331,6.0
ADJA-OUERE,2024,Mai,5,226.11,8.0
ADJA-OUERE,2024,Juin,6,251.33333333333331,11.0
ADJA-OUERE,2024,Juillet,7,14.166666666666666,4.0
ADJA-OUERE,2024,Août,8,39.0,3.0
ADJA-OUERE,2024,Septembre,9,72.01666666666667,7.0
ADJA-OUERE,2024,Octobre,10,249.85,12.0
ADJA-OUERE,2024,Novembre,11,0.0,0.0
ADJA-OUERE,2024,Décembre,12,0.0,0.0
IFANGNI,2024,Janvier,1,0.0,0.0
IFANGNI,2024,Février,2,0.0,0.0
IFANGNI,2024,Mars,3,15.0,2.0
IFANGNI,2024,Avril,4,98.0,4.0
IFANGNI,2024,Mai,5,307.7,6.0
IFANGNI,2024,Juin,6,341.1,8.0
IFANGNI,2024,Juillet,7,85.0,4.0
IFANGNI,2024,Août,8,75.5,5.0
IFANGNI,2024,Septembre,9,104.0,6.0
IFANGNI,2024,Octobre,10,357.5,12.0
IFANGNI,2024,Novembre,11,10.0,2.0
IFANGNI,2024,Décembre,12,0.0,0.0
KETOU,2024,Janvier,1,3.5,1.0
KETOU,2024,Février,2,28.166666666666664,3.0
KETOU,2024,Mars,3,101.66666666666666,9.0
KETOU,2024,Avril,4,79.5,7.0
KETOU,2024,Mai,5,240.25,9.0
KETOU,2024,Juin,6,231.83333333333331,9.0
KETOU,2024,Juillet,7,44.5,4.0
KETOU,2024,Août,8,117.33333333333334,7.0
KETOU,2024,Septembre,9,125.25,8.0
KETOU,2024,Octobre,10,207.83333333333334,11.0
KETOU,2024,Novembre,11,1.6666666666666667,1.0
KETOU,2024,Décembre,12,0.0,0.0
POBE,2024,Janvier,1,3.75,1.0
POBE,2024,Février,2,20.0,2.0
POBE,2024,Mars,3,63.66666666666667,5.0
POBE,2024,Avril,4,171.66666666666666,7.0
POBE,2024,Mai,5,285.66666666666663,10.0
POBE,2024,Juin,6,240.66666666666669,8.0
POBE,2024,Juillet,7,20.833333333333332,4.0
POBE,2024,Août,8,54.5,4.0
POBE,2024,Septembre,9,117.66666666666666,8.0
POBE,2024,Octobre,10,269.6666666666667,12.0
POBE,2024,Novembre,11,0.0,0.0
POBE,2024,Décembre,12,0.0,0.0
SAKETE,2024,Janvier,1,6.18,2.0
SAKETE,2024,Février,2,27.41,3.0
SAKETE,2024,Mars,3,51.099999999999994,5.0
SAKETE,2024,Avril,4,113.575,7.0
SAKETE,2024,Mai,5,199.23000000000002,8.0
SAKETE,2024,Juin,6,229.6,8.0
SAKETE,2024,Juillet,7,19.96,4.0
SAKETE,2024,Août,8,25.439999999999998,6.0
SAKETE,2024,Septembre,9,116.67999999999999,7.0
SAKETE,2024,Octobre,10,228.844,13.0
SAKETE,2024,Novembre,11,1.1,1.0
SAKETE,2024,Décembre,12,0.0,0.0
ABOMEY-CALAVI,2024,Janvier,1,0.0,0.0
ABOMEY-CALAVI,2024,Février,2,0.0,0.0
ABOMEY-CALAVI,2024,Mars,3,85.0,5.0
ABOMEY-CALAVI,2024,Avril,4,85.0,5.0
ABOMEY-CALAVI,2024,Mai,5,153.0,6.0
ABOMEY-CALAVI,2024,Juin,6,208.0,8.0
ABOMEY-CALAVI,2024,Juillet,7,34.0,4.0
ABOMEY-CALAVI,2024,Août,8,16.0,1.0
ABOMEY-CALAVI,2024,Septembre,9,46.0,4.0
ABOMEY-CALAVI,2024,Octobre,10,156.0,7.0
ABOMEY-CALAVI,2024,Novembre,11,0.0,0.0
ABOMEY-CALAVI,2024,Décembre,12,0.0,0.0
ALLADA,2024,Janvier,1,0.0,0.0
ALLADA,2024,Février,2,62.5,1.5
ALLADA,2024,Mars,3,101.0,3.5
ALLADA,2024,Avril,4,88.0,6.5
ALLADA,2024,Mai,5,202.5,8.5
ALLADA,2024,Juin,6,168.0,9.0
ALLADA,2024,Juillet,7,16.5,2.0
ALLADA,2024,Août,8,3.0,1.5
ALLADA,2024,Septembre,9,91.5,8.0
ALLADA,2024,Octobre,10,299.5,14.0
ALLADA,2024,Novembre,11,36.0,2.5
ALLADA,2024,Décembre,12,0.0,0.0
KPOMASSE,2024,Janvier,1,0.0,0.0
KPOMASSE,2024,Février,2,4.0,1.0
KPOMASSE,2024,Mars,3,110.0,2.0
KPOMASSE,2024,Avril,4,181.0,6.0
KPOMASSE,2024,Mai,5,213.0,8.0
KPOMASSE,2024,Juin,6,159.0,10.0
KPOMASSE,2024,Juillet,7,17.0,3.0
KPOMASSE,2024,Août,8,23.0,3.0
KPOMASSE,2024,Septembre,9,53.0,6.0
KPOMASSE,2024,Octobre,10,157.0,10.0
KPOMASSE,2024,Novembre,11,46.0,4.0
KPOMASSE,2024,Décembre,12,0.0,0.0
OUIDAH,2024,Janvier,1,0.0,0.0
OUIDAH,2024,Février,2,3.5,1.5
OUIDAH,2024,Mars,3,40.85,2.5
OUIDAH,2024,Avril,4,144.25,7.5
OUIDAH,2024,Mai,5,220.675,9.0
OUIDAH,2024,Juin,6,321.1,13.0
OUIDAH,2024,Juillet,7,8.15,4.0
OUIDAH,2024,Août,8,14.55,2.5
OUIDAH,2024,Septembre,9,37.8,4.5
OUIDAH,2024,Octobre,10,211.35,14.0
OUIDAH,2024,Novembre,11,34.65,4.0
OUIDAH,2024,Décembre,12,0.0,0.0
SO-AVA,2024,Janvier,1,0.0,0.0
SO-AVA,2024,Février,2,6.0,1.0
SO-AVA,2024,Mars,3,40.0,3.0
SO-AVA,2024,Avril,4,110.0,6.0
SO-AVA,2024,Mai,5,179.0,8.0
SO-AVA,2024,Juin,6,218.0,8.0
SO-AVA,2024,Juillet,7,36.0,4.0
SO-AVA,2024,Août,8,6.0,2.0
SO-AVA,2024,Septembre,9,26.0,5.0
SO-AVA,2024,Octobre,10,135.0,8.0
SO-AVA,2024,Novembre,11,48.0,4.0
SO-AVA,2024,Décembre,12,0.0,0.0
TOFFO,2024,Janvier,1,44.0,2.0
TOFFO,2024,Février,2,7.5,0.5
TOFFO,2024,Mars,3,82.5,4.0
TOFFO,2024,Avril,4,174.5,6.5
TOFFO,2024,Mai,5,205.0,7.0
TOFFO,2024,Juin,6,283.0,8.0
TOFFO,2024,Juillet,7,32.5,2.0
TOFFO,2024,Août,8,38.5,3.5
TOFFO,2024,Septembre,9,170.5,8.0
TOFFO,2024,Octobre,10,339.5,12.5
TOFFO,2024,Novembre,11,23.5,1.0
TOFFO,2024,Décembre,12,0.0,0.0
TORI-BOSSITO,2024,Janvier,1,0.0,0.0
TORI-BOSSITO,2024,Février,2,12.0,1.5
TORI-BOSSITO,2024,Mars,3,52.0,3.0
TORI-BOSSITO,2024,Avril,4,126.0,4.5
TORI-BOSSITO,2024,Mai,5,186.5,7.5
TORI-BOSSITO,2024,Juin,6,222.0,10.0
TORI-BOSSITO,2024,Juillet,7,12.5,4.0
TORI-BOSSITO,2024,Août,8,18.0,3.5
TORI-BOSSITO,2024,Septembre,9,80.5,4.0
TORI-BOSSITO,2024,Octobre,10,208.0,12.5
TORI-BOSSITO,2024,Novembre,11,55.5,3.5
TORI-BOSSITO,2024,Décembre,12,0.0,0.0
ZE,2024,Janvier,1,20.0,1.0
ZE,2024,Février,2,8.0,2.0
ZE,2024,Mars,3,106.0,4.0
ZE,2024,Avril,4,76.0,4.0
ZE,2024,Mai,5,88.0,5.0
ZE,2024,Juin,6,335.0,12.0
ZE,2024,Juillet,7,34.0,3.0
ZE,2024,Août,8,13.0,3.0
ZE,2024,Septembre,9,170.0,7.0
ZE,2024,Octobre,10,474.0,12.0
ZE,2024,Novembre,11,0.0,0.0
ZE,2024,Décembre,12,0.0,0.0
COTONOU,2024,Janvier,1,0.0,0.0
COTONOU,2024,Février,2,20.2,2.0
COTONOU,2024,Mars,3,37.2,3.0
COTONOU,2024,Avril,4,37.3,6.0
COTONOU,2024,Mai,5,92.9,7.0
COTONOU,2024,Juin,6,176.0,14.0
COTONOU,2024,Juillet,7,22.0,1.0
COTONOU,2024,Août,8,4.4,3.0
COTONOU,2024,Septembre,9,21.5,4.0
COTONOU,2024,Octobre,10,106.2,9.0
COTONOU,2024,Novembre,11,20.3,2.0
COTONOU,2024,Décembre,12,0.0,0.0
BEMBEREKE,2025,Janvier,1,0.0,0.0
BEMBEREKE,2025,Février,2,0.0,0.0
BEMBEREKE,2025,Mars,3,0.0,0.0
BEMBEREKE,2025,Avril,4,18.375,2.0
BEMBEREKE,2025,Mai,5,164.8125,7.0
BEMBEREKE,2025,Juin,6,152.3125,9.0
BEMBEREKE,2025,Juillet,7,290.6625,14.0
BEMBEREKE,2025,Août,8,170.5,12.0
BEMBEREKE,2025,Septembre,9,214.4625,11.0
BEMBEREKE,2025,Octobre,10,97.5,5.0
BEMBEREKE,2025,Novembre,11,0.0,0.0
BEMBEREKE,2025,Décembre,12,0.0,0.0
KALALE,2025,Janvier,1,0.0,0.0
KALALE,2025,Février,2,0.0,0.0
KALALE,2025,Mars,3,0.0,0.0
KALALE,2025,Avril,4,23.166666666666668,2.0
KALALE,2025,Mai,5,198.78333333333333,7.0
KALALE,2025,Juin,6,99.71666666666667,8.0
KALALE,2025,Juillet,7,171.66666666666666,8.0
KALALE,2025,Août,8,199.91666666666669,11.0
KALALE,2025,Septembre,9,287.0,15.0
KALALE,2025,Octobre,10,164.0,8.0
KALALE,2025,Novembre,11,0.0,0.0
KALALE,2025,Décembre,12,0.0,0.0
N'DALI,2025,Janvier,1,0.0,0.0
N'DALI,2025,Février,2,0.0,0.0
N'DALI,2025,Mars,3,23.8,2.0
N'DALI,2025,Avril,4,48.4,6.0
N'DALI,2025,Mai,5,125.934,7.0
N'DALI,2025,Juin,6,63.0,7.0
N'DALI,2025,Juillet,7,242.4,12.0
N'DALI,2025,Août,8,201.60000000000002,10.0
N'DALI,2025,Septembre,9,198.65,10.0
N'DALI,2025,Octobre,10,152.45999999999998,7.0
N'DALI,2025,Novembre,11,0.0,0.0
N'DALI,2025,Décembre,12,0.0,0.0
NIKKI,2025,Janvier,1,0.0,0.0
NIKKI,2025,Février,2,0.0,0.0
NIKKI,2025,Mars,3,13.666666666666666,1.0
NIKKI,2025,Avril,4,67.4,5.0
NIKKI,2025,Mai,5,133.875,6.0
NIKKI,2025,Juin,6,70.86,6.0
NIKKI,2025,Juillet,7,209.39999999999998,11.0
NIKKI,2025,Août,8,208.59999999999997,11.0
NIKKI,2025,Septembre,9,66.25,5.0
NIKKI,2025,Octobre,10,80.4,0.0
NIKKI,2025,Novembre,11,0.0,0.0
NIKKI,2025,Décembre,12,0.0,0.0
PARAKOU,2025,Janvier,1,0.0,0.0
PARAKOU,2025,Février,2,0.0,0.0
PARAKOU,2025,Mars,3,38.25,3.0
PARAKOU,2025,Avril,4,97.75,5.0
PARAKOU,2025,Mai,5,49.5,4.0
PARAKOU,2025,Juin,6,106.25,9.0
PARAKOU,2025,Juillet,7,221.5,12.0
PARAKOU,2025,Août,8,115.875,6.0
PARAKOU,2025,Septembre,9,204.25,12.0
PARAKOU,2025,Octobre,10,219.2,7.0
PARAKOU,2025,Novembre,11,0.0,0.0
PARAKOU,2025,Décembre,12,0.0,0.0
PERERE,2025,Janvier,1,0.0,0.0
PERERE,2025,Février,2,0.0,0.0
PERERE,2025,Mars,3,0.0,0.0
PERERE,2025,Avril,4,43.346000000000004,4.0
PERERE,2025,Mai,5,135.4,6.0
PERERE,2025,Juin,6,94.5,8.0
PERERE,2025,Juillet,7,230.39999999999998,10.0
PERERE,2025,Août,8,232.325,10.0
PERERE,2025,Septembre,9,173.675,10.0
PERERE,2025,Octobre,10,228.39999999999998,7.0
PERERE,2025,Novembre,11,0.0,0.0
PERERE,2025,Décembre,12,0.0,0.0
SINENDE,2025,Janvier,1,0.0,0.0
SINENDE,2025,Février,2,0.0,0.0
SINENDE,2025,Mars,3,0.0,0.0
SINENDE,2025,Avril,4,24.4,3.0
SINENDE,2025,Mai,5,181.78,8.0
SINENDE,2025,Juin,6,79.68,7.0
SINENDE,2025,Juillet,7,230.365,12.0
SINENDE,2025,Août,8,222.54,13.0
SINENDE,2025,Septembre,9,182.265,13.0
SINENDE,2025,Octobre,10,475.14,27.0
SINENDE,2025,Novembre,11,179.38,6.0
SINENDE,2025,Décembre,12,0.0,0.0
TCHAOUROU,2025,Janvier,1,0.0,0.0
TCHAOUROU,2025,Février,2,0.0,0.0
TCHAOUROU,2025,Mars,3,40.66666666666667,3.0
TCHAOUROU,2025,Avril,4,87.33333333333333,5.0
TCHAOUROU,2025,Mai,5,69.8,5.0
TCHAOUROU,2025,Juin,6,71.06666666666666,7.0
TCHAOUROU,2025,Juillet,7,149.66666666666669,9.0
TCHAOUROU,2025,Août,8,56.06666666666666,6.0
TCHAOUROU,2025,Septembre,9,183.16666666666666,12.0
TCHAOUROU,2025,Octobre,10,278.0666666666667,8.0
TCHAOUROU,2025,Novembre,11,0.0,0.0
TCHAOUROU,2025,Décembre,12,0.0,0.0
BANIKOARA,2025,Janvier,1,0.02727272727272727,1.0
BANIKOARA,2025,Février,2,0.0,0.0
BANIKOARA,2025,Mars,3,0.0,0.0
BANIKOARA,2025,Avril,4,0.0,0.0
BANIKOARA,2025,Mai,5,105.88181818181819,7.0
BANIKOARA,2025,Juin,6,83.22727272727272,7.0
BANIKOARA,2025,Juillet,7,279.6181818181818,13.0
BANIKOARA,2025,Août,8,242.50000000000003,12.0
BANIKOARA,2025,Septembre,9,202.42272727272726,10.0
BANIKOARA,2025,Octobre,10,0.0,0.0
BANIKOARA,2025,Novembre,11,0.0,0.0
BANIKOARA,2025,Décembre,12,0.0,0.0
GOGOUNOU,2025,Janvier,1,0.0,0.0
GOGOUNOU,2025,Février,2,0.0,0.0
GOGOUNOU,2025,Mars,3,0.0,0.0
GOGOUNOU,2025,Avril,4,0.0,0.0
GOGOUNOU,2025,Mai,5,119.675,6.0
GOGOUNOU,2025,Juin,6,65.4375,6.0
GOGOUNOU,2025,Juillet,7,265.0,13.0
GOGOUNOU,2025,Août,8,234.0,11.0
GOGOUNOU,2025,Septembre,9,167.1875,12.0
GOGOUNOU,2025,Octobre,10,0.0,0.0
GOGOUNOU,2025,Novembre,11,0.0,0.0
GOGOUNOU,2025,Décembre,12,0.0,0.0
KANDI,2025,Janvier,1,0.0,0.0
KANDI,2025,Février,2,0.0,0.0
KANDI,2025,Mars,3,0.0,0.0
KANDI,2025,Avril,4,0.6666666666666666,1.0
KANDI,2025,Mai,5,143.50454545454545,8.0
KANDI,2025,Juin,6,74.68181818181819,7.0
KANDI,2025,Juillet,7,378.75,15.0
KANDI,2025,Août,8,290.625,11.0
KANDI,2025,Septembre,9,200.5,15.0
KANDI,2025,Octobre,10,0.0,0.0
KANDI,2025,Novembre,11,0.0,0.0
KANDI,2025,Décembre,12,0.0,0.0
KARIMAMA,2025,Janvier,1,0.0,0.0
KARIMAMA,2025,Février,2,0.0,0.0
KARIMAMA,2025,Mars,3,0.0,0.0
KARIMAMA,2025,Avril,4,0.0,0.0
KARIMAMA,2025,Mai,5,41.66666666666667,3.0
KARIMAMA,2025,Juin,6,93.83333333333334,4.0
KARIMAMA,2025,Juillet,7,175.66666666666666,9.0
KARIMAMA,2025,Août,8,181.5,9.0
KARIMAMA,2025,Septembre,9,139.64999999999998,7.0
KARIMAMA,2025,Octobre,10,0.0,0.0
KARIMAMA,2025,Novembre,11,0.0,0.0
KARIMAMA,2025,Décembre,12,0.0,0.0
MALANVILLE,2025,Janvier,1,0.0,0.0
MALANVILLE,2025,Février,2,0.0,0.0
MALANVILLE,2025,Mars,3,0.0,0.0
MALANVILLE,2025,Avril,4,0.0,0.0
MALANVILLE,2025,Mai,5,91.68333333333334,5.0
MALANVILLE,2025,Juin,6,56.45,7.0
MALANVILLE,2025,Juillet,7,276.56666666666666,11.0
MALANVILLE,2025,Août,8,328.56666666666666,14.0
MALANVILLE,2025,Septembre,9,161.55,9.0
MALANVILLE,2025,Octobre,10,0.0,0.0
MALANVILLE,2025,Novembre,11,0.0,0.0
MALANVILLE,2025,Décembre,12,0.0,0.0
SEGBANA,2025,Janvier,1,0.0,0.0
SEGBANA,2025,Février,2,0.0,0.0
SEGBANA,2025,Mars,3,0.0,0.0
SEGBANA,2025,Avril,4,0.0,0.0
SEGBANA,2025,Mai,5,58.0,5.0
SEGBANA,2025,Juin,6,71.25,4.0
SEGBANA,2025,Juillet,7,295.2166666666667,14.0
SEGBANA,2025,Août,8,244.16666666666669,11.0
SEGBANA,2025,Septembre,9,169.2,13.0
SEGBANA,2025,Octobre,10,0.0,0.0
SEGBANA,2025,Novembre,11,0.0,0.0
SEGBANA,2025,Décembre,12,0.0,0.0
BOUKOUMBE,2025,Janvier,1,0.0,0.0
BOUKOUMBE,2025,Février,2,0.0,0.0
BOUKOUMBE,2025,Mars,3,11.66,1.0
BOUKOUMBE,2025,Avril,4,33.2,2.0
BOUKOUMBE,2025,Mai,5,66.2,5.0
BOUKOUMBE,2025,Juin,6,0.0,0.0
BOUKOUMBE,2025,Juillet,7,320.59999999999997,6.0
BOUKOUMBE,2025,Août,8,226.9,15.0
BOUKOUMBE,2025,Septembre,9,212.6,12.0
BOUKOUMBE,2025,Octobre,10,132.6,4.0
BOUKOUMBE,2025,Novembre,11,0.0,0.0
BOUKOUMBE,2025,Décembre,12,0.0,0.0
COBLY,2025,Janvier,1,0.0,0.0
COBLY,2025,Février,2,0.0,0.0
COBLY,2025,Mars,3,0.0,0.0
COBLY,2025,Avril,4,68.1,5.0
COBLY,2025,Mai,5,86.3,5.0
COBLY,2025,Juin,6,29.35,4.0
COBLY,2025,Juillet,7,204.4,9.0
COBLY,2025,Août,8,288.4,15.0
COBLY,2025,Septembre,9,229.0,14.0
COBLY,2025,Octobre,10,59.2,4.0
COBLY,2025,Novembre,11,0.0,0.0
COBLY,2025,Décembre,12,0.0,0.0
KEROU,2025,Janvier,1,0.0,0.0
KEROU,2025,Février,2,0.0,0.0
KEROU,2025,Mars,3,31.4,1.0
KEROU,2025,Avril,4,87.6,7.0
KEROU,2025,Mai,5,187.14999999999998,8.0
KEROU,2025,Juin,6,123.15,7.0
KEROU,2025,Juillet,7,270.69000000000005,20.0
KEROU,2025,Août,8,302.34999999999997,18.0
KEROU,2025,Septembre,9,241.60000000000002,13.0
KEROU,2025,Octobre,10,50.5,3.0
KEROU,2025,Novembre,11,0.0,0.0
KEROU,2025,Décembre,12,0.0,0.0
KOUANDE,2025,Janvier,1,0.0,0.0
KOUANDE,2025,Février,2,0.0,0.0
KOUANDE,2025,Mars,3,29.9,2.0
KOUANDE,2025,Avril,4,153.1,7.0
KOUANDE,2025,Mai,5,103.0,10.0
KOUANDE,2025,Juin,6,61.800000000000004,9.0
KOUANDE,2025,Juillet,7,369.51,18.0
KOUANDE,2025,Août,8,290.59999999999997,18.0
KOUANDE,2025,Septembre,9,209.89999999999998,18.0
KOUANDE,2025,Octobre,10,44.9,5.0
KOUANDE,2025,Novembre,11,0.0,0.0
KOUANDE,2025,Décembre,12,0.0,0.0
MATERI,2025,Janvier,1,0.0,0.0
MATERI,2025,Février,2,0.0,0.0
MATERI,2025,Mars,3,0.0,0.0
MATERI,2025,Avril,4,41.64,3.0
MATERI,2025,Mai,5,58.525,4.0
MATERI,2025,Juin,6,1.75,1.0
MATERI,2025,Juillet,7,198.575,7.0
MATERI,2025,Août,8,272.02500000000003,12.0
MATERI,2025,Septembre,9,297.95,12.0
MATERI,2025,Octobre,10,88.15,4.0
MATERI,2025,Novembre,11,0.0,0.0
MATERI,2025,Décembre,12,0.0,0.0
NATITINGOU,2025,Janvier,1,0.0,0.0
NATITINGOU,2025,Février,2,0.0,0.0
NATITINGOU,2025,Mars,3,9.0,2.0
NATITINGOU,2025,Avril,4,129.0,6.0
NATITINGOU,2025,Mai,5,74.0,6.0
NATITINGOU,2025,Juin,6,74.0,6.0
NATITINGOU,2025,Juillet,7,171.0,13.0
NATITINGOU,2025,Août,8,213.5,14.0
NATITINGOU,2025,Septembre,9,164.0,10.0
NATITINGOU,2025,Octobre,10,131.0,7.0
NATITINGOU,2025,Novembre,11,0.0,0.0
NATITINGOU,2025,Décembre,12,0.0,0.0
PEHUNCO,2025,Janvier,1,0.0,0.0
PEHUNCO,2025,Février,2,0.0,0.0
PEHUNCO,2025,Mars,3,25.7,1.0
PEHUNCO,2025,Avril,4,53.7,4.0
PEHUNCO,2025,Mai,5,134.1,9.0
PEHUNCO,2025,Juin,6,88.9,8.0
PEHUNCO,2025,Juillet,7,304.29999999999995,19.0
PEHUNCO,2025,Août,8,403.2,19.0
PEHUNCO,2025,Septembre,9,193.5,13.0
PEHUNCO,2025,Octobre,10,40.6,6.0
PEHUNCO,2025,Novembre,11,0.0,0.0
PEHUNCO,2025,Décembre,12,0.0,0.0
TANGUIETA,2025,Janvier,1,0.0,0.0
TANGUIETA,2025,Février,2,0.0,0.0
TANGUIETA,2025,Mars,3,8.3,1.0
TANGUIETA,2025,Avril,4,55.8,3.0
TANGUIETA,2025,Mai,5,81.65,5.0
TANGUIETA,2025,Juin,6,18.5,3.0
TANGUIETA,2025,Juillet,7,209.9,6.0
TANGUIETA,2025,Août,8,248.15000000000003,13.0
TANGUIETA,2025,Septembre,9,169.0,11.0
TANGUIETA,2025,Octobre,10,103.0,3.0
TANGUIETA,2025,Novembre,11,0.0,0.0
TANGUIETA,2025,Décembre,12,0.0,0.0
TOUCOUNTOUNA,2025,Janvier,1,0.0,0.0
TOUCOUNTOUNA,2025,Février,2,0.0,0.0
TOUCOUNTOUNA,2025,Mars,3,5.0,1.0
TOUCOUNTOUNA,2025,Avril,4,75.2,4.0
TOUCOUNTOUNA,2025,Mai,5,64.9,6.0
TOUCOUNTOUNA,2025,Juin,6,74.6,4.0
TOUCOUNTOUNA,2025,Juillet,7,178.6,11.0
TOUCOUNTOUNA,2025,Août,8,215.6,13.0
TOUCOUNTOUNA,2025,Septembre,9,172.60000000000002,9.0
TOUCOUNTOUNA,2025,Octobre,10,108.1,5.0
TOUCOUNTOUNA,2025,Novembre,11,0.0,0.0
TOUCOUNTOUNA,2025,Décembre,12,0.0,0.0
BASSILA,2025,Janvier,1,0.0,0.0
BASSILA,2025,Février,2,0.0,0.0
BASSILA,2025,Mars,3,24.166666666666664,4.0
BASSILA,2025,Avril,4,96.56666666666668,4.0
BASSILA,2025,Mai,5,60.93333333333334,5.0
BASSILA,2025,Juin,6,70.9,8.0
BASSILA,2025,Juillet,7,126.1,7.0
BASSILA,2025,Août,8,117.93333333333334,11.0
BASSILA,2025,Septembre,9,163.0333333333333,11.0
BASSILA,2025,Octobre,10,55.366666666666674,5.0
BASSILA,2025,Novembre,11,0.0,0.0
BASSILA,2025,Décembre,12,0.0,0.0
COPARGO,2025,Janvier,1,0.0,0.0
COPARGO,2025,Février,2,0.0,0.0
COPARGO,2025,Mars,3,18.53333333333333,5.0
COPARGO,2025,Avril,4,64.36666666666666,5.0
COPARGO,2025,Mai,5,76.16666666666669,7.0
COPARGO,2025,Juin,6,73.49166666666666,6.0
COPARGO,2025,Juillet,7,150.29999999999998,9.0
COPARGO,2025,Août,8,168.64166666666665,10.0
COPARGO,2025,Septembre,9,163.92499999999998,10.0
COPARGO,2025,Octobre,10,51.74166666666667,4.0
COPARGO,2025,Novembre,11,0.0,0.0
COPARGO,2025,Décembre,12,0.0,0.0
DJOUGOU,2025,Janvier,1,0.0,0.0
DJOUGOU,2025,Février,2,0.0,0.0
DJOUGOU,2025,Mars,3,28.8,0.0
DJOUGOU,2025,Avril,4,60.625,4.0
DJOUGOU,2025,Mai,5,64.375,6.0
DJOUGOU,2025,Juin,6,76.25,7.0
DJOUGOU,2025,Juillet,7,212.5,11.0
DJOUGOU,2025,Août,8,225.25,10.0
DJOUGOU,2025,Septembre,9,192.525,10.0
DJOUGOU,2025,Octobre,10,52.0,4.0
DJOUGOU,2025,Novembre,11,0.0,0.0
DJOUGOU,2025,Décembre,12,0.0,0.0
OUAKE,2025,Janvier,1,0.0,0.0
OUAKE,2025,Février,2,0.0,0.0
OUAKE,2025,Mars,3,5.033333333333333,0.0
OUAKE,2025,Avril,4,36.7,3.0
OUAKE,2025,Mai,5,96.16666666666666,6.0
OUAKE,2025,Juin,6,56.5,5.0
OUAKE,2025,Juillet,7,62.06666666666666,9.0
OUAKE,2025,Août,8,100.19999999999999,8.0
OUAKE,2025,Septembre,9,141.63333333333333,9.0
OUAKE,2025,Octobre,10,27.099999999999998,3.0
OUAKE,2025,Novembre,11,0.0,0.0
OUAKE,2025,Décembre,12,0.0,0.0
ABOMEY,2025,Janvier,1,84.875,7.0
ABOMEY,2025,Février,2,10.75,2.0
ABOMEY,2025,Mars,3,79.0,5.0
ABOMEY,2025,Avril,4,81.5,5.0
ABOMEY,2025,Mai,5,81.5,5.0
ABOMEY,2025,Juin,6,81.5,6.0
ABOMEY,2025,Juillet,7,68.0,4.0
ABOMEY,2025,Août,8,67.5,6.0
ABOMEY,2025,Septembre,9,84.875,7.0
ABOMEY,2025,Octobre,10,59.25,7.0
ABOMEY,2025,Novembre,11,42.0,4.0
ABOMEY,2025,Décembre,12,3.5,1.0
AGBANGNIZOUN,2025,Janvier,1,175.33333333333331,8.0
AGBANGNIZOUN,2025,Février,2,48.70666666666666,3.0
AGBANGNIZOUN,2025,Mars,3,87.0,5.0
AGBANGNIZOUN,2025,Avril,4,86.86666666666666,4.0
AGBANGNIZOUN,2025,Mai,5,86.86666666666666,4.0
AGBANGNIZOUN,2025,Juin,6,96.67666666666668,6.0
AGBANGNIZOUN,2025,Juillet,7,36.0,2.0
AGBANGNIZOUN,2025,Août,8,61.43333333333334,3.0
AGBANGNIZOUN,2025,Septembre,9,175.33333333333331,8.0
AGBANGNIZOUN,2025,Octobre,10,56.16666666666667,5.0
AGBANGNIZOUN,2025,Novembre,11,51.766666666666666,4.0
AGBANGNIZOUN,2025,Décembre,12,0.0,0.0
BOHICON,2025,Janvier,1,125.0,10.0
BOHICON,2025,Février,2,67.80000000000001,3.0
BOHICON,2025,Mars,3,74.0,6.0
BOHICON,2025,Avril,4,56.66666666666667,4.0
BOHICON,2025,Mai,5,56.66666666666667,4.0
BOHICON,2025,Juin,6,88.83333333333334,5.0
BOHICON,2025,Juillet,7,59.96666666666667,4.0
BOHICON,2025,Août,8,68.60000000000001,6.0
BOHICON,2025,Septembre,9,125.0,10.0
BOHICON,2025,Octobre,10,104.56666666666668,9.0
BOHICON,2025,Novembre,11,49.333333333333336,5.0
BOHICON,2025,Décembre,12,8.666666666666666,1.0
COVE,2025,Janvier,1,129.0,10.0
COVE,2025,Février,2,11.4,1.0
COVE,2025,Mars,3,66.06666666666666,4.0
COVE,2025,Avril,4,71.0,6.0
COVE,2025,Mai,5,71.0,6.0
COVE,2025,Juin,6,115.33333333333334,7.0
COVE,2025,Juillet,7,35.333333333333336,2.0
COVE,2025,Août,8,47.66666666666667,4.0
COVE,2025,Septembre,9,129.0,10.0
COVE,2025,Octobre,10,66.33333333333333,6.0
COVE,2025,Novembre,11,37.666666666666664,4.0
COVE,2025,Décembre,12,1.1666666666666667,1.0
DJIDJA,2025,Janvier,1,92.2,9.0
DJIDJA,2025,Février,2,55.44,3.0
DJIDJA,2025,Mars,3,57.28,5.0
DJIDJA,2025,Avril,4,73.92,4.0
DJIDJA,2025,Mai,5,73.92,4.0
DJIDJA,2025,Juin,6,78.14,7.0
DJIDJA,2025,Juillet,7,80.03999999999999,5.0
DJIDJA,2025,Août,8,67.48,5.0
DJIDJA,2025,Septembre,9,92.2,9.0
DJIDJA,2025,Octobre,10,68.75999999999999,6.0
DJIDJA,2025,Novembre,11,30.700000000000003,3.0
DJIDJA,2025,Décembre,12,0.0,0.0
OUINHI,2025,Janvier,1,130.675,12.0
OUINHI,2025,Février,2,15.25,1.0
OUINHI,2025,Mars,3,44.349999999999994,4.0
OUINHI,2025,Avril,4,64.55,6.0
OUINHI,2025,Mai,5,64.55,6.0
OUINHI,2025,Juin,6,133.975,7.0
OUINHI,2025,Juillet,7,35.375,3.0
OUINHI,2025,Août,8,64.3,5.0
OUINHI,2025,Septembre,9,130.675,12.0
OUINHI,2025,Octobre,10,96.45,9.0
OUINHI,2025,Novembre,11,32.675,5.0
OUINHI,2025,Décembre,12,2.6,2.0
ZAGNANADO,2025,Janvier,1,101.5,8.0
ZAGNANADO,2025,Février,2,26.375,2.0
ZAGNANADO,2025,Mars,3,58.0,4.0
ZAGNANADO,2025,Avril,4,85.05,6.0
ZAGNANADO,2025,Mai,5,85.05,6.0
ZAGNANADO,2025,Juin,6,147.15,8.0
ZAGNANADO,2025,Juillet,7,70.0,4.0
ZAGNANADO,2025,Août,8,36.1,4.0
ZAGNANADO,2025,Septembre,9,101.5,8.0
ZAGNANADO,2025,Octobre,10,87.025,8.0
ZAGNANADO,2025,Novembre,11,37.125,5.0
ZAGNANADO,2025,Décembre,12,0.0,0.0
ZA-KPOTA,2025,Janvier,1,144.66666666666666,8.0
ZA-KPOTA,2025,Février,2,26.333333333333336,2.0
ZA-KPOTA,2025,Mars,3,63.0,5.0
ZA-KPOTA,2025,Avril,4,77.33333333333333,4.0
ZA-KPOTA,2025,Mai,5,77.33333333333333,4.0
ZA-KPOTA,2025,Juin,6,143.33333333333334,7.0
ZA-KPOTA,2025,Juillet,7,50.0,4.0
ZA-KPOTA,2025,Août,8,40.33333333333333,3.0
ZA-KPOTA,2025,Septembre,9,144.66666666666666,8.0
ZA-KPOTA,2025,Octobre,10,105.33333333333333,8.0
ZA-KPOTA,2025,Novembre,11,25.0,3.0
ZA-KPOTA,2025,Décembre,12,9.333333333333334,1.0
ZOGBODOMEY,2025,Janvier,1,151.375,10.0
ZOGBODOMEY,2025,Février,2,24.0,2.0
ZOGBODOMEY,2025,Mars,3,61.875,6.0
ZOGBODOMEY,2025,Avril,4,99.85,5.0
ZOGBODOMEY,2025,Mai,5,99.85,5.0
ZOGBODOMEY,2025,Juin,6,153.625,6.0
ZOGBODOMEY,2025,Juillet,7,46.0,3.0
ZOGBODOMEY,2025,Août,8,30.5,4.0
ZOGBODOMEY,2025,Septembre,9,151.375,10.0
ZOGBODOMEY,2025,Octobre,10,137.6,10.0
ZOGBODOMEY,2025,Novembre,11,36.25,3.0
ZOGBODOMEY,2025,Décembre,12,7.25,1.0
BANTE,2025,Janvier,1,96.80666666666666,8.0
BANTE,2025,Février,2,19.5,3.0
BANTE,2025,Mars,3,51.63333333333334,3.0
BANTE,2025,Avril,4,125.66666666666666,7.0
BANTE,2025,Mai,5,125.66666666666666,7.0
BANTE,2025,Juin,6,80.35666666666665,6.0
BANTE,2025,Juillet,7,176.26333333333332,10.0
BANTE,2025,Août,8,165.28833333333336,9.0
BANTE,2025,Septembre,9,96.80666666666666,8.0
BANTE,2025,Octobre,10,108.61166666666665,8.0
BANTE,2025,Novembre,11,0.17,1.0
BANTE,2025,Décembre,12,0.0,0.0
DASSA-ZOUME,2025,Janvier,1,144.08,8.0
DASSA-ZOUME,2025,Février,2,0.0,0.0
DASSA-ZOUME,2025,Mars,3,119.0,7.0
DASSA-ZOUME,2025,Avril,4,83.6,4.0
DASSA-ZOUME,2025,Mai,5,83.6,4.0
DASSA-ZOUME,2025,Juin,6,43.66,4.0
DASSA-ZOUME,2025,Juillet,7,100.53399999999999,4.0
DASSA-ZOUME,2025,Août,8,123.67200000000001,6.0
DASSA-ZOUME,2025,Septembre,9,144.08,8.0
DASSA-ZOUME,2025,Octobre,10,122.352,7.0
DASSA-ZOUME,2025,Novembre,11,6.044,1.0
DASSA-ZOUME,2025,Décembre,12,0.0,0.0
GLAZOUE,2025,Janvier,1,104.27714285714285,7.0
GLAZOUE,2025,Février,2,0.7142857142857143,1.0
GLAZOUE,2025,Mars,3,57.31428571428572,4.0
GLAZOUE,2025,Avril,4,69.86428571428571,5.0
GLAZOUE,2025,Mai,5,69.86428571428571,5.0
GLAZOUE,2025,Juin,6,39.871428571428574,3.0
GLAZOUE,2025,Juillet,7,93.10857142857144,6.0
GLAZOUE,2025,Août,8,90.64428571428572,8.0
GLAZOUE,2025,Septembre,9,104.27714285714285,7.0
GLAZOUE,2025,Octobre,10,64.25571428571429,5.0
GLAZOUE,2025,Novembre,11,4.14,1.0
GLAZOUE,2025,Décembre,12,0.0,0.0
OUESSE,2025,Janvier,1,94.28800000000001,9.0
OUESSE,2025,Février,2,3.6,1.0
OUESSE,2025,Mars,3,105.26,5.0
OUESSE,2025,Avril,4,71.2,4.0
OUESSE,2025,Mai,5,71.2,4.0
OUESSE,2025,Juin,6,95.4,5.0
OUESSE,2025,Juillet,7,249.45200000000003,33.0
OUESSE,2025,Août,8,57.41199999999999,7.0
OUESSE,2025,Septembre,9,94.28800000000001,9.0
OUESSE,2025,Octobre,10,38.012,6.0
OUESSE,2025,Novembre,11,5.576,1.0
OUESSE,2025,Décembre,12,0.0,0.0
SAVALOU,2025,Janvier,1,99.552,7.0
SAVALOU,2025,Février,2,22.0,1.0
SAVALOU,2025,Mars,3,99.0,3.0
SAVALOU,2025,Avril,4,106.1,5.0
SAVALOU,2025,Mai,5,106.1,5.0
SAVALOU,2025,Juin,6,90.19999999999999,3.0
SAVALOU,2025,Juillet,7,80.858,4.0
SAVALOU,2025,Août,8,86.768,4.0
SAVALOU,2025,Septembre,9,99.552,7.0
SAVALOU,2025,Octobre,10,51.884,5.0
SAVALOU,2025,Novembre,11,2.9240000000000004,1.0
SAVALOU,2025,Décembre,12,0.0,0.0
SAVE,2025,Janvier,1,76.03999999999999,8.0
SAVE,2025,Février,2,0.25,1.0
SAVE,2025,Mars,3,44.5,4.0
SAVE,2025,Avril,4,104.0,4.0
SAVE,2025,Mai,5,104.0,4.0
SAVE,2025,Juin,6,123.8,6.0
SAVE,2025,Juillet,7,95.9325,6.0
SAVE,2025,Août,8,63.57999999999999,6.0
SAVE,2025,Septembre,9,76.03999999999999,8.0
SAVE,2025,Octobre,10,61.965,7.0
SAVE,2025,Novembre,11,4.845,1.0
SAVE,2025,Décembre,12,0.0,0.0
ATHIEME,2025,Janvier,1,2.3333333333333335,1.0
ATHIEME,2025,Février,2,42.400000000000006,5.0
ATHIEME,2025,Mars,3,45.666666666666664,6.0
ATHIEME,2025,Avril,4,103.58333333333334,6.0
ATHIEME,2025,Mai,5,168.2,10.0
ATHIEME,2025,Juin,6,243.3,11.0
ATHIEME,2025,Juillet,7,8.2,2.0
ATHIEME,2025,Août,8,28.5,5.0
ATHIEME,2025,Septembre,9,62.166666666666664,6.0
ATHIEME,2025,Octobre,10,183.85000000000002,10.0
ATHIEME,2025,Novembre,11,36.35,6.0
ATHIEME,2025,Décembre,12,58.8,5.0
BOPA,2025,Janvier,1,0.0,0.0
BOPA,2025,Février,2,20.15,3.0
BOPA,2025,Mars,3,35.9,4.0
BOPA,2025,Avril,4,63.25,6.0
BOPA,2025,Mai,5,133.9,7.0
BOPA,2025,Juin,6,241.05,13.0
BOPA,2025,Juillet,7,2.5,2.0
BOPA,2025,Août,8,27.05,9.0
BOPA,2025,Septembre,9,64.89999999999999,8.0
BOPA,2025,Octobre,10,180.42,12.0
BOPA,2025,Novembre,11,155.1,12.0
BOPA,2025,Décembre,12,24.75,4.0
COME,2025,Janvier,1,0.0,0.0
COME,2025,Février,2,44.5,2.0
COME,2025,Mars,3,19.0,3.0
COME,2025,Avril,4,80.66666666666666,7.0
COME,2025,Mai,5,52.25,6.0
COME,2025,Juin,6,141.91666666666666,11.0
COME,2025,Juillet,7,1.0,1.0
COME,2025,Août,8,11.833333333333334,4.0
COME,2025,Septembre,9,82.83333333333334,9.0
COME,2025,Octobre,10,139.16666666666669,9.0
COME,2025,Novembre,11,125.91666666666667,9.0
COME,2025,Décembre,12,59.88333333333334,5.0
GRAND-POPO,2025,Janvier,1,0.0,0.0
GRAND-POPO,2025,Février,2,38.333333333333336,1.0
GRAND-POPO,2025,Mars,3,6.166666666666667,2.0
GRAND-POPO,2025,Avril,4,100.5,7.0
GRAND-POPO,2025,Mai,5,65.33333333333333,4.0
GRAND-POPO,2025,Juin,6,165.7166666666667,10.0
GRAND-POPO,2025,Juillet,7,2.5,1.0
GRAND-POPO,2025,Août,8,10.766666666666667,5.0
GRAND-POPO,2025,Septembre,9,94.39999999999999,9.0
GRAND-POPO,2025,Octobre,10,137.36666666666667,11.0
GRAND-POPO,2025,Novembre,11,77.66666666666667,7.0
GRAND-POPO,2025,Décembre,12,52.833333333333336,3.0
HOUEYOGBE,2025,Janvier,1,0.0,0.0
HOUEYOGBE,2025,Février,2,51.583333333333336,5.0
HOUEYOGBE,2025,Mars,3,24.066666666666666,4.0
HOUEYOGBE,2025,Avril,4,93.5,8.0
HOUEYOGBE,2025,Mai,5,153.25,8.0
HOUEYOGBE,2025,Juin,6,203.05,10.0
HOUEYOGBE,2025,Juillet,7,0.5,1.0
HOUEYOGBE,2025,Août,8,19.299999999999997,5.0
HOUEYOGBE,2025,Septembre,9,83.20000000000002,6.0
HOUEYOGBE,2025,Octobre,10,172.85,11.0
HOUEYOGBE,2025,Novembre,11,86.89999999999999,7.0
HOUEYOGBE,2025,Décembre,12,35.5,4.0
LOKOSSA,2025,Janvier,1,8.299999999999999,1.0
LOKOSSA,2025,Février,2,31.35,4.0
LOKOSSA,2025,Mars,3,124.85,11.0
LOKOSSA,2025,Avril,4,83.95000000000002,8.0
LOKOSSA,2025,Mai,5,187.8,12.0
LOKOSSA,2025,Juin,6,162.7,12.0
LOKOSSA,2025,Juillet,7,1.5,2.0
LOKOSSA,2025,Août,8,25.65,6.0
LOKOSSA,2025,Septembre,9,145.45000000000002,10.0
LOKOSSA,2025,Octobre,10,210.14999999999998,16.0
LOKOSSA,2025,Novembre,11,119.6,10.0
LOKOSSA,2025,Décembre,12,16.25,2.0
APLAHOUE,2025,Janvier,1,0.0,0.0
APLAHOUE,2025,Février,2,20.9625,2.0
APLAHOUE,2025,Mars,3,59.737500000000004,4.0
APLAHOUE,2025,Avril,4,69.4875,3.0
APLAHOUE,2025,Mai,5,127.9375,6.0
APLAHOUE,2025,Juin,6,113.67499999999998,7.0
APLAHOUE,2025,Juillet,7,25.4375,3.0
APLAHOUE,2025,Août,8,47.58125,4.0
APLAHOUE,2025,Septembre,9,102.2875,5.0
APLAHOUE,2025,Octobre,10,60.699999999999996,5.0
APLAHOUE,2025,Novembre,11,49.612500000000004,3.0
APLAHOUE,2025,Décembre,12,21.9,3.0
DJAKOTOMEY,2025,Janvier,1,0.0,0.0
DJAKOTOMEY,2025,Février,2,57.5,3.0
DJAKOTOMEY,2025,Mars,3,79.58333333333333,4.0
DJAKOTOMEY,2025,Avril,4,139.5,6.0
DJAKOTOMEY,2025,Mai,5,156.66666666666669,8.0
DJAKOTOMEY,2025,Juin,6,194.25,12.0
DJAKOTOMEY,2025,Juillet,7,20.333333333333336,3.0
DJAKOTOMEY,2025,Août,8,32.5,3.0
DJAKOTOMEY,2025,Septembre,9,140.91666666666666,10.0
DJAKOTOMEY,2025,Octobre,10,122.33333333333334,7.0
DJAKOTOMEY,2025,Novembre,11,69.25,5.0
DJAKOTOMEY,2025,Décembre,12,17.166666666666668,2.0
DOGBO,2025,Janvier,1,0.0,0.0
DOGBO,2025,Février,2,66.38000000000001,4.0
DOGBO,2025,Mars,3,102.56,6.0
DOGBO,2025,Avril,4,89.78,6.0
DOGBO,2025,Mai,5,106.03999999999999,7.0
DOGBO,2025,Juin,6,202.3,12.0
DOGBO,2025,Juillet,7,6.4,1.0
DOGBO,2025,Août,8,5.06,2.0
DOGBO,2025,Septembre,9,94.51999999999998,9.0
DOGBO,2025,Octobre,10,76.46000000000001,8.0
DOGBO,2025,Novembre,11,34.5,5.0
DOGBO,2025,Décembre,12,15.5,1.0
KLOUEKANME,2025,Janvier,1,0.0,0.0
KLOUEKANME,2025,Février,2,23.371428571428574,2.0
KLOUEKANME,2025,Mars,3,34.07142857142857,3.0
KLOUEKANME,2025,Avril,4,45.41428571428571,3.0
KLOUEKANME,2025,Mai,5,60.21428571428571,5.0
KLOUEKANME,2025,Juin,6,74.95714285714286,6.0
KLOUEKANME,2025,Juillet,7,10.9,2.0
KLOUEKANME,2025,Août,8,22.144285714285715,3.0
KLOUEKANME,2025,Septembre,9,64.85714285714286,5.0
KLOUEKANME,2025,Octobre,10,46.82857142857143,5.0
KLOUEKANME,2025,Novembre,11,24.00014285714286,2.0
KLOUEKANME,2025,Décembre,12,12.000000000000002,2.0
LALO,2025,Janvier,1,0.0,0.0
LALO,2025,Février,2,28.75,3.0
LALO,2025,Mars,3,15.5,3.0
LALO,2025,Avril,4,32.25,3.0
LALO,2025,Mai,5,82.0,6.0
LALO,2025,Juin,6,98.875,8.0
LALO,2025,Juillet,7,5.75,1.0
LALO,2025,Août,8,5.75,2.0
LALO,2025,Septembre,9,54.0,5.0
LALO,2025,Octobre,10,49.75,4.0
LALO,2025,Novembre,11,12.25,2.0
LALO,2025,Décembre,12,4.25,2.0
TOVIKLIN,2025,Janvier,1,0.0,0.0
TOVIKLIN,2025,Février,2,69.39999999999999,3.0
TOVIKLIN,2025,Mars,3,28.6,4.0
TOVIKLIN,2025,Avril,4,82.08,4.0
TOVIKLIN,2025,Mai,5,133.8,6.0
TOVIKLIN,2025,Juin,6,100.0,7.0
TOVIKLIN,2025,Juillet,7,6.4,1.0
TOVIKLIN,2025,Août,8,10.8,2.0
TOVIKLIN,2025,Septembre,9,80.0,6.0
TOVIKLIN,2025,Octobre,10,77.8,5.0
TOVIKLIN,2025,Novembre,11,34.0,3.0
TOVIKLIN,2025,Décembre,12,15.8,2.0
ADJARRA,2025,Janvier,1,0.0,0.0
ADJARRA,2025,Février,2,14.75,2.0
ADJARRA,2025,Mars,3,4.75,3.0
ADJARRA,2025,Avril,4,93.25,7.0
ADJARRA,2025,Mai,5,83.75,6.0
ADJARRA,2025,Juin,6,150.0,8.0
ADJARRA,2025,Juillet,7,42.5,4.0
ADJARRA,2025,Août,8,16.75,4.0
ADJARRA,2025,Septembre,9,144.4,9.0
ADJARRA,2025,Octobre,10,148.335,11.0
ADJARRA,2025,Novembre,11,106.44999999999999,10.0
ADJARRA,2025,Décembre,12,70.25,4.0
ADJOHOUN,2025,Janvier,1,5.3999999999999995,1.0
ADJOHOUN,2025,Février,2,42.4,4.0
ADJOHOUN,2025,Mars,3,79.66666666666666,6.0
ADJOHOUN,2025,Avril,4,126.43333333333332,9.0
ADJOHOUN,2025,Mai,5,54.8,4.0
ADJOHOUN,2025,Juin,6,187.33333333333337,12.0
ADJOHOUN,2025,Juillet,7,42.833333333333336,4.0
ADJOHOUN,2025,Août,8,10.733333333333333,5.0
ADJOHOUN,2025,Septembre,9,123.13333333333334,9.0
ADJOHOUN,2025,Octobre,10,167.06666666666666,12.0
ADJOHOUN,2025,Novembre,11,68.26666666666667,10.0
ADJOHOUN,2025,Décembre,12,2.1,2.0
AGUEGUES,2025,Janvier,1,0.0,0.0
AGUEGUES,2025,Février,2,56.0,2.0
AGUEGUES,2025,Mars,3,125.60000000000001,4.0
AGUEGUES,2025,Avril,4,87.4,5.0
AGUEGUES,2025,Mai,5,117.10000000000001,6.0
AGUEGUES,2025,Juin,6,198.39999999999998,12.0
AGUEGUES,2025,Juillet,7,25.1,3.0
AGUEGUES,2025,Août,8,19.9,3.0
AGUEGUES,2025,Septembre,9,222.2,8.0
AGUEGUES,2025,Octobre,10,507.5,17.0
AGUEGUES,2025,Novembre,11,107.0,8.0
AGUEGUES,2025,Décembre,12,19.2,3.0
AKPRO-MISSERETE,2025,Janvier,1,3.0,1.0
AKPRO-MISSERETE,2025,Février,2,66.15,4.0
AKPRO-MISSERETE,2025,Mars,3,78.9,7.0
AKPRO-MISSERETE,2025,Avril,4,116.05,7.0
AKPRO-MISSERETE,2025,Mai,5,89.4,6.0
AKPRO-MISSERETE,2025,Juin,6,206.3,13.0
AKPRO-MISSERETE,2025,Juillet,7,36.1,4.0
AKPRO-MISSERETE,2025,Août,8,42.55,7.0
AKPRO-MISSERETE,2025,Septembre,9,149.75,11.0
AKPRO-MISSERETE,2025,Octobre,10,277.54999999999995,14.0
AKPRO-MISSERETE,2025,Novembre,11,162.60000000000002,10.0
AKPRO-MISSERETE,2025,Décembre,12,35.05,3.0
AVRANKOU,2025,Janvier,1,0.0,0.0
AVRANKOU,2025,Février,2,42.0,3.0
AVRANKOU,2025,Mars,3,42.3,2.0
AVRANKOU,2025,Avril,4,83.2,7.0
AVRANKOU,2025,Mai,5,99.5,5.0
AVRANKOU,2025,Juin,6,140.0,10.0
AVRANKOU,2025,Juillet,7,41.5,6.0
AVRANKOU,2025,Août,8,25.0,3.0
AVRANKOU,2025,Septembre,9,121.5,9.0
AVRANKOU,2025,Octobre,10,166.0,11.0
AVRANKOU,2025,Novembre,11,134.0,11.0
AVRANKOU,2025,Décembre,12,5.0,1.0
BONOU,2025,Janvier,1,0.0,0.0
BONOU,2025,Février,2,50.400000000000006,3.0
BONOU,2025,Mars,3,99.55,5.0
BONOU,2025,Avril,4,77.705,5.0
BONOU,2025,Mai,5,158.6,5.0
BONOU,2025,Juin,6,310.15000000000003,11.0
BONOU,2025,Juillet,7,34.900000000000006,1.0
BONOU,2025,Août,8,58.150000000000006,2.0
BONOU,2025,Septembre,9,162.5,5.0
BONOU,2025,Octobre,10,250.75,12.0
BONOU,2025,Novembre,11,39.55,4.0
BONOU,2025,Décembre,12,1.5,1.0
DANGBO,2025,Janvier,1,0.0,0.0
DANGBO,2025,Février,2,18.5,4.0
DANGBO,2025,Mars,3,77.1,6.0
DANGBO,2025,Avril,4,101.5,7.0
DANGBO,2025,Mai,5,77.39999999999999,6.0
DANGBO,2025,Juin,6,185.4,10.0
DANGBO,2025,Juillet,7,30.3,4.0
DANGBO,2025,Août,8,21.5,6.0
DANGBO,2025,Septembre,9,142.5,7.0
DANGBO,2025,Octobre,10,295.5,13.0
DANGBO,2025,Novembre,11,189.89999999999998,8.0
DANGBO,2025,Décembre,12,31.0,3.0
PORTO-NOVO,2025,Janvier,1,0.0,0.0
PORTO-NOVO,2025,Février,2,15.5,2.0
PORTO-NOVO,2025,Mars,3,31.25,3.0
PORTO-NOVO,2025,Avril,4,104.5,6.0
PORTO-NOVO,2025,Mai,5,127.5,6.0
PORTO-NOVO,2025,Juin,6,203.0,11.0
PORTO-NOVO,2025,Juillet,7,37.25,5.0
PORTO-NOVO,2025,Août,8,18.0,7.0
PORTO-NOVO,2025,Septembre,9,181.25,12.0
PORTO-NOVO,2025,Octobre,10,163.75,11.0
PORTO-NOVO,2025,Novembre,11,118.75,9.0
PORTO-NOVO,2025,Décembre,12,52.75,5.0
SEME-PODJI,2025,Janvier,1,6.85,0.5
SEME-PODJI,2025,Février,2,21.7,2.0
SEME-PODJI,2025,Mars,3,58.05,5.0
SEME-PODJI,2025,Avril,4,172.05,6.0
SEME-PODJI,2025,Mai,5,242.45,10.5
SEME-PODJI,2025,Juin,6,422.35,10.5
SEME-PODJI,2025,Juillet,7,48.0,4.0
SEME-PODJI,2025,Août,8,53.85,4.0
SEME-PODJI,2025,Septembre,9,162.75,8.5
SEME-PODJI,2025,Octobre,10,254.3,10.5
SEME-PODJI,2025,Novembre,11,161.85,9.5
SEME-PODJI,2025,Décembre,12,42.7,4.5
ADJA-OUERE,2025,Janvier,1,0.0,0.0
ADJA-OUERE,2025,Février,2,41.0,2.0
ADJA-OUERE,2025,Mars,3,93.0,7.0
ADJA-OUERE,2025,Avril,4,109.33333333333333,7.0
ADJA-OUERE,2025,Mai,5,134.33333333333334,8.0
ADJA-OUERE,2025,Juin,6,280.6666666666667,13.0
ADJA-OUERE,2025,Juillet,7,50.66666666666667,3.0
ADJA-OUERE,2025,Août,8,23.333333333333336,6.0
ADJA-OUERE,2025,Septembre,9,205.33333333333334,7.0
ADJA-OUERE,2025,Octobre,10,234.33333333333331,13.0
ADJA-OUERE,2025,Novembre,11,39.66666666666667,4.0
ADJA-OUERE,2025,Décembre,12,1.0,1.0
IFANGNI,2025,Janvier,1,0.0,0.0
IFANGNI,2025,Février,2,87.0,5.0
IFANGNI,2025,Mars,3,126.0,6.0
IFANGNI,2025,Avril,4,253.0,9.0
IFANGNI,2025,Mai,5,119.0,6.0
IFANGNI,2025,Juin,6,383.0,9.0
IFANGNI,2025,Juillet,7,98.0,5.0
IFANGNI,2025,Août,8,16.0,5.0
IFANGNI,2025,Septembre,9,245.0,9.0
IFANGNI,2025,Octobre,10,345.0,9.0
IFANGNI,2025,Novembre,11,383.0,12.0
IFANGNI,2025,Décembre,12,27.0,1.0
KETOU,2025,Janvier,1,0.0,0.0
KETOU,2025,Février,2,29.333333333333332,1.0
KETOU,2025,Mars,3,65.66666666666666,6.0
KETOU,2025,Avril,4,105.33333333333334,8.0
KETOU,2025,Mai,5,111.33333333333334,6.0
KETOU,2025,Juin,6,239.66666666666669,11.0
KETOU,2025,Juillet,7,98.83333333333333,5.0
KETOU,2025,Août,8,59.333333333333336,4.0
KETOU,2025,Septembre,9,253.33333333333331,9.0
KETOU,2025,Octobre,10,126.50000000000001,10.0
KETOU,2025,Novembre,11,12.0,3.0
KETOU,2025,Décembre,12,38.16666666666667,3.0
POBE,2025,Janvier,1,0.0,0.0
POBE,2025,Février,2,46.666666666666664,2.0
POBE,2025,Mars,3,121.16666666666666,8.0
POBE,2025,Avril,4,131.0,7.0
POBE,2025,Mai,5,110.83333333333334,7.0
POBE,2025,Juin,6,242.83333333333331,13.0
POBE,2025,Juillet,7,79.66666666666667,6.0
POBE,2025,Août,8,48.333333333333336,5.0
POBE,2025,Septembre,9,215.76666666666665,11.0
POBE,2025,Octobre,10,192.33333333333334,11.0
POBE,2025,Novembre,11,72.66666666666667,4.0
POBE,2025,Décembre,12,9.0,1.0
SAKETE,2025,Janvier,1,3.0,1.0
SAKETE,2025,Février,2,38.76,4.0
SAKETE,2025,Mars,3,71.0,7.0
SAKETE,2025,Avril,4,101.64,8.0
SAKETE,2025,Mai,5,87.12,7.0
SAKETE,2025,Juin,6,205.486,12.0
SAKETE,2025,Juillet,7,67.82,4.0
SAKETE,2025,Août,8,33.76,4.0
SAKETE,2025,Septembre,9,255.59999999999997,9.0
SAKETE,2025,Octobre,10,195.66,12.0
SAKETE,2025,Novembre,11,154.92000000000002,11.0
SAKETE,2025,Décembre,12,25.68,2.0
ABOMEY-CALAVI,2025,Janvier,1,14.0,1.0
ABOMEY-CALAVI,2025,Février,2,0.0,0.0
ABOMEY-CALAVI,2025,Mars,3,35.0,3.0
ABOMEY-CALAVI,2025,Avril,4,192.0,9.0
ABOMEY-CALAVI,2025,Mai,5,111.0,4.0
ABOMEY-CALAVI,2025,Juin,6,275.0,10.0
ABOMEY-CALAVI,2025,Juillet,7,11.0,1.0
ABOMEY-CALAVI,2025,Août,8,23.0,4.0
ABOMEY-CALAVI,2025,Septembre,9,71.0,7.0
ABOMEY-CALAVI,2025,Octobre,10,244.0,7.0
ABOMEY-CALAVI,2025,Novembre,11,157.0,8.0
ABOMEY-CALAVI,2025,Décembre,12,25.0,2.0
ALLADA,2025,Janvier,1,33.5,2.5
ALLADA,2025,Février,2,46.5,2.5
ALLADA,2025,Mars,3,38.5,4.0
ALLADA,2025,Avril,4,71.75,4.0
ALLADA,2025,Mai,5,236.0,7.5
ALLADA,2025,Juin,6,201.0,11.5
ALLADA,2025,Juillet,7,14.5,2.5
ALLADA,2025,Août,8,13.0,2.0
ALLADA,2025,Septembre,9,91.0,7.0
ALLADA,2025,Octobre,10,314.5,12.0
ALLADA,2025,Novembre,11,171.5,10.0
ALLADA,2025,Décembre,12,48.25,3.0
KPOMASSE,2025,Janvier,1,10.0,1.0
KPOMASSE,2025,Février,2,38.0,3.0
KPOMASSE,2025,Mars,3,92.0,3.0
KPOMASSE,2025,Avril,4,75.0,4.0
KPOMASSE,2025,Mai,5,75.0,3.0
KPOMASSE,2025,Juin,6,214.0,11.0
KPOMASSE,2025,Juillet,7,10.0,2.0
KPOMASSE,2025,Août,8,9.0,1.0
KPOMASSE,2025,Septembre,9,106.0,4.0
KPOMASSE,2025,Octobre,10,146.0,11.0
KPOMASSE,2025,Novembre,11,77.0,5.0
KPOMASSE,2025,Décembre,12,31.0,4.0
OUIDAH,2025,Janvier,1,0.0,0.0
OUIDAH,2025,Février,2,1.3,1.0
OUIDAH,2025,Mars,3,85.15,4.5
OUIDAH,2025,Avril,4,127.69999999999999,8.5
OUIDAH,2025,Mai,5,59.650000000000006,7.0
OUIDAH,2025,Juin,6,260.0,12.5
OUIDAH,2025,Juillet,7,11.049999999999999,3.0
OUIDAH,2025,Août,8,9.5,3.5
OUIDAH,2025,Septembre,9,111.05,8.5
OUIDAH,2025,Octobre,10,188.1,11.5
OUIDAH,2025,Novembre,11,142.25,7.5
OUIDAH,2025,Décembre,12,102.4,6.0
SO-AVA,2025,Janvier,1,0.0,0.0
SO-AVA,2025,Février,2,9.0,2.0
SO-AVA,2025,Mars,3,59.0,3.0
SO-AVA,2025,Avril,4,89.0,7.0
SO-AVA,2025,Mai,5,108.0,6.0
SO-AVA,2025,Juin,6,126.0,7.0
SO-AVA,2025,Juillet,7,11.0,1.0
SO-AVA,2025,Août,8,17.0,3.0
SO-AVA,2025,Septembre,9,87.0,6.0
SO-AVA,2025,Octobre,10,114.0,9.0
SO-AVA,2025,Novembre,11,121.0,7.0
SO-AVA,2025,Décembre,12,18.0,2.0
TOFFO,2025,Janvier,1,0.0,0.0
TOFFO,2025,Février,2,93.5,5.0
TOFFO,2025,Mars,3,96.5,5.5
TOFFO,2025,Avril,4,100.0,4.5
TOFFO,2025,Mai,5,208.0,6.0
TOFFO,2025,Juin,6,291.0,12.5
TOFFO,2025,Juillet,7,4.0,0.5
TOFFO,2025,Août,8,25.5,3.5
TOFFO,2025,Septembre,9,149.5,7.5
TOFFO,2025,Octobre,10,344.5,18.5
TOFFO,2025,Novembre,11,163.5,8.0
TOFFO,2025,Décembre,12,24.0,1.0
TORI-BOSSITO,2025,Janvier,1,17.0,2.0
TORI-BOSSITO,2025,Février,2,42.0,1.5
TORI-BOSSITO,2025,Mars,3,69.0,4.0
TORI-BOSSITO,2025,Avril,4,97.0,5.5
TORI-BOSSITO,2025,Mai,5,118.0,4.5
TORI-BOSSITO,2025,Juin,6,159.0,8.5
TORI-BOSSITO,2025,Juillet,7,9.5,1.5
TORI-BOSSITO,2025,Août,8,19.5,5.0
TORI-BOSSITO,2025,Septembre,9,50.5,5.5
TORI-BOSSITO,2025,Octobre,10,234.5,11.0
TORI-BOSSITO,2025,Novembre,11,224.0,8.5
TORI-BOSSITO,2025,Décembre,12,65.5,5.0
ZE,2025,Janvier,1,0.0,0.0
ZE,2025,Février,2,88.0,3.0
ZE,2025,Mars,3,91.0,6.0
ZE,2025,Avril,4,97.0,5.0
ZE,2025,Mai,5,143.0,7.0
ZE,2025,Juin,6,288.0,13.0
ZE,2025,Juillet,7,11.0,1.0
ZE,2025,Août,8,23.0,2.0
ZE,2025,Septembre,9,90.0,3.0
ZE,2025,Octobre,10,175.0,12.0
ZE,2025,Novembre,11,138.0,9.0
ZE,2025,Décembre,12,42.0,4.0
COTONOU,2025,Janvier,1,0.0,0.0
COTONOU,2025,Février,2,10.01,1.0
COTONOU,2025,Mars,3,54.3,7.0
COTONOU,2025,Avril,4,102.4,9.0
COTONOU,2025,Mai,5,81.5,7.0
COTONOU,2025,Juin,6,188.5,10.0
COTONOU,2025,Juillet,7,19.799999999999997,5.0
COTONOU,2025,Août,8,1.5,3.0
COTONOU,2025,Septembre,9,82.1,8.0
COTONOU,2025,Octobre,10,101.5,11.0
COTONOU,2025,Novembre,11,52.4,8.0
COTONOU,2025,Décembre,12,25.2,3.0
